id,lemma,pos,senseKey,sourceCefr,cefrBandCandidate,primaryStageCandidate,levelBasis,primaryTopic,vocabularyLane,variants,sourceTopics,status,reviewStatus,reviewNeeds
pv_a_determiner,a,determiner,unspecified,A1,PRE_A1,PRE_A1_2,cefrj_plus_primary_heuristic,general_language,general_english,,,candidate,unreviewed,confirm_sense | confirm_primary_stage | add_learner_definition_en | add_learner_meaning_vi | add_forms_and_grammar | add_example_and_media
pv_a_m_adverb,a.m.,adverb,unspecified,A1,A1,A1_2,cefrj_plus_primary_heuristic,general_language,general_english,A.M. | am | AM,,candidate,unreviewed,confirm_sense | confirm_primary_stage | add_learner_definition_en | add_learner_meaning_vi | add_forms_and_grammar | add_example_and_media
pv_about_adverb,about,adverb,unspecified,A1,A1,A1_1,cefrj_plus_primary_heuristic,general_language,general_english,,,candidate,unreviewed,confirm_sense | confirm_primary_stage | add_learner_definition_en | add_learner_meaning_vi | add_forms_and_grammar | add_example_and_media
pv_about_preposition,about,preposition,unspecified,A1,PRE_A1,PRE_A1_1,cefrj_plus_primary_heuristic,general_language,general_english,,,candidate,unreviewed,confirm_sense | confirm_primary_stage | add_learner_definition_en | add_learner_meaning_vi | add_forms_and_grammar | add_example_and_media
pv_above_adverb,above,adverb,unspecified,A1,A1,A1_2,cefrj_plus_primary_heuristic,general_language,general_english,,,candidate,unreviewed,confirm_sense | confirm_primary_stage | add_learner_definition_en | add_learner_meaning_vi | add_forms_and_grammar | add_example_and_media
pv_above_preposition,above,preposition,unspecified,A1,PRE_A1,PRE_A1_1,cefrj_plus_primary_heuristic,general_language,general_english,,,candidate,unreviewed,confirm_sense | confirm_primary_stage | add_learner_definition_en | add_learner_meaning_vi | add_forms_and_grammar | add_example_and_media
pv_abroad_adverb,abroad,adverb,unspecified,A2,A2,A2_2,cefrj_plus_primary_heuristic,general_language,general_english,,,candidate,unreviewed,confirm_sense | confirm_primary_stage | add_learner_definition_en | add_learner_meaning_vi | add_forms_and_grammar | add_example_and_media
pv_accept_verb,accept,verb,unspecified,A2,A2,A2_1,cefrj_plus_primary_heuristic,general_language,general_english,,,candidate,unreviewed,confirm_sense | confirm_primary_stage | add_learner_definition_en | add_learner_meaning_vi | add_forms_and_grammar | add_example_and_media
pv_acceptable_adjective,acceptable,adjective,unspecified,A2,A2,A2_1,cefrj_plus_primary_heuristic,general_language,general_english,,,candidate,unreviewed,confirm_sense | confirm_primary_stage | add_learner_definition_en | add_learner_meaning_vi | add_forms_and_grammar | add_example_and_media
pv_achieve_verb,achieve,verb,unspecified,A2,A2,A2_1,cefrj_plus_primary_heuristic,general_language,general_english,,,candidate,unreviewed,confirm_sense | confirm_primary_stage | add_learner_definition_en | add_learner_meaning_vi | add_forms_and_grammar | add_example_and_media
pv_across_adverb,across,adverb,unspecified,A2,A2,A2_2,cefrj_plus_primary_heuristic,general_language,general_english,,,candidate,unreviewed,confirm_sense | confirm_primary_stage | add_learner_definition_en | add_learner_meaning_vi | add_forms_and_grammar | add_example_and_media
pv_across_preposition,across,preposition,unspecified,A2,A2,A2_2,cefrj_plus_primary_heuristic,general_language,general_english,,,candidate,unreviewed,confirm_sense | confirm_primary_stage | add_learner_definition_en | add_learner_meaning_vi | add_forms_and_grammar | add_example_and_media
pv_act_noun,act,noun,unspecified,A2,A2,A2_2,cefrj_plus_primary_heuristic,hobbies_free_time,general_english,,"Hobbies and pastimes | Free time, entertainment",candidate,unreviewed,confirm_sense | confirm_primary_stage | add_learner_definition_en | add_learner_meaning_vi | add_forms_and_grammar | add_example_and_media
pv_action_noun,action,noun,unspecified,A1,A1,A1_2,cefrj_plus_primary_heuristic,general_language,general_english,,,candidate,unreviewed,confirm_sense | confirm_primary_stage | add_learner_definition_en | add_learner_meaning_vi | add_forms_and_grammar | add_example_and_media
pv_activity_noun,activity,noun,unspecified,A1,PRE_A1,PRE_A1_1,cefrj_plus_primary_heuristic,hobbies_free_time,general_english,,"Leisure activities | Free time, entertainment",candidate,unreviewed,confirm_sense | confirm_primary_stage | add_learner_definition_en | add_learner_meaning_vi | add_forms_and_grammar | add_example_and_media
pv_actor_noun,actor,noun,unspecified,A1,PRE_A1,PRE_A1_2,cefrj_plus_primary_heuristic,jobs_community,general_english,,Work and Jobs | Film | Personal identification,candidate,unreviewed,confirm_sense | confirm_primary_stage | add_learner_definition_en | add_learner_meaning_vi | add_forms_and_grammar | add_example_and_media
pv_actually_adverb,actually,adverb,unspecified,A2,A2,A2_1,cefrj_plus_primary_heuristic,general_language,general_english,,,candidate,unreviewed,confirm_sense | confirm_primary_stage | add_learner_definition_en | add_learner_meaning_vi | add_forms_and_grammar | add_example_and_media
pv_add_verb,add,verb,unspecified,A1,PRE_A1,PRE_A1_1,cefrj_plus_primary_heuristic,general_language,general_english,,,candidate,unreviewed,confirm_sense | confirm_primary_stage | add_learner_definition_en | add_learner_meaning_vi | add_forms_and_grammar | add_example_and_media
pv_additional_adjective,additional,adjective,unspecified,A2,A2,A2_2,cefrj_plus_primary_heuristic,general_language,general_english,,,candidate,unreviewed,confirm_sense | confirm_primary_stage | add_learner_definition_en | add_learner_meaning_vi | add_forms_and_grammar | add_example_and_media
pv_address_noun,address,noun,unspecified,A1,A1,A1_2,cefrj_plus_primary_heuristic,personal_information,general_english,,Personal information | Personal identification,candidate,unreviewed,confirm_sense | confirm_primary_stage | add_learner_definition_en | add_learner_meaning_vi | add_forms_and_grammar | add_example_and_media
pv_adjust_verb,adjust,verb,unspecified,A2,A2,A2_1,cefrj_plus_primary_heuristic,general_language,general_english,,,candidate,unreviewed,confirm_sense | confirm_primary_stage | add_learner_definition_en | add_learner_meaning_vi | add_forms_and_grammar | add_example_and_media
pv_admire_verb,admire,verb,unspecified,A2,A2,A2_2,cefrj_plus_primary_heuristic,general_language,general_english,,,candidate,unreviewed,confirm_sense | confirm_primary_stage | add_learner_definition_en | add_learner_meaning_vi | add_forms_and_grammar | add_example_and_media
pv_admit_verb,admit,verb,unspecified,A2,A2,A2_2,cefrj_plus_primary_heuristic,general_language,general_english,,,candidate,unreviewed,confirm_sense | confirm_primary_stage | add_learner_definition_en | add_learner_meaning_vi | add_forms_and_grammar | add_example_and_media
pv_adult_adjective,adult,adjective,unspecified,A2,A2,A2_1,cefrj_plus_primary_heuristic,general_language,general_english,,,candidate,unreviewed,confirm_sense | confirm_primary_stage | add_learner_definition_en | add_learner_meaning_vi | add_forms_and_grammar | add_example_and_media
pv_adult_noun,adult,noun,unspecified,A2,A2,A2_2,cefrj_plus_primary_heuristic,people_identity,general_english,,Personal identification,candidate,unreviewed,confirm_sense | confirm_primary_stage | add_learner_definition_en | add_learner_meaning_vi | add_forms_and_grammar | add_example_and_media
pv_advanced_adjective,advanced,adjective,unspecified,A2,A2,A2_2,cefrj_plus_primary_heuristic,general_language,general_english,,,candidate,unreviewed,confirm_sense | confirm_primary_stage | add_learner_definition_en | add_learner_meaning_vi | add_forms_and_grammar | add_example_and_media
pv_advantage_noun,advantage,noun,unspecified,A2,A2,A2_1,cefrj_plus_primary_heuristic,jobs_community,general_english,,Work and Jobs,candidate,unreviewed,confirm_sense | confirm_primary_stage | add_learner_definition_en | add_learner_meaning_vi | add_forms_and_grammar | add_example_and_media
pv_adventure_noun,adventure,noun,unspecified,A2,A2,A2_2,cefrj_plus_primary_heuristic,stories_reading,general_english,,"Books and literature | Free time, entertainment",candidate,unreviewed,confirm_sense | confirm_primary_stage | add_learner_definition_en | add_learner_meaning_vi | add_forms_and_grammar | add_example_and_media
pv_advise_verb,advise,verb,unspecified,A2,A2,A2_1,cefrj_plus_primary_heuristic,general_language,general_english,,,candidate,unreviewed,confirm_sense | confirm_primary_stage | add_learner_definition_en | add_learner_meaning_vi | add_forms_and_grammar | add_example_and_media
pv_affair_noun,affair,noun,unspecified,A2,A2,A2_1,cefrj_plus_primary_heuristic,jobs_community,general_english,,"Work and Jobs | News, lifestyles and current affairs",candidate,unreviewed,confirm_sense | confirm_primary_stage | add_learner_definition_en | add_learner_meaning_vi | add_forms_and_grammar | add_example_and_media
pv_afraid_adjective,afraid,adjective,unspecified,A1,PRE_A1,PRE_A1_2,cefrj_plus_primary_heuristic,general_language,general_english,,,candidate,unreviewed,confirm_sense | confirm_primary_stage | add_learner_definition_en | add_learner_meaning_vi | add_forms_and_grammar | add_example_and_media
pv_after_adverb,after,adverb,unspecified,A2,A2,A2_1,cefrj_plus_primary_heuristic,general_language,general_english,,,candidate,unreviewed,confirm_sense | confirm_primary_stage | add_learner_definition_en | add_learner_meaning_vi | add_forms_and_grammar | add_example_and_media
pv_after_preposition,after,preposition,unspecified,A1,PRE_A1,PRE_A1_1,cefrj_plus_primary_heuristic,general_language,general_english,,,candidate,unreviewed,confirm_sense | confirm_primary_stage | add_learner_definition_en | add_learner_meaning_vi | add_forms_and_grammar | add_example_and_media
pv_afternoon_noun,afternoon,noun,unspecified,A1,A1,A1_2,cefrj_plus_primary_heuristic,general_language,general_english,,,candidate,unreviewed,confirm_sense | confirm_primary_stage | add_learner_definition_en | add_learner_meaning_vi | add_forms_and_grammar | add_example_and_media
pv_again_adverb,again,adverb,unspecified,A1,PRE_A1,PRE_A1_1,cefrj_plus_primary_heuristic,general_language,general_english,,,candidate,unreviewed,confirm_sense | confirm_primary_stage | add_learner_definition_en | add_learner_meaning_vi | add_forms_and_grammar | add_example_and_media
pv_against_preposition,against,preposition,unspecified,A2,A2,A2_1,cefrj_plus_primary_heuristic,general_language,general_english,,,candidate,unreviewed,confirm_sense | confirm_primary_stage | add_learner_definition_en | add_learner_meaning_vi | add_forms_and_grammar | add_example_and_media
pv_age_noun,age,noun,unspecified,A1,PRE_A1,PRE_A1_2,cefrj_plus_primary_heuristic,personal_information,general_english,,Personal information | Personal identification,candidate,unreviewed,confirm_sense | confirm_primary_stage | add_learner_definition_en | add_learner_meaning_vi | add_forms_and_grammar | add_example_and_media
pv_aged_adjective,aged,adjective,unspecified,A2,A2,A2_1,cefrj_plus_primary_heuristic,general_language,general_english,,,candidate,unreviewed,confirm_sense | confirm_primary_stage | add_learner_definition_en | add_learner_meaning_vi | add_forms_and_grammar | add_example_and_media
pv_agency_noun,agency,noun,unspecified,A2,A2,A2_1,cefrj_plus_primary_heuristic,travel_transport,general_english,,Travel and services vocab | Travel,candidate,unreviewed,confirm_sense | confirm_primary_stage | add_learner_definition_en | add_learner_meaning_vi | add_forms_and_grammar | add_example_and_media
pv_agent_noun,agent,noun,unspecified,A2,A2,A2_1,cefrj_plus_primary_heuristic,town_services,general_english,,"Things in the town, shops and shopping | Services",candidate,unreviewed,confirm_sense | confirm_primary_stage | add_learner_definition_en | add_learner_meaning_vi | add_forms_and_grammar | add_example_and_media
pv_ago_adverb,ago,adverb,unspecified,A1,A1,A1_2,cefrj_plus_primary_heuristic,general_language,general_english,,,candidate,unreviewed,confirm_sense | confirm_primary_stage | add_learner_definition_en | add_learner_meaning_vi | add_forms_and_grammar | add_example_and_media
pv_agree_verb,agree,verb,unspecified,A1,A1,A1_2,cefrj_plus_primary_heuristic,general_language,general_english,,,candidate,unreviewed,confirm_sense | confirm_primary_stage | add_learner_definition_en | add_learner_meaning_vi | add_forms_and_grammar | add_example_and_media
pv_ahead_adverb,ahead,adverb,unspecified,A2,A2,A2_2,cefrj_plus_primary_heuristic,general_language,general_english,,,candidate,unreviewed,confirm_sense | confirm_primary_stage | add_learner_definition_en | add_learner_meaning_vi | add_forms_and_grammar | add_example_and_media
pv_airplane_noun,airplane,noun,unspecified,A1,PRE_A1,PRE_A1_1,cefrj_plus_primary_heuristic,travel_transport,general_english,aeroplane,Ways of travelling | Travel,candidate,unreviewed,confirm_sense | confirm_primary_stage | add_learner_definition_en | add_learner_meaning_vi | add_forms_and_grammar | add_example_and_media
pv_airport_noun,airport,noun,unspecified,A1,PRE_A1,PRE_A1_2,cefrj_plus_primary_heuristic,travel_transport,general_english,,"Travel and services vocab | Things in the town, shops and shopping | Travel",candidate,unreviewed,confirm_sense | confirm_primary_stage | add_learner_definition_en | add_learner_meaning_vi | add_forms_and_grammar | add_example_and_media
pv_album_noun,album,noun,unspecified,A1,PRE_A1,PRE_A1_1,cefrj_plus_primary_heuristic,home_objects,general_english,,Objects and rooms | Daily life,candidate,unreviewed,confirm_sense | confirm_primary_stage | add_learner_definition_en | add_learner_meaning_vi | add_forms_and_grammar | add_example_and_media
pv_alive_adjective,alive,adjective,unspecified,A2,A2,A2_1,cefrj_plus_primary_heuristic,general_language,general_english,,,candidate,unreviewed,confirm_sense | confirm_primary_stage | add_learner_definition_en | add_learner_meaning_vi | add_forms_and_grammar | add_example_and_media
pv_all_adverb,all,adverb,unspecified,A2,A2,A2_2,cefrj_plus_primary_heuristic,general_language,general_english,,,candidate,unreviewed,confirm_sense | confirm_primary_stage | add_learner_definition_en | add_learner_meaning_vi | add_forms_and_grammar | add_example_and_media
pv_all_determiner,all,determiner,unspecified,A1,PRE_A1,PRE_A1_1,cefrj_plus_primary_heuristic,general_language,general_english,,,candidate,unreviewed,confirm_sense | confirm_primary_stage | add_learner_definition_en | add_learner_meaning_vi | add_forms_and_grammar | add_example_and_media
pv_all_pronoun,all,pronoun,unspecified,A1,PRE_A1,PRE_A1_2,cefrj_plus_primary_heuristic,general_language,general_english,,,candidate,unreviewed,confirm_sense | confirm_primary_stage | add_learner_definition_en | add_learner_meaning_vi | add_forms_and_grammar | add_example_and_media
pv_all_right_adjective,all right,adjective,unspecified,A1,PRE_A1,PRE_A1_1,cefrj_plus_primary_heuristic,general_language,general_english,,,candidate,unreviewed,confirm_sense | confirm_primary_stage | add_learner_definition_en | add_learner_meaning_vi | add_forms_and_grammar | add_example_and_media
pv_all_right_adverb,all right,adverb,unspecified,A1,A1,A1_2,cefrj_plus_primary_heuristic,general_language,general_english,,,candidate,unreviewed,confirm_sense | confirm_primary_stage | add_learner_definition_en | add_learner_meaning_vi | add_forms_and_grammar | add_example_and_media
pv_allow_verb,allow,verb,unspecified,A2,A2,A2_2,cefrj_plus_primary_heuristic,general_language,general_english,,,candidate,unreviewed,confirm_sense | confirm_primary_stage | add_learner_definition_en | add_learner_meaning_vi | add_forms_and_grammar | add_example_and_media
pv_almost_adverb,almost,adverb,unspecified,A1,A1,A1_2,cefrj_plus_primary_heuristic,general_language,general_english,,,candidate,unreviewed,confirm_sense | confirm_primary_stage | add_learner_definition_en | add_learner_meaning_vi | add_forms_and_grammar | add_example_and_media
pv_alone_adjective,alone,adjective,unspecified,A2,A2,A2_1,cefrj_plus_primary_heuristic,general_language,general_english,,,candidate,unreviewed,confirm_sense | confirm_primary_stage | add_learner_definition_en | add_learner_meaning_vi | add_forms_and_grammar | add_example_and_media
pv_alone_adverb,alone,adverb,unspecified,A1,A1,A1_2,cefrj_plus_primary_heuristic,general_language,general_english,,,candidate,unreviewed,confirm_sense | confirm_primary_stage | add_learner_definition_en | add_learner_meaning_vi | add_forms_and_grammar | add_example_and_media
pv_along_adverb,along,adverb,unspecified,A1,A1,A1_1,cefrj_plus_primary_heuristic,general_language,general_english,,,candidate,unreviewed,confirm_sense | confirm_primary_stage | add_learner_definition_en | add_learner_meaning_vi | add_forms_and_grammar | add_example_and_media
pv_along_preposition,along,preposition,unspecified,A2,A2,A2_1,cefrj_plus_primary_heuristic,general_language,general_english,,,candidate,unreviewed,confirm_sense | confirm_primary_stage | add_learner_definition_en | add_learner_meaning_vi | add_forms_and_grammar | add_example_and_media
pv_already_adverb,already,adverb,unspecified,A1,PRE_A1,PRE_A1_1,cefrj_plus_primary_heuristic,general_language,general_english,,,candidate,unreviewed,confirm_sense | confirm_primary_stage | add_learner_definition_en | add_learner_meaning_vi | add_forms_and_grammar | add_example_and_media
pv_alright_adjective,alright,adjective,unspecified,A2,A2,A2_1,cefrj_plus_primary_heuristic,general_language,general_english,,,candidate,unreviewed,confirm_sense | confirm_primary_stage | add_learner_definition_en | add_learner_meaning_vi | add_forms_and_grammar | add_example_and_media
pv_alright_adverb,alright,adverb,unspecified,A2,A2,A2_1,cefrj_plus_primary_heuristic,general_language,general_english,,,candidate,unreviewed,confirm_sense | confirm_primary_stage | add_learner_definition_en | add_learner_meaning_vi | add_forms_and_grammar | add_example_and_media
pv_also_adverb,also,adverb,unspecified,A1,PRE_A1,PRE_A1_1,cefrj_plus_primary_heuristic,general_language,general_english,,,candidate,unreviewed,confirm_sense | confirm_primary_stage | add_learner_definition_en | add_learner_meaning_vi | add_forms_and_grammar | add_example_and_media
pv_although_conjunction,although,conjunction,unspecified,A2,A2,A2_1,cefrj_plus_primary_heuristic,general_language,general_english,,,candidate,unreviewed,confirm_sense | confirm_primary_stage | add_learner_definition_en | add_learner_meaning_vi | add_forms_and_grammar | add_example_and_media
pv_always_adverb,always,adverb,unspecified,A1,A1,A1_2,cefrj_plus_primary_heuristic,general_language,general_english,,,candidate,unreviewed,confirm_sense | confirm_primary_stage | add_learner_definition_en | add_learner_meaning_vi | add_forms_and_grammar | add_example_and_media
pv_am_verb,am,verb,unspecified,A1,PRE_A1,PRE_A1_2,cefrj_plus_primary_heuristic,general_language,general_english,,,candidate,unreviewed,confirm_sense | confirm_primary_stage | add_learner_definition_en | add_learner_meaning_vi | add_forms_and_grammar | add_example_and_media
pv_among_preposition,among,preposition,unspecified,A2,A2,A2_2,cefrj_plus_primary_heuristic,general_language,general_english,,,candidate,unreviewed,confirm_sense | confirm_primary_stage | add_learner_definition_en | add_learner_meaning_vi | add_forms_and_grammar | add_example_and_media
pv_amused_adjective,amused,adjective,unspecified,A2,A2,A2_1,cefrj_plus_primary_heuristic,general_language,general_english,,,candidate,unreviewed,confirm_sense | confirm_primary_stage | add_learner_definition_en | add_learner_meaning_vi | add_forms_and_grammar | add_example_and_media
pv_amusement_noun,amusement,noun,unspecified,A2,A2,A2_2,cefrj_plus_primary_heuristic,hobbies_free_time,general_english,,"Hobbies and pastimes | Free time, entertainment",candidate,unreviewed,confirm_sense | confirm_primary_stage | add_learner_definition_en | add_learner_meaning_vi | add_forms_and_grammar | add_example_and_media
pv_an_determiner,an,determiner,unspecified,A1,PRE_A1,PRE_A1_1,cefrj_plus_primary_heuristic,general_language,general_english,,,candidate,unreviewed,confirm_sense | confirm_primary_stage | add_learner_definition_en | add_learner_meaning_vi | add_forms_and_grammar | add_example_and_media
pv_ancestor_noun,ancestor,noun,unspecified,A2,A2,A2_1,cefrj_plus_primary_heuristic,school_learning,general_english,,Education | Relations with other people,candidate,unreviewed,confirm_sense | confirm_primary_stage | add_learner_definition_en | add_learner_meaning_vi | add_forms_and_grammar | add_example_and_media
pv_ancient_adjective,ancient,adjective,unspecified,A2,A2,A2_1,cefrj_plus_primary_heuristic,general_language,general_english,,,candidate,unreviewed,confirm_sense | confirm_primary_stage | add_learner_definition_en | add_learner_meaning_vi | add_forms_and_grammar | add_example_and_media
pv_and_conjunction,and,conjunction,unspecified,A1,PRE_A1,PRE_A1_1,cefrj_plus_primary_heuristic,general_language,general_english,,,candidate,unreviewed,confirm_sense | confirm_primary_stage | add_learner_definition_en | add_learner_meaning_vi | add_forms_and_grammar | add_example_and_media
pv_angrily_adverb,angrily,adverb,unspecified,A2,A2,A2_2,cefrj_plus_primary_heuristic,general_language,general_english,,,candidate,unreviewed,confirm_sense | confirm_primary_stage | add_learner_definition_en | add_learner_meaning_vi | add_forms_and_grammar | add_example_and_media
pv_angry_adjective,angry,adjective,unspecified,A1,PRE_A1,PRE_A1_2,cefrj_plus_primary_heuristic,general_language,general_english,,,candidate,unreviewed,confirm_sense | confirm_primary_stage | add_learner_definition_en | add_learner_meaning_vi | add_forms_and_grammar | add_example_and_media
pv_animal_noun,animal,noun,unspecified,A1,PRE_A1,PRE_A1_2,cefrj_plus_primary_heuristic,general_language,general_english,,,candidate,unreviewed,confirm_sense | confirm_primary_stage | add_learner_definition_en | add_learner_meaning_vi | add_forms_and_grammar | add_example_and_media
pv_ankle_noun,ankle,noun,unspecified,A2,A2,A2_2,cefrj_plus_primary_heuristic,personal_information,general_english,,Personal information | Health and body care,candidate,unreviewed,confirm_sense | confirm_primary_stage | add_learner_definition_en | add_learner_meaning_vi | add_forms_and_grammar | add_example_and_media
pv_annoying_adjective,annoying,adjective,unspecified,A2,A2,A2_1,cefrj_plus_primary_heuristic,general_language,general_english,,,candidate,unreviewed,confirm_sense | confirm_primary_stage | add_learner_definition_en | add_learner_meaning_vi | add_forms_and_grammar | add_example_and_media
pv_another_determiner,another,determiner,unspecified,A1,PRE_A1,PRE_A1_1,cefrj_plus_primary_heuristic,general_language,general_english,,,candidate,unreviewed,confirm_sense | confirm_primary_stage | add_learner_definition_en | add_learner_meaning_vi | add_forms_and_grammar | add_example_and_media
pv_another_pronoun,another,pronoun,unspecified,A2,A2,A2_1,cefrj_plus_primary_heuristic,general_language,general_english,,,candidate,unreviewed,confirm_sense | confirm_primary_stage | add_learner_definition_en | add_learner_meaning_vi | add_forms_and_grammar | add_example_and_media
pv_answer_noun,answer,noun,unspecified,A1,A1,A1_1,cefrj_plus_primary_heuristic,general_language,general_english,,,candidate,unreviewed,confirm_sense | confirm_primary_stage | add_learner_definition_en | add_learner_meaning_vi | add_forms_and_grammar | add_example_and_media
pv_answer_verb,answer,verb,unspecified,A1,A1,A1_1,cefrj_plus_primary_heuristic,general_language,general_english,,,candidate,unreviewed,confirm_sense | confirm_primary_stage | add_learner_definition_en | add_learner_meaning_vi | add_forms_and_grammar | add_example_and_media
pv_anxious_adjective,anxious,adjective,unspecified,A2,A2,A2_2,cefrj_plus_primary_heuristic,general_language,general_english,,,candidate,unreviewed,confirm_sense | confirm_primary_stage | add_learner_definition_en | add_learner_meaning_vi | add_forms_and_grammar | add_example_and_media
pv_any_determiner,any,determiner,unspecified,A1,PRE_A1,PRE_A1_2,cefrj_plus_primary_heuristic,general_language,general_english,,,candidate,unreviewed,confirm_sense | confirm_primary_stage | add_learner_definition_en | add_learner_meaning_vi | add_forms_and_grammar | add_example_and_media
pv_any_pronoun,any,pronoun,unspecified,A1,PRE_A1,PRE_A1_1,cefrj_plus_primary_heuristic,general_language,general_english,,,candidate,unreviewed,confirm_sense | confirm_primary_stage | add_learner_definition_en | add_learner_meaning_vi | add_forms_and_grammar | add_example_and_media
pv_anybody_pronoun,anybody,pronoun,unspecified,A1,PRE_A1,PRE_A1_2,cefrj_plus_primary_heuristic,general_language,general_english,,,candidate,unreviewed,confirm_sense | confirm_primary_stage | add_learner_definition_en | add_learner_meaning_vi | add_forms_and_grammar | add_example_and_media
pv_anyone_pronoun,anyone,pronoun,unspecified,A1,PRE_A1,PRE_A1_2,cefrj_plus_primary_heuristic,general_language,general_english,,,candidate,unreviewed,confirm_sense | confirm_primary_stage | add_learner_definition_en | add_learner_meaning_vi | add_forms_and_grammar | add_example_and_media
pv_anything_pronoun,anything,pronoun,unspecified,A1,PRE_A1,PRE_A1_1,cefrj_plus_primary_heuristic,general_language,general_english,,,candidate,unreviewed,confirm_sense | confirm_primary_stage | add_learner_definition_en | add_learner_meaning_vi | add_forms_and_grammar | add_example_and_media
pv_anyway_adverb,anyway,adverb,unspecified,A2,A2,A2_2,cefrj_plus_primary_heuristic,general_language,general_english,,,candidate,unreviewed,confirm_sense | confirm_primary_stage | add_learner_definition_en | add_learner_meaning_vi | add_forms_and_grammar | add_example_and_media
pv_anywhere_adverb,anywhere,adverb,unspecified,A2,A2,A2_1,cefrj_plus_primary_heuristic,general_language,general_english,,,candidate,unreviewed,confirm_sense | confirm_primary_stage | add_learner_definition_en | add_learner_meaning_vi | add_forms_and_grammar | add_example_and_media
pv_apart_adverb,apart,adverb,unspecified,A2,A2,A2_1,cefrj_plus_primary_heuristic,general_language,general_english,,,candidate,unreviewed,confirm_sense | confirm_primary_stage | add_learner_definition_en | add_learner_meaning_vi | add_forms_and_grammar | add_example_and_media
pv_apartment_noun,apartment,noun,unspecified,A2,A2,A2_2,cefrj_plus_primary_heuristic,town_services,general_english,,"Things in the town, shops and shopping | Places",candidate,unreviewed,confirm_sense | confirm_primary_stage | add_learner_definition_en | add_learner_meaning_vi | add_forms_and_grammar | add_example_and_media
pv_app_noun,app,noun,unspecified,A1,PRE_A1,PRE_A1_1,primary_curriculum_decision,digital_media,digital_literacy,,,candidate,unreviewed,confirm_sense | confirm_primary_stage | add_learner_definition_en | add_learner_meaning_vi | add_forms_and_grammar | add_example_and_media
pv_apparently_adverb,apparently,adverb,unspecified,A2,A2,A2_2,cefrj_plus_primary_heuristic,general_language,general_english,,,candidate,unreviewed,confirm_sense | confirm_primary_stage | add_learner_definition_en | add_learner_meaning_vi | add_forms_and_grammar | add_example_and_media
pv_appear_verb,appear,verb,unspecified,A2,A2,A2_1,cefrj_plus_primary_heuristic,general_language,general_english,,,candidate,unreviewed,confirm_sense | confirm_primary_stage | add_learner_definition_en | add_learner_meaning_vi | add_forms_and_grammar | add_example_and_media
pv_apple_noun,apple,noun,unspecified,A1,PRE_A1,PRE_A1_2,cefrj_plus_primary_heuristic,food_drink,general_english,,Food and drink | Food and drink,candidate,unreviewed,confirm_sense | confirm_primary_stage | add_learner_definition_en | add_learner_meaning_vi | add_forms_and_grammar | add_example_and_media
pv_apply_verb,apply,verb,unspecified,A2,A2,A2_2,cefrj_plus_primary_heuristic,general_language,general_english,,,candidate,unreviewed,confirm_sense | confirm_primary_stage | add_learner_definition_en | add_learner_meaning_vi | add_forms_and_grammar | add_example_and_media
pv_appreciate_verb,appreciate,verb,unspecified,A2,A2,A2_1,cefrj_plus_primary_heuristic,general_language,general_english,,,candidate,unreviewed,confirm_sense | confirm_primary_stage | add_learner_definition_en | add_learner_meaning_vi | add_forms_and_grammar | add_example_and_media
pv_april_noun,April,noun,unspecified,A1,A1,A1_2,cefrj_plus_primary_heuristic,general_language,general_english,,,candidate,unreviewed,confirm_sense | confirm_primary_stage | add_learner_definition_en | add_learner_meaning_vi | add_forms_and_grammar | add_example_and_media
pv_apron_noun,apron,noun,unspecified,A1,PRE_A1,PRE_A1_1,cefrj_plus_primary_heuristic,home_objects,general_english,,Objects and rooms | Shopping,candidate,unreviewed,confirm_sense | confirm_primary_stage | add_learner_definition_en | add_learner_meaning_vi | add_forms_and_grammar | add_example_and_media
pv_are_verb,are,verb,unspecified,A1,PRE_A1,PRE_A1_2,cefrj_plus_primary_heuristic,general_language,general_english,,,candidate,unreviewed,confirm_sense | confirm_primary_stage | add_learner_definition_en | add_learner_meaning_vi | add_forms_and_grammar | add_example_and_media
pv_area_noun,area,noun,unspecified,A2,A2,A2_1,cefrj_plus_primary_heuristic,travel_transport,general_english,,Travel and services vocab,candidate,unreviewed,confirm_sense | confirm_primary_stage | add_learner_definition_en | add_learner_meaning_vi | add_forms_and_grammar | add_example_and_media
pv_argue_verb,argue,verb,unspecified,A2,A2,A2_2,cefrj_plus_primary_heuristic,general_language,general_english,,,candidate,unreviewed,confirm_sense | confirm_primary_stage | add_learner_definition_en | add_learner_meaning_vi | add_forms_and_grammar | add_example_and_media
pv_arm_noun,arm,noun,unspecified,A1,PRE_A1,PRE_A1_2,cefrj_plus_primary_heuristic,personal_information,general_english,,Personal information | Health and body care,candidate,unreviewed,confirm_sense | confirm_primary_stage | add_learner_definition_en | add_learner_meaning_vi | add_forms_and_grammar | add_example_and_media
pv_armchair_noun,armchair,noun,unspecified,A2,A2,A2_2,cefrj_plus_primary_heuristic,home_environment,general_english,,"House and home, environment",candidate,unreviewed,confirm_sense | confirm_primary_stage | add_learner_definition_en | add_learner_meaning_vi | add_forms_and_grammar | add_example_and_media
pv_armed_adjective,armed,adjective,unspecified,A2,A2,A2_2,cefrj_plus_primary_heuristic,general_language,general_english,,,candidate,unreviewed,confirm_sense | confirm_primary_stage | add_learner_definition_en | add_learner_meaning_vi | add_forms_and_grammar | add_example_and_media
pv_around_adverb,around,adverb,unspecified,A2,A2,A2_1,cefrj_plus_primary_heuristic,general_language,general_english,,,candidate,unreviewed,confirm_sense | confirm_primary_stage | add_learner_definition_en | add_learner_meaning_vi | add_forms_and_grammar | add_example_and_media
pv_around_preposition,around,preposition,unspecified,A1,PRE_A1,PRE_A1_2,cefrj_plus_primary_heuristic,general_language,general_english,,,candidate,unreviewed,confirm_sense | confirm_primary_stage | add_learner_definition_en | add_learner_meaning_vi | add_forms_and_grammar | add_example_and_media
pv_arrive_verb,arrive,verb,unspecified,A1,PRE_A1,PRE_A1_1,cefrj_plus_primary_heuristic,general_language,general_english,,,candidate,unreviewed,confirm_sense | confirm_primary_stage | add_learner_definition_en | add_learner_meaning_vi | add_forms_and_grammar | add_example_and_media
pv_art_noun,art,noun,unspecified,A1,A1,A1_2,cefrj_plus_primary_heuristic,hobbies_free_time,general_english,,"Hobbies and pastimes | Education | Free time, entertainment",candidate,unreviewed,confirm_sense | confirm_primary_stage | add_learner_definition_en | add_learner_meaning_vi | add_forms_and_grammar | add_example_and_media
pv_article_noun,article,noun,unspecified,A1,A1,A1_1,cefrj_plus_primary_heuristic,shopping_money,general_english,,"Shopping | Free time, entertainment",candidate,unreviewed,confirm_sense | confirm_primary_stage | add_learner_definition_en | add_learner_meaning_vi | add_forms_and_grammar | add_example_and_media
pv_artificial_adjective,artificial,adjective,unspecified,A2,A2,A2_1,cefrj_plus_primary_heuristic,general_language,general_english,,,candidate,unreviewed,confirm_sense | confirm_primary_stage | add_learner_definition_en | add_learner_meaning_vi | add_forms_and_grammar | add_example_and_media
pv_as_conjunction,as,conjunction,unspecified,A2,A2,A2_2,cefrj_plus_primary_heuristic,general_language,general_english,,,candidate,unreviewed,confirm_sense | confirm_primary_stage | add_learner_definition_en | add_learner_meaning_vi | add_forms_and_grammar | add_example_and_media
pv_as_preposition,as,preposition,unspecified,A1,PRE_A1,PRE_A1_1,cefrj_plus_primary_heuristic,general_language,general_english,,,candidate,unreviewed,confirm_sense | confirm_primary_stage | add_learner_definition_en | add_learner_meaning_vi | add_forms_and_grammar | add_example_and_media
pv_ask_verb,ask,verb,unspecified,A1,PRE_A1,PRE_A1_2,cefrj_plus_primary_heuristic,general_language,general_english,,,candidate,unreviewed,confirm_sense | confirm_primary_stage | add_learner_definition_en | add_learner_meaning_vi | add_forms_and_grammar | add_example_and_media
pv_asleep_adjective,asleep,adjective,unspecified,A2,A2,A2_2,cefrj_plus_primary_heuristic,general_language,general_english,,,candidate,unreviewed,confirm_sense | confirm_primary_stage | add_learner_definition_en | add_learner_meaning_vi | add_forms_and_grammar | add_example_and_media
pv_assistant_adjective,assistant,adjective,unspecified,A2,A2,A2_2,cefrj_plus_primary_heuristic,general_language,general_english,,,candidate,unreviewed,confirm_sense | confirm_primary_stage | add_learner_definition_en | add_learner_meaning_vi | add_forms_and_grammar | add_example_and_media
pv_astronaut_noun,astronaut,noun,unspecified,A2,A2,A2_2,cefrj_plus_primary_heuristic,jobs_community,general_english,,Work and Jobs | Personal identification,candidate,unreviewed,confirm_sense | confirm_primary_stage | add_learner_definition_en | add_learner_meaning_vi | add_forms_and_grammar | add_example_and_media
pv_at_preposition,at,preposition,unspecified,A1,PRE_A1,PRE_A1_2,cefrj_plus_primary_heuristic,general_language,general_english,,,candidate,unreviewed,confirm_sense | confirm_primary_stage | add_learner_definition_en | add_learner_meaning_vi | add_forms_and_grammar | add_example_and_media
pv_athlete_noun,athlete,noun,unspecified,A2,A2,A2_1,cefrj_plus_primary_heuristic,jobs_community,general_english,,Work and Jobs | Leisure activities | Personal identification,candidate,unreviewed,confirm_sense | confirm_primary_stage | add_learner_definition_en | add_learner_meaning_vi | add_forms_and_grammar | add_example_and_media
pv_atom_noun,atom,noun,unspecified,A2,A2,A2_1,cefrj_plus_primary_heuristic,school_learning,general_english,,Education,candidate,unreviewed,confirm_sense | confirm_primary_stage | add_learner_definition_en | add_learner_meaning_vi | add_forms_and_grammar | add_example_and_media
pv_attack_noun,attack,noun,unspecified,A2,A2,A2_1,cefrj_plus_primary_heuristic,global_citizenship,global_studies,,"News, lifestyles and current affairs | Relations with other people",candidate,unreviewed,confirm_sense | confirm_primary_stage | add_learner_definition_en | add_learner_meaning_vi | add_forms_and_grammar | add_example_and_media
pv_attack_verb,attack,verb,unspecified,A2,A2,A2_1,cefrj_plus_primary_heuristic,general_language,general_english,,,candidate,unreviewed,confirm_sense | confirm_primary_stage | add_learner_definition_en | add_learner_meaning_vi | add_forms_and_grammar | add_example_and_media
pv_attractive_adjective,attractive,adjective,unspecified,A2,A2,A2_1,cefrj_plus_primary_heuristic,general_language,general_english,,,candidate,unreviewed,confirm_sense | confirm_primary_stage | add_learner_definition_en | add_learner_meaning_vi | add_forms_and_grammar | add_example_and_media
pv_audio_adjective,audio,adjective,unspecified,A2,A2,A2_1,cefrj_plus_primary_heuristic,general_language,general_english,,,candidate,unreviewed,confirm_sense | confirm_primary_stage | add_learner_definition_en | add_learner_meaning_vi | add_forms_and_grammar | add_example_and_media
pv_august_noun,August,noun,unspecified,A1,A1,A1_2,cefrj_plus_primary_heuristic,general_language,general_english,,,candidate,unreviewed,confirm_sense | confirm_primary_stage | add_learner_definition_en | add_learner_meaning_vi | add_forms_and_grammar | add_example_and_media
pv_aunt_noun,aunt,noun,unspecified,A1,PRE_A1,PRE_A1_2,cefrj_plus_primary_heuristic,family_friends,general_english,,Family life | Personal identification,candidate,unreviewed,confirm_sense | confirm_primary_stage | add_learner_definition_en | add_learner_meaning_vi | add_forms_and_grammar | add_example_and_media
pv_automatic_adjective,automatic,adjective,unspecified,A2,A2,A2_1,cefrj_plus_primary_heuristic,general_language,general_english,,,candidate,unreviewed,confirm_sense | confirm_primary_stage | add_learner_definition_en | add_learner_meaning_vi | add_forms_and_grammar | add_example_and_media
pv_autumn_noun,autumn,noun,unspecified,A1,A1,A1_2,cefrj_plus_primary_heuristic,general_language,general_english,,,candidate,unreviewed,confirm_sense | confirm_primary_stage | add_learner_definition_en | add_learner_meaning_vi | add_forms_and_grammar | add_example_and_media
pv_average_adjective,average,adjective,unspecified,A2,A2,A2_2,cefrj_plus_primary_heuristic,general_language,general_english,,,candidate,unreviewed,confirm_sense | confirm_primary_stage | add_learner_definition_en | add_learner_meaning_vi | add_forms_and_grammar | add_example_and_media
pv_avoid_verb,avoid,verb,unspecified,A2,A2,A2_1,cefrj_plus_primary_heuristic,general_language,general_english,,,candidate,unreviewed,confirm_sense | confirm_primary_stage | add_learner_definition_en | add_learner_meaning_vi | add_forms_and_grammar | add_example_and_media
pv_awake_adjective,awake,adjective,unspecified,A1,A1,A1_2,cefrj_plus_primary_heuristic,general_language,general_english,,,candidate,unreviewed,confirm_sense | confirm_primary_stage | add_learner_definition_en | add_learner_meaning_vi | add_forms_and_grammar | add_example_and_media
pv_award_noun,award,noun,unspecified,A2,A2,A2_1,cefrj_plus_primary_heuristic,digital_media,digital_literacy,,"Media | Free time, entertainment",candidate,unreviewed,confirm_sense | confirm_primary_stage | add_learner_definition_en | add_learner_meaning_vi | add_forms_and_grammar | add_example_and_media
pv_away_adverb,away,adverb,unspecified,A1,A1,A1_1,cefrj_plus_primary_heuristic,general_language,general_english,,,candidate,unreviewed,confirm_sense | confirm_primary_stage | add_learner_definition_en | add_learner_meaning_vi | add_forms_and_grammar | add_example_and_media
pv_baby_noun,baby,noun,unspecified,A1,PRE_A1,PRE_A1_1,cefrj_plus_primary_heuristic,family_friends,general_english,,Family life | Personal identification,candidate,unreviewed,confirm_sense | confirm_primary_stage | add_learner_definition_en | add_learner_meaning_vi | add_forms_and_grammar | add_example_and_media
pv_back_adjective,back,adjective,unspecified,A2,A2,A2_1,cefrj_plus_primary_heuristic,general_language,general_english,,,candidate,unreviewed,confirm_sense | confirm_primary_stage | add_learner_definition_en | add_learner_meaning_vi | add_forms_and_grammar | add_example_and_media
pv_back_adverb,back,adverb,unspecified,A1,A1,A1_1,cefrj_plus_primary_heuristic,general_language,general_english,,,candidate,unreviewed,confirm_sense | confirm_primary_stage | add_learner_definition_en | add_learner_meaning_vi | add_forms_and_grammar | add_example_and_media
pv_back_noun,back,noun,unspecified,A1,PRE_A1,PRE_A1_2,cefrj_plus_primary_heuristic,body_health,general_english,,Health and body care,candidate,unreviewed,confirm_sense | confirm_primary_stage | add_learner_definition_en | add_learner_meaning_vi | add_forms_and_grammar | add_example_and_media
pv_bad_adjective,bad,adjective,unspecified,A1,A1,A1_2,cefrj_plus_primary_heuristic,general_language,general_english,,,candidate,unreviewed,confirm_sense | confirm_primary_stage | add_learner_definition_en | add_learner_meaning_vi | add_forms_and_grammar | add_example_and_media
pv_badly_adverb,badly,adverb,unspecified,A2,A2,A2_2,cefrj_plus_primary_heuristic,general_language,general_english,,,candidate,unreviewed,confirm_sense | confirm_primary_stage | add_learner_definition_en | add_learner_meaning_vi | add_forms_and_grammar | add_example_and_media
pv_badminton_noun,badminton,noun,unspecified,A2,A2,A2_2,cefrj_plus_primary_heuristic,hobbies_free_time,general_english,,"Free time, entertainment",candidate,unreviewed,confirm_sense | confirm_primary_stage | add_learner_definition_en | add_learner_meaning_vi | add_forms_and_grammar | add_example_and_media
pv_bag_noun,bag,noun,unspecified,A1,A1,A1_1,cefrj_plus_primary_heuristic,shopping_money,general_english,,Shopping | Clothes | Shopping,candidate,unreviewed,confirm_sense | confirm_primary_stage | add_learner_definition_en | add_learner_meaning_vi | add_forms_and_grammar | add_example_and_media
pv_bake_verb,bake,verb,unspecified,A2,A2,A2_1,cefrj_plus_primary_heuristic,general_language,general_english,,,candidate,unreviewed,confirm_sense | confirm_primary_stage | add_learner_definition_en | add_learner_meaning_vi | add_forms_and_grammar | add_example_and_media
pv_balcony_noun,balcony,noun,unspecified,A2,A2,A2_2,cefrj_plus_primary_heuristic,home_objects,general_english,,"Objects and rooms | House and home, environment",candidate,unreviewed,confirm_sense | confirm_primary_stage | add_learner_definition_en | add_learner_meaning_vi | add_forms_and_grammar | add_example_and_media
pv_ball_noun,ball,noun,unspecified,A1,A1,A1_2,cefrj_plus_primary_heuristic,hobbies_free_time,general_english,,"Hobbies and pastimes | Free time, entertainment",candidate,unreviewed,confirm_sense | confirm_primary_stage | add_learner_definition_en | add_learner_meaning_vi | add_forms_and_grammar | add_example_and_media
pv_banana_noun,banana,noun,unspecified,A1,PRE_A1,PRE_A1_2,cefrj_plus_primary_heuristic,food_drink,general_english,,Food and drink | Food and drink,candidate,unreviewed,confirm_sense | confirm_primary_stage | add_learner_definition_en | add_learner_meaning_vi | add_forms_and_grammar | add_example_and_media
pv_band_noun,band,noun,unspecified,A1,PRE_A1,PRE_A1_1,cefrj_plus_primary_heuristic,clothes_appearance,general_english,,Clothes | Shopping,candidate,unreviewed,confirm_sense | confirm_primary_stage | add_learner_definition_en | add_learner_meaning_vi | add_forms_and_grammar | add_example_and_media
pv_bank_noun,bank,noun,unspecified,A1,A1,A1_2,cefrj_plus_primary_heuristic,town_services,general_english,,"Things in the town, shops and shopping | Services",candidate,unreviewed,confirm_sense | confirm_primary_stage | add_learner_definition_en | add_learner_meaning_vi | add_forms_and_grammar | add_example_and_media
pv_bank_verb,bank,verb,unspecified,A2,A2,A2_1,cefrj_plus_primary_heuristic,general_language,general_english,,,candidate,unreviewed,confirm_sense | confirm_primary_stage | add_learner_definition_en | add_learner_meaning_vi | add_forms_and_grammar | add_example_and_media
pv_banking_noun,banking,noun,unspecified,A2,A2,A2_1,cefrj_plus_primary_heuristic,travel_transport,general_english,,Travel and services vocab | Services,candidate,unreviewed,confirm_sense | confirm_primary_stage | add_learner_definition_en | add_learner_meaning_vi | add_forms_and_grammar | add_example_and_media
pv_barbecue_noun,barbecue,noun,unspecified,A2,A2,A2_1,cefrj_plus_primary_heuristic,hobbies_free_time,general_english,,"Free time, entertainment",candidate,unreviewed,confirm_sense | confirm_primary_stage | add_learner_definition_en | add_learner_meaning_vi | add_forms_and_grammar | add_example_and_media
pv_barber_noun,barber,noun,unspecified,A2,A2,A2_2,cefrj_plus_primary_heuristic,town_services,general_english,,"Things in the town, shops and shopping | Work and Jobs | Services",candidate,unreviewed,confirm_sense | confirm_primary_stage | add_learner_definition_en | add_learner_meaning_vi | add_forms_and_grammar | add_example_and_media
pv_baseball_noun,baseball,noun,unspecified,A1,PRE_A1,PRE_A1_2,cefrj_plus_primary_heuristic,hobbies_free_time,general_english,,"Hobbies and pastimes | Free time, entertainment",candidate,unreviewed,confirm_sense | confirm_primary_stage | add_learner_definition_en | add_learner_meaning_vi | add_forms_and_grammar | add_example_and_media
pv_basic_adjective,basic,adjective,unspecified,A2,A2,A2_1,cefrj_plus_primary_heuristic,general_language,general_english,,,candidate,unreviewed,confirm_sense | confirm_primary_stage | add_learner_definition_en | add_learner_meaning_vi | add_forms_and_grammar | add_example_and_media
pv_basically_adverb,basically,adverb,unspecified,A2,A2,A2_2,cefrj_plus_primary_heuristic,general_language,general_english,,,candidate,unreviewed,confirm_sense | confirm_primary_stage | add_learner_definition_en | add_learner_meaning_vi | add_forms_and_grammar | add_example_and_media
pv_basketball_noun,basketball,noun,unspecified,A1,A1,A1_2,cefrj_plus_primary_heuristic,hobbies_free_time,general_english,,"Hobbies and pastimes | Free time, entertainment",candidate,unreviewed,confirm_sense | confirm_primary_stage | add_learner_definition_en | add_learner_meaning_vi | add_forms_and_grammar | add_example_and_media
pv_bat_noun,bat,noun,unspecified,A1,PRE_A1,PRE_A1_2,cefrj_plus_primary_heuristic,hobbies_free_time,general_english,,"Free time, entertainment",candidate,unreviewed,confirm_sense | confirm_primary_stage | add_learner_definition_en | add_learner_meaning_vi | add_forms_and_grammar | add_example_and_media
pv_batch_noun,batch,noun,unspecified,A2,A2,A2_2,cefrj_plus_primary_heuristic,language_learning,general_english,,Collocation | Language,candidate,unreviewed,confirm_sense | confirm_primary_stage | add_learner_definition_en | add_learner_meaning_vi | add_forms_and_grammar | add_example_and_media
pv_bath_noun,bath,noun,unspecified,A1,PRE_A1,PRE_A1_2,cefrj_plus_primary_heuristic,home_objects,general_english,,"Objects and rooms | House and home, environment",candidate,unreviewed,confirm_sense | confirm_primary_stage | add_learner_definition_en | add_learner_meaning_vi | add_forms_and_grammar | add_example_and_media
pv_bathroom_noun,bathroom,noun,unspecified,A1,PRE_A1,PRE_A1_1,cefrj_plus_primary_heuristic,home_objects,general_english,,"Objects and rooms | House and home, environment",candidate,unreviewed,confirm_sense | confirm_primary_stage | add_learner_definition_en | add_learner_meaning_vi | add_forms_and_grammar | add_example_and_media
pv_be_verb,be,verb,unspecified,A1,PRE_A1,PRE_A1_2,cefrj_plus_primary_heuristic,general_language,general_english,,,candidate,unreviewed,confirm_sense | confirm_primary_stage | add_learner_definition_en | add_learner_meaning_vi | add_forms_and_grammar | add_example_and_media
pv_beach_noun,beach,noun,unspecified,A1,A1,A1_2,cefrj_plus_primary_heuristic,holidays_celebrations,general_english,,"Holidays | Travel and services vocab | House and home, environment",candidate,unreviewed,confirm_sense | confirm_primary_stage | add_learner_definition_en | add_learner_meaning_vi | add_forms_and_grammar | add_example_and_media
pv_bean_noun,bean,noun,unspecified,A1,PRE_A1,PRE_A1_2,cefrj_plus_primary_heuristic,food_drink,general_english,,Food and drink | Food and drink,candidate,unreviewed,confirm_sense | confirm_primary_stage | add_learner_definition_en | add_learner_meaning_vi | add_forms_and_grammar | add_example_and_media
pv_bear_noun,bear,noun,unspecified,A1,A1,A1_2,cefrj_plus_primary_heuristic,general_language,general_english,,,candidate,unreviewed,confirm_sense | confirm_primary_stage | add_learner_definition_en | add_learner_meaning_vi | add_forms_and_grammar | add_example_and_media
pv_bear_verb,bear,verb,unspecified,A2,A2,A2_2,cefrj_plus_primary_heuristic,general_language,general_english,,,candidate,unreviewed,confirm_sense | confirm_primary_stage | add_learner_definition_en | add_learner_meaning_vi | add_forms_and_grammar | add_example_and_media
pv_beautiful_adjective,beautiful,adjective,unspecified,A1,PRE_A1,PRE_A1_1,cefrj_plus_primary_heuristic,general_language,general_english,,,candidate,unreviewed,confirm_sense | confirm_primary_stage | add_learner_definition_en | add_learner_meaning_vi | add_forms_and_grammar | add_example_and_media
pv_beauty_noun,beauty,noun,unspecified,A2,A2,A2_2,cefrj_plus_primary_heuristic,hobbies_free_time,general_english,,"Hobbies and pastimes | Free time, entertainment",candidate,unreviewed,confirm_sense | confirm_primary_stage | add_learner_definition_en | add_learner_meaning_vi | add_forms_and_grammar | add_example_and_media
pv_because_conjunction,because,conjunction,unspecified,A1,PRE_A1,PRE_A1_1,cefrj_plus_primary_heuristic,general_language,general_english,,,candidate,unreviewed,confirm_sense | confirm_primary_stage | add_learner_definition_en | add_learner_meaning_vi | add_forms_and_grammar | add_example_and_media
pv_become_verb,become,verb,unspecified,A1,A1,A1_2,cefrj_plus_primary_heuristic,general_language,general_english,,,candidate,unreviewed,confirm_sense | confirm_primary_stage | add_learner_definition_en | add_learner_meaning_vi | add_forms_and_grammar | add_example_and_media
pv_bed_noun,bed,noun,unspecified,A1,PRE_A1,PRE_A1_1,cefrj_plus_primary_heuristic,home_objects,general_english,,"Objects and rooms | House and home, environment",candidate,unreviewed,confirm_sense | confirm_primary_stage | add_learner_definition_en | add_learner_meaning_vi | add_forms_and_grammar | add_example_and_media
pv_bedroom_noun,bedroom,noun,unspecified,A1,PRE_A1,PRE_A1_1,cefrj_plus_primary_heuristic,home_objects,general_english,,"Objects and rooms | House and home, environment",candidate,unreviewed,confirm_sense | confirm_primary_stage | add_learner_definition_en | add_learner_meaning_vi | add_forms_and_grammar | add_example_and_media
pv_bee_noun,bee,noun,unspecified,A1,A1,A1_2,cefrj_plus_primary_heuristic,school_learning,general_english,,Education,candidate,unreviewed,confirm_sense | confirm_primary_stage | add_learner_definition_en | add_learner_meaning_vi | add_forms_and_grammar | add_example_and_media
pv_beef_noun,beef,noun,unspecified,A1,PRE_A1,PRE_A1_2,cefrj_plus_primary_heuristic,food_drink,general_english,,Food and drink | Food and drink,candidate,unreviewed,confirm_sense | confirm_primary_stage | add_learner_definition_en | add_learner_meaning_vi | add_forms_and_grammar | add_example_and_media
pv_been_verb,been,verb,unspecified,A2,A2,A2_2,cefrj_plus_primary_heuristic,general_language,general_english,,,candidate,unreviewed,confirm_sense | confirm_primary_stage | add_learner_definition_en | add_learner_meaning_vi | add_forms_and_grammar | add_example_and_media
pv_before_adverb,before,adverb,unspecified,A1,A1,A1_2,cefrj_plus_primary_heuristic,general_language,general_english,,,candidate,unreviewed,confirm_sense | confirm_primary_stage | add_learner_definition_en | add_learner_meaning_vi | add_forms_and_grammar | add_example_and_media
pv_before_conjunction,before,conjunction,unspecified,A2,A2,A2_1,cefrj_plus_primary_heuristic,general_language,general_english,,,candidate,unreviewed,confirm_sense | confirm_primary_stage | add_learner_definition_en | add_learner_meaning_vi | add_forms_and_grammar | add_example_and_media
pv_before_preposition,before,preposition,unspecified,A1,PRE_A1,PRE_A1_2,cefrj_plus_primary_heuristic,general_language,general_english,,,candidate,unreviewed,confirm_sense | confirm_primary_stage | add_learner_definition_en | add_learner_meaning_vi | add_forms_and_grammar | add_example_and_media
pv_beg_verb,beg,verb,unspecified,A2,A2,A2_1,cefrj_plus_primary_heuristic,general_language,general_english,,,candidate,unreviewed,confirm_sense | confirm_primary_stage | add_learner_definition_en | add_learner_meaning_vi | add_forms_and_grammar | add_example_and_media
pv_begin_verb,begin,verb,unspecified,A1,A1,A1_1,cefrj_plus_primary_heuristic,general_language,general_english,,,candidate,unreviewed,confirm_sense | confirm_primary_stage | add_learner_definition_en | add_learner_meaning_vi | add_forms_and_grammar | add_example_and_media
pv_beginner_noun,beginner,noun,unspecified,A2,A2,A2_2,cefrj_plus_primary_heuristic,people_identity,general_english,,Personal identification,candidate,unreviewed,confirm_sense | confirm_primary_stage | add_learner_definition_en | add_learner_meaning_vi | add_forms_and_grammar | add_example_and_media
pv_behind_adverb,behind,adverb,unspecified,A1,A1,A1_2,cefrj_plus_primary_heuristic,general_language,general_english,,,candidate,unreviewed,confirm_sense | confirm_primary_stage | add_learner_definition_en | add_learner_meaning_vi | add_forms_and_grammar | add_example_and_media
pv_behind_preposition,behind,preposition,unspecified,A1,PRE_A1,PRE_A1_2,cefrj_plus_primary_heuristic,general_language,general_english,,,candidate,unreviewed,confirm_sense | confirm_primary_stage | add_learner_definition_en | add_learner_meaning_vi | add_forms_and_grammar | add_example_and_media
pv_being_noun,being,noun,unspecified,A2,A2,A2_1,cefrj_plus_primary_heuristic,language_learning,general_english,,Collocation | Language,candidate,unreviewed,confirm_sense | confirm_primary_stage | add_learner_definition_en | add_learner_meaning_vi | add_forms_and_grammar | add_example_and_media
pv_believe_verb,believe,verb,unspecified,A1,PRE_A1,PRE_A1_2,cefrj_plus_primary_heuristic,general_language,general_english,,,candidate,unreviewed,confirm_sense | confirm_primary_stage | add_learner_definition_en | add_learner_meaning_vi | add_forms_and_grammar | add_example_and_media
pv_bell_noun,bell,noun,unspecified,A1,A1,A1_2,cefrj_plus_primary_heuristic,home_objects,general_english,,Objects and rooms | Shopping,candidate,unreviewed,confirm_sense | confirm_primary_stage | add_learner_definition_en | add_learner_meaning_vi | add_forms_and_grammar | add_example_and_media
pv_belong_verb,belong,verb,unspecified,A2,A2,A2_1,cefrj_plus_primary_heuristic,general_language,general_english,,,candidate,unreviewed,confirm_sense | confirm_primary_stage | add_learner_definition_en | add_learner_meaning_vi | add_forms_and_grammar | add_example_and_media
pv_below_adverb,below,adverb,unspecified,A1,A1,A1_1,cefrj_plus_primary_heuristic,general_language,general_english,,,candidate,unreviewed,confirm_sense | confirm_primary_stage | add_learner_definition_en | add_learner_meaning_vi | add_forms_and_grammar | add_example_and_media
pv_below_preposition,below,preposition,unspecified,A1,PRE_A1,PRE_A1_2,cefrj_plus_primary_heuristic,general_language,general_english,,,candidate,unreviewed,confirm_sense | confirm_primary_stage | add_learner_definition_en | add_learner_meaning_vi | add_forms_and_grammar | add_example_and_media
pv_belt_noun,belt,noun,unspecified,A2,A2,A2_1,cefrj_plus_primary_heuristic,shopping_money,general_english,,Shopping,candidate,unreviewed,confirm_sense | confirm_primary_stage | add_learner_definition_en | add_learner_meaning_vi | add_forms_and_grammar | add_example_and_media
pv_bench_noun,bench,noun,unspecified,A2,A2,A2_1,cefrj_plus_primary_heuristic,town_services,general_english,,"Things in the town, shops and shopping | House and home, environment",candidate,unreviewed,confirm_sense | confirm_primary_stage | add_learner_definition_en | add_learner_meaning_vi | add_forms_and_grammar | add_example_and_media
pv_bend_verb,bend,verb,unspecified,A2,A2,A2_2,cefrj_plus_primary_heuristic,general_language,general_english,,,candidate,unreviewed,confirm_sense | confirm_primary_stage | add_learner_definition_en | add_learner_meaning_vi | add_forms_and_grammar | add_example_and_media
pv_beside_preposition,beside,preposition,unspecified,A1,PRE_A1,PRE_A1_2,cefrj_plus_primary_heuristic,general_language,general_english,,,candidate,unreviewed,confirm_sense | confirm_primary_stage | add_learner_definition_en | add_learner_meaning_vi | add_forms_and_grammar | add_example_and_media
pv_best_adjective,best,adjective,unspecified,A1,A1,A1_2,cefrj_plus_primary_heuristic,general_language,general_english,,,candidate,unreviewed,confirm_sense | confirm_primary_stage | add_learner_definition_en | add_learner_meaning_vi | add_forms_and_grammar | add_example_and_media
pv_best_adverb,best,adverb,unspecified,A1,A1,A1_2,cefrj_plus_primary_heuristic,general_language,general_english,,,candidate,unreviewed,confirm_sense | confirm_primary_stage | add_learner_definition_en | add_learner_meaning_vi | add_forms_and_grammar | add_example_and_media
pv_better_adjective,better,adjective,unspecified,A1,A1,A1_1,cefrj_plus_primary_heuristic,general_language,general_english,,,candidate,unreviewed,confirm_sense | confirm_primary_stage | add_learner_definition_en | add_learner_meaning_vi | add_forms_and_grammar | add_example_and_media
pv_better_adverb,better,adverb,unspecified,A2,A2,A2_2,cefrj_plus_primary_heuristic,general_language,general_english,,,candidate,unreviewed,confirm_sense | confirm_primary_stage | add_learner_definition_en | add_learner_meaning_vi | add_forms_and_grammar | add_example_and_media
pv_between_preposition,between,preposition,unspecified,A1,PRE_A1,PRE_A1_1,cefrj_plus_primary_heuristic,general_language,general_english,,,candidate,unreviewed,confirm_sense | confirm_primary_stage | add_learner_definition_en | add_learner_meaning_vi | add_forms_and_grammar | add_example_and_media
pv_beyond_preposition,beyond,preposition,unspecified,A2,A2,A2_1,cefrj_plus_primary_heuristic,general_language,general_english,,,candidate,unreviewed,confirm_sense | confirm_primary_stage | add_learner_definition_en | add_learner_meaning_vi | add_forms_and_grammar | add_example_and_media
pv_bicycle_noun,bicycle,noun,unspecified,A1,A1,A1_1,cefrj_plus_primary_heuristic,hobbies_free_time,general_english,,"Leisure activities | Free time, entertainment",candidate,unreviewed,confirm_sense | confirm_primary_stage | add_learner_definition_en | add_learner_meaning_vi | add_forms_and_grammar | add_example_and_media
pv_big_adjective,big,adjective,unspecified,A1,A1,A1_2,cefrj_plus_primary_heuristic,general_language,general_english,,,candidate,unreviewed,confirm_sense | confirm_primary_stage | add_learner_definition_en | add_learner_meaning_vi | add_forms_and_grammar | add_example_and_media
pv_bike_noun,bike,noun,unspecified,A1,A1,A1_2,cefrj_plus_primary_heuristic,hobbies_free_time,general_english,,Leisure activities | Ways of travelling | Travel,candidate,unreviewed,confirm_sense | confirm_primary_stage | add_learner_definition_en | add_learner_meaning_vi | add_forms_and_grammar | add_example_and_media
pv_bill_noun,bill,noun,unspecified,A2,A2,A2_1,cefrj_plus_primary_heuristic,shopping_money,general_english,,Shopping | Shopping,candidate,unreviewed,confirm_sense | confirm_primary_stage | add_learner_definition_en | add_learner_meaning_vi | add_forms_and_grammar | add_example_and_media
pv_bird_noun,bird,noun,unspecified,A1,A1,A1_2,cefrj_plus_primary_heuristic,general_language,general_english,,,candidate,unreviewed,confirm_sense | confirm_primary_stage | add_learner_definition_en | add_learner_meaning_vi | add_forms_and_grammar | add_example_and_media
pv_birth_noun,birth,noun,unspecified,A1,PRE_A1,PRE_A1_2,cefrj_plus_primary_heuristic,family_friends,general_english,,Family life | Daily life,candidate,unreviewed,confirm_sense | confirm_primary_stage | add_learner_definition_en | add_learner_meaning_vi | add_forms_and_grammar | add_example_and_media
pv_birthday_noun,birthday,noun,unspecified,A1,PRE_A1,PRE_A1_2,cefrj_plus_primary_heuristic,personal_information,general_english,,Personal information | Personal identification,candidate,unreviewed,confirm_sense | confirm_primary_stage | add_learner_definition_en | add_learner_meaning_vi | add_forms_and_grammar | add_example_and_media
pv_biscuit_noun,biscuit,noun,unspecified,A1,PRE_A1,PRE_A1_2,cefrj_plus_primary_heuristic,food_drink,general_english,,Food and drink | Food and drink,candidate,unreviewed,confirm_sense | confirm_primary_stage | add_learner_definition_en | add_learner_meaning_vi | add_forms_and_grammar | add_example_and_media
pv_bit_noun,bit,noun,unspecified,A2,A2,A2_1,cefrj_plus_primary_heuristic,language_learning,general_english,,Collocation | Language,candidate,unreviewed,confirm_sense | confirm_primary_stage | add_learner_definition_en | add_learner_meaning_vi | add_forms_and_grammar | add_example_and_media
pv_black_adjective,black,adjective,unspecified,A1,A1,A1_1,cefrj_plus_primary_heuristic,general_language,general_english,,,candidate,unreviewed,confirm_sense | confirm_primary_stage | add_learner_definition_en | add_learner_meaning_vi | add_forms_and_grammar | add_example_and_media
pv_black_noun,black,noun,unspecified,A1,PRE_A1,PRE_A1_2,cefrj_plus_primary_heuristic,colors_shapes,general_english,,Colours,candidate,unreviewed,confirm_sense | confirm_primary_stage | add_learner_definition_en | add_learner_meaning_vi | add_forms_and_grammar | add_example_and_media
pv_blackboard_noun,blackboard,noun,unspecified,A2,A2,A2_1,cefrj_plus_primary_heuristic,school_learning,general_english,,Education | Education,candidate,unreviewed,confirm_sense | confirm_primary_stage | add_learner_definition_en | add_learner_meaning_vi | add_forms_and_grammar | add_example_and_media
pv_blame_verb,blame,verb,unspecified,A2,A2,A2_1,cefrj_plus_primary_heuristic,general_language,general_english,,,candidate,unreviewed,confirm_sense | confirm_primary_stage | add_learner_definition_en | add_learner_meaning_vi | add_forms_and_grammar | add_example_and_media
pv_blank_adjective,blank,adjective,unspecified,A1,A1,A1_2,cefrj_plus_primary_heuristic,general_language,general_english,,,candidate,unreviewed,confirm_sense | confirm_primary_stage | add_learner_definition_en | add_learner_meaning_vi | add_forms_and_grammar | add_example_and_media
pv_blanket_noun,blanket,noun,unspecified,A2,A2,A2_1,cefrj_plus_primary_heuristic,home_objects,general_english,,Objects and rooms | Shopping,candidate,unreviewed,confirm_sense | confirm_primary_stage | add_learner_definition_en | add_learner_meaning_vi | add_forms_and_grammar | add_example_and_media
pv_block_noun,block,noun,unspecified,A1,A1,A1_2,cefrj_plus_primary_heuristic,town_services,general_english,,"Things in the town, shops and shopping | House and home, environment",candidate,unreviewed,confirm_sense | confirm_primary_stage | add_learner_definition_en | add_learner_meaning_vi | add_forms_and_grammar | add_example_and_media
pv_blonde_adjective,blonde,adjective,unspecified,A2,A2,A2_1,cefrj_plus_primary_heuristic,general_language,general_english,,,candidate,unreviewed,confirm_sense | confirm_primary_stage | add_learner_definition_en | add_learner_meaning_vi | add_forms_and_grammar | add_example_and_media
pv_blow_verb,blow,verb,unspecified,A1,A1,A1_1,cefrj_plus_primary_heuristic,general_language,general_english,,,candidate,unreviewed,confirm_sense | confirm_primary_stage | add_learner_definition_en | add_learner_meaning_vi | add_forms_and_grammar | add_example_and_media
pv_blue_adjective,blue,adjective,unspecified,A1,A1,A1_1,cefrj_plus_primary_heuristic,general_language,general_english,,,candidate,unreviewed,confirm_sense | confirm_primary_stage | add_learner_definition_en | add_learner_meaning_vi | add_forms_and_grammar | add_example_and_media
pv_blue_noun,blue,noun,unspecified,A1,PRE_A1,PRE_A1_2,cefrj_plus_primary_heuristic,colors_shapes,general_english,,Colours,candidate,unreviewed,confirm_sense | confirm_primary_stage | add_learner_definition_en | add_learner_meaning_vi | add_forms_and_grammar | add_example_and_media
pv_board_noun,board,noun,unspecified,A1,PRE_A1,PRE_A1_1,cefrj_plus_primary_heuristic,home_objects,general_english,,"Objects and rooms | House and home, environment",candidate,unreviewed,confirm_sense | confirm_primary_stage | add_learner_definition_en | add_learner_meaning_vi | add_forms_and_grammar | add_example_and_media
pv_boat_noun,boat,noun,unspecified,A1,A1,A1_1,cefrj_plus_primary_heuristic,travel_transport,general_english,,Ways of travelling | Leisure activities | Travel,candidate,unreviewed,confirm_sense | confirm_primary_stage | add_learner_definition_en | add_learner_meaning_vi | add_forms_and_grammar | add_example_and_media
pv_body_noun,body,noun,unspecified,A1,A1,A1_2,cefrj_plus_primary_heuristic,body_health,general_english,,Health and body care,candidate,unreviewed,confirm_sense | confirm_primary_stage | add_learner_definition_en | add_learner_meaning_vi | add_forms_and_grammar | add_example_and_media
pv_boil_verb,boil,verb,unspecified,A2,A2,A2_2,cefrj_plus_primary_heuristic,general_language,general_english,,,candidate,unreviewed,confirm_sense | confirm_primary_stage | add_learner_definition_en | add_learner_meaning_vi | add_forms_and_grammar | add_example_and_media
pv_boiled_adjective,boiled,adjective,unspecified,A2,A2,A2_1,cefrj_plus_primary_heuristic,general_language,general_english,,,candidate,unreviewed,confirm_sense | confirm_primary_stage | add_learner_definition_en | add_learner_meaning_vi | add_forms_and_grammar | add_example_and_media
pv_bone_noun,bone,noun,unspecified,A1,PRE_A1,PRE_A1_2,cefrj_plus_primary_heuristic,general_language,general_english,,,candidate,unreviewed,confirm_sense | confirm_primary_stage | add_learner_definition_en | add_learner_meaning_vi | add_forms_and_grammar | add_example_and_media
pv_book_noun,book,noun,unspecified,A1,PRE_A1,PRE_A1_1,cefrj_plus_primary_heuristic,home_objects,general_english,,"Objects and rooms | Free time, entertainment",candidate,unreviewed,confirm_sense | confirm_primary_stage | add_learner_definition_en | add_learner_meaning_vi | add_forms_and_grammar | add_example_and_media
pv_bookcase_noun,bookcase,noun,unspecified,A2,A2,A2_1,cefrj_plus_primary_heuristic,shopping_money,general_english,,Shopping,candidate,unreviewed,confirm_sense | confirm_primary_stage | add_learner_definition_en | add_learner_meaning_vi | add_forms_and_grammar | add_example_and_media
pv_bookshelf_noun,bookshelf,noun,unspecified,A2,A2,A2_1,cefrj_plus_primary_heuristic,home_environment,general_english,,"House and home, environment",candidate,unreviewed,confirm_sense | confirm_primary_stage | add_learner_definition_en | add_learner_meaning_vi | add_forms_and_grammar | add_example_and_media
pv_bookshop_noun,bookshop,noun,unspecified,A2,A2,A2_1,cefrj_plus_primary_heuristic,shopping_money,general_english,,Shopping,candidate,unreviewed,confirm_sense | confirm_primary_stage | add_learner_definition_en | add_learner_meaning_vi | add_forms_and_grammar | add_example_and_media
pv_bookstore_noun,bookstore,noun,unspecified,A1,A1,A1_1,cefrj_plus_primary_heuristic,town_services,general_english,,"Things in the town, shops and shopping | Shopping",candidate,unreviewed,confirm_sense | confirm_primary_stage | add_learner_definition_en | add_learner_meaning_vi | add_forms_and_grammar | add_example_and_media
pv_bored_adjective,bored,adjective,unspecified,A2,A2,A2_1,cefrj_plus_primary_heuristic,general_language,general_english,,,candidate,unreviewed,confirm_sense | confirm_primary_stage | add_learner_definition_en | add_learner_meaning_vi | add_forms_and_grammar | add_example_and_media
pv_boring_adjective,boring,adjective,unspecified,A1,A1,A1_1,cefrj_plus_primary_heuristic,general_language,general_english,,,candidate,unreviewed,confirm_sense | confirm_primary_stage | add_learner_definition_en | add_learner_meaning_vi | add_forms_and_grammar | add_example_and_media
pv_borrow_verb,borrow,verb,unspecified,A1,PRE_A1,PRE_A1_2,cefrj_plus_primary_heuristic,general_language,general_english,,,candidate,unreviewed,confirm_sense | confirm_primary_stage | add_learner_definition_en | add_learner_meaning_vi | add_forms_and_grammar | add_example_and_media
pv_both_adverb,both,adverb,unspecified,A1,A1,A1_1,cefrj_plus_primary_heuristic,general_language,general_english,,,candidate,unreviewed,confirm_sense | confirm_primary_stage | add_learner_definition_en | add_learner_meaning_vi | add_forms_and_grammar | add_example_and_media
pv_both_determiner,both,determiner,unspecified,A1,PRE_A1,PRE_A1_2,cefrj_plus_primary_heuristic,general_language,general_english,,,candidate,unreviewed,confirm_sense | confirm_primary_stage | add_learner_definition_en | add_learner_meaning_vi | add_forms_and_grammar | add_example_and_media
pv_both_pronoun,both,pronoun,unspecified,A1,PRE_A1,PRE_A1_2,cefrj_plus_primary_heuristic,general_language,general_english,,,candidate,unreviewed,confirm_sense | confirm_primary_stage | add_learner_definition_en | add_learner_meaning_vi | add_forms_and_grammar | add_example_and_media
pv_bother_verb,bother,verb,unspecified,A2,A2,A2_1,cefrj_plus_primary_heuristic,general_language,general_english,,,candidate,unreviewed,confirm_sense | confirm_primary_stage | add_learner_definition_en | add_learner_meaning_vi | add_forms_and_grammar | add_example_and_media
pv_bottle_noun,bottle,noun,unspecified,A1,PRE_A1,PRE_A1_1,cefrj_plus_primary_heuristic,food_drink,general_english,,Food and drink | Shopping,candidate,unreviewed,confirm_sense | confirm_primary_stage | add_learner_definition_en | add_learner_meaning_vi | add_forms_and_grammar | add_example_and_media
pv_bottom_noun,bottom,noun,unspecified,A1,PRE_A1,PRE_A1_1,cefrj_plus_primary_heuristic,general_language,general_english,,,candidate,unreviewed,confirm_sense | confirm_primary_stage | add_learner_definition_en | add_learner_meaning_vi | add_forms_and_grammar | add_example_and_media
pv_bowl_noun,bowl,noun,unspecified,A1,PRE_A1,PRE_A1_2,cefrj_plus_primary_heuristic,home_objects,general_english,,Objects and rooms | Shopping,candidate,unreviewed,confirm_sense | confirm_primary_stage | add_learner_definition_en | add_learner_meaning_vi | add_forms_and_grammar | add_example_and_media
pv_box_noun,box,noun,unspecified,A1,PRE_A1,PRE_A1_2,cefrj_plus_primary_heuristic,home_objects,general_english,,Objects and rooms | Shopping,candidate,unreviewed,confirm_sense | confirm_primary_stage | add_learner_definition_en | add_learner_meaning_vi | add_forms_and_grammar | add_example_and_media
pv_boy_noun,boy,noun,unspecified,A1,PRE_A1,PRE_A1_1,cefrj_plus_primary_heuristic,personal_information,general_english,,Personal information | Personal identification,candidate,unreviewed,confirm_sense | confirm_primary_stage | add_learner_definition_en | add_learner_meaning_vi | add_forms_and_grammar | add_example_and_media
pv_boyfriend_noun,boyfriend,noun,unspecified,A1,PRE_A1,PRE_A1_2,cefrj_plus_primary_heuristic,personal_information,general_english,,Personal information | Personal identification,candidate,unreviewed,confirm_sense | confirm_primary_stage | add_learner_definition_en | add_learner_meaning_vi | add_forms_and_grammar | add_example_and_media
pv_brain_noun,brain,noun,unspecified,A1,PRE_A1,PRE_A1_2,cefrj_plus_primary_heuristic,body_health,general_english,,Health and body care,candidate,unreviewed,confirm_sense | confirm_primary_stage | add_learner_definition_en | add_learner_meaning_vi | add_forms_and_grammar | add_example_and_media
pv_branch_noun,branch,noun,unspecified,A2,A2,A2_1,cefrj_plus_primary_heuristic,town_services,general_english,,"Things in the town, shops and shopping | Services",candidate,unreviewed,confirm_sense | confirm_primary_stage | add_learner_definition_en | add_learner_meaning_vi | add_forms_and_grammar | add_example_and_media
pv_brand_noun,brand,noun,unspecified,A2,A2,A2_1,cefrj_plus_primary_heuristic,shopping_money,general_english,,Shopping | Shopping,candidate,unreviewed,confirm_sense | confirm_primary_stage | add_learner_definition_en | add_learner_meaning_vi | add_forms_and_grammar | add_example_and_media
pv_brave_adjective,brave,adjective,unspecified,A2,A2,A2_2,cefrj_plus_primary_heuristic,general_language,general_english,,,candidate,unreviewed,confirm_sense | confirm_primary_stage | add_learner_definition_en | add_learner_meaning_vi | add_forms_and_grammar | add_example_and_media
pv_bread_noun,bread,noun,unspecified,A1,PRE_A1,PRE_A1_2,cefrj_plus_primary_heuristic,food_drink,general_english,,Food and drink | Food and drink,candidate,unreviewed,confirm_sense | confirm_primary_stage | add_learner_definition_en | add_learner_meaning_vi | add_forms_and_grammar | add_example_and_media
pv_break_verb,break,verb,unspecified,A1,PRE_A1,PRE_A1_2,cefrj_plus_primary_heuristic,general_language,general_english,,,candidate,unreviewed,confirm_sense | confirm_primary_stage | add_learner_definition_en | add_learner_meaning_vi | add_forms_and_grammar | add_example_and_media
pv_breakfast_noun,breakfast,noun,unspecified,A1,A1,A1_2,cefrj_plus_primary_heuristic,food_drink,general_english,,Food and drink | Food and drink,candidate,unreviewed,confirm_sense | confirm_primary_stage | add_learner_definition_en | add_learner_meaning_vi | add_forms_and_grammar | add_example_and_media
pv_breathe_verb,breathe,verb,unspecified,A1,A1,A1_1,cefrj_plus_primary_heuristic,general_language,general_english,,,candidate,unreviewed,confirm_sense | confirm_primary_stage | add_learner_definition_en | add_learner_meaning_vi | add_forms_and_grammar | add_example_and_media
pv_breeze_noun,breeze,noun,unspecified,A2,A2,A2_1,cefrj_plus_primary_heuristic,weather_seasons,general_english,,Weather,candidate,unreviewed,confirm_sense | confirm_primary_stage | add_learner_definition_en | add_learner_meaning_vi | add_forms_and_grammar | add_example_and_media
pv_bridge_noun,bridge,noun,unspecified,A1,PRE_A1,PRE_A1_2,cefrj_plus_primary_heuristic,town_services,general_english,,"Things in the town, shops and shopping | House and home, environment",candidate,unreviewed,confirm_sense | confirm_primary_stage | add_learner_definition_en | add_learner_meaning_vi | add_forms_and_grammar | add_example_and_media
pv_bright_adjective,bright,adjective,unspecified,A1,A1,A1_2,cefrj_plus_primary_heuristic,general_language,general_english,,,candidate,unreviewed,confirm_sense | confirm_primary_stage | add_learner_definition_en | add_learner_meaning_vi | add_forms_and_grammar | add_example_and_media
pv_brilliant_adjective,brilliant,adjective,unspecified,A2,A2,A2_1,cefrj_plus_primary_heuristic,general_language,general_english,,,candidate,unreviewed,confirm_sense | confirm_primary_stage | add_learner_definition_en | add_learner_meaning_vi | add_forms_and_grammar | add_example_and_media
pv_bring_verb,bring,verb,unspecified,A1,A1,A1_2,cefrj_plus_primary_heuristic,general_language,general_english,,,candidate,unreviewed,confirm_sense | confirm_primary_stage | add_learner_definition_en | add_learner_meaning_vi | add_forms_and_grammar | add_example_and_media
pv_broken_adjective,broken,adjective,unspecified,A1,PRE_A1,PRE_A1_1,cefrj_plus_primary_heuristic,general_language,general_english,,,candidate,unreviewed,confirm_sense | confirm_primary_stage | add_learner_definition_en | add_learner_meaning_vi | add_forms_and_grammar | add_example_and_media
pv_brother_noun,brother,noun,unspecified,A1,A1,A1_2,cefrj_plus_primary_heuristic,family_friends,general_english,,Family life | Personal identification,candidate,unreviewed,confirm_sense | confirm_primary_stage | add_learner_definition_en | add_learner_meaning_vi | add_forms_and_grammar | add_example_and_media
pv_brown_adjective,brown,adjective,unspecified,A1,A1,A1_2,cefrj_plus_primary_heuristic,general_language,general_english,,,candidate,unreviewed,confirm_sense | confirm_primary_stage | add_learner_definition_en | add_learner_meaning_vi | add_forms_and_grammar | add_example_and_media
pv_brush_noun,brush,noun,unspecified,A1,PRE_A1,PRE_A1_2,cefrj_plus_primary_heuristic,school_learning,general_english,,Education | Objects and rooms | Shopping,candidate,unreviewed,confirm_sense | confirm_primary_stage | add_learner_definition_en | add_learner_meaning_vi | add_forms_and_grammar | add_example_and_media
pv_brush_verb,brush,verb,unspecified,A1,A1,A1_2,cefrj_plus_primary_heuristic,general_language,general_english,,,candidate,unreviewed,confirm_sense | confirm_primary_stage | add_learner_definition_en | add_learner_meaning_vi | add_forms_and_grammar | add_example_and_media
pv_bucket_noun,bucket,noun,unspecified,A1,PRE_A1,PRE_A1_1,cefrj_plus_primary_heuristic,home_objects,general_english,,Objects and rooms | Shopping,candidate,unreviewed,confirm_sense | confirm_primary_stage | add_learner_definition_en | add_learner_meaning_vi | add_forms_and_grammar | add_example_and_media
pv_build_verb,build,verb,unspecified,A1,A1,A1_2,cefrj_plus_primary_heuristic,general_language,general_english,,,candidate,unreviewed,confirm_sense | confirm_primary_stage | add_learner_definition_en | add_learner_meaning_vi | add_forms_and_grammar | add_example_and_media
pv_building_noun,building,noun,unspecified,A1,A1,A1_2,cefrj_plus_primary_heuristic,town_services,general_english,,"Things in the town, shops and shopping | House and home, environment",candidate,unreviewed,confirm_sense | confirm_primary_stage | add_learner_definition_en | add_learner_meaning_vi | add_forms_and_grammar | add_example_and_media
pv_burger_noun,burger,noun,unspecified,A1,PRE_A1,PRE_A1_2,cefrj_plus_primary_heuristic,food_drink,general_english,,Food and drink | Food and drink,candidate,unreviewed,confirm_sense | confirm_primary_stage | add_learner_definition_en | add_learner_meaning_vi | add_forms_and_grammar | add_example_and_media
pv_bury_verb,bury,verb,unspecified,A2,A2,A2_2,cefrj_plus_primary_heuristic,general_language,general_english,,,candidate,unreviewed,confirm_sense | confirm_primary_stage | add_learner_definition_en | add_learner_meaning_vi | add_forms_and_grammar | add_example_and_media
pv_bus_noun,bus,noun,unspecified,A1,A1,A1_2,cefrj_plus_primary_heuristic,travel_transport,general_english,,"Ways of travelling | Things in the town, shops and shopping | Travel",candidate,unreviewed,confirm_sense | confirm_primary_stage | add_learner_definition_en | add_learner_meaning_vi | add_forms_and_grammar | add_example_and_media
pv_bush_noun,bush,noun,unspecified,A2,A2,A2_1,cefrj_plus_primary_heuristic,town_services,general_english,,"Things in the town, shops and shopping | Places",candidate,unreviewed,confirm_sense | confirm_primary_stage | add_learner_definition_en | add_learner_meaning_vi | add_forms_and_grammar | add_example_and_media
pv_business_noun,business,noun,unspecified,A1,A1,A1_2,cefrj_plus_primary_heuristic,jobs_community,general_english,,Work and Jobs | Daily life,candidate,unreviewed,confirm_sense | confirm_primary_stage | add_learner_definition_en | add_learner_meaning_vi | add_forms_and_grammar | add_example_and_media
pv_busy_adjective,busy,adjective,unspecified,A1,A1,A1_2,cefrj_plus_primary_heuristic,general_language,general_english,,,candidate,unreviewed,confirm_sense | confirm_primary_stage | add_learner_definition_en | add_learner_meaning_vi | add_forms_and_grammar | add_example_and_media
pv_but_conjunction,but,conjunction,unspecified,A1,PRE_A1,PRE_A1_1,cefrj_plus_primary_heuristic,general_language,general_english,,,candidate,unreviewed,confirm_sense | confirm_primary_stage | add_learner_definition_en | add_learner_meaning_vi | add_forms_and_grammar | add_example_and_media
pv_butter_noun,butter,noun,unspecified,A1,PRE_A1,PRE_A1_2,cefrj_plus_primary_heuristic,food_drink,general_english,,Food and drink | Food and drink,candidate,unreviewed,confirm_sense | confirm_primary_stage | add_learner_definition_en | add_learner_meaning_vi | add_forms_and_grammar | add_example_and_media
pv_butterfly_noun,butterfly,noun,unspecified,A1,A1,A1_2,cefrj_plus_primary_heuristic,general_language,general_english,,,candidate,unreviewed,confirm_sense | confirm_primary_stage | add_learner_definition_en | add_learner_meaning_vi | add_forms_and_grammar | add_example_and_media
pv_button_noun,button,noun,unspecified,A1,A1,A1_2,primary_curriculum_decision,platform_navigation,digital_literacy,,,candidate,unreviewed,confirm_sense | confirm_primary_stage | add_learner_definition_en | add_learner_meaning_vi | add_forms_and_grammar | add_example_and_media
pv_buy_verb,buy,verb,unspecified,A1,PRE_A1,PRE_A1_2,cefrj_plus_primary_heuristic,general_language,general_english,,,candidate,unreviewed,confirm_sense | confirm_primary_stage | add_learner_definition_en | add_learner_meaning_vi | add_forms_and_grammar | add_example_and_media
pv_by_preposition,by,preposition,unspecified,A1,PRE_A1,PRE_A1_1,cefrj_plus_primary_heuristic,general_language,general_english,,,candidate,unreviewed,confirm_sense | confirm_primary_stage | add_learner_definition_en | add_learner_meaning_vi | add_forms_and_grammar | add_example_and_media
pv_bye_noun,bye,noun,unspecified,A1,A1,A1_1,cefrj_plus_primary_heuristic,general_language,general_english,,,candidate,unreviewed,confirm_sense | confirm_primary_stage | add_learner_definition_en | add_learner_meaning_vi | add_forms_and_grammar | add_example_and_media
pv_cab_noun,cab,noun,unspecified,A2,A2,A2_2,cefrj_plus_primary_heuristic,travel_transport,general_english,,"Ways of travelling | Things in the town, shops and shopping | Travel",candidate,unreviewed,confirm_sense | confirm_primary_stage | add_learner_definition_en | add_learner_meaning_vi | add_forms_and_grammar | add_example_and_media
pv_cafe_noun,cafe,noun,unspecified,A1,PRE_A1,PRE_A1_1,cefrj_plus_primary_heuristic,town_services,general_english,café,"Things in the town, shops and shopping | Food and drink",candidate,unreviewed,confirm_sense | confirm_primary_stage | add_learner_definition_en | add_learner_meaning_vi | add_forms_and_grammar | add_example_and_media
pv_cafeteria_noun,cafeteria,noun,unspecified,A2,A2,A2_1,cefrj_plus_primary_heuristic,town_services,general_english,,"Things in the town, shops and shopping | Food and drink",candidate,unreviewed,confirm_sense | confirm_primary_stage | add_learner_definition_en | add_learner_meaning_vi | add_forms_and_grammar | add_example_and_media
pv_cake_noun,cake,noun,unspecified,A1,PRE_A1,PRE_A1_1,cefrj_plus_primary_heuristic,food_drink,general_english,,Food and drink | Food and drink,candidate,unreviewed,confirm_sense | confirm_primary_stage | add_learner_definition_en | add_learner_meaning_vi | add_forms_and_grammar | add_example_and_media
pv_call_noun,call,noun,unspecified,A1,A1,A1_2,cefrj_plus_primary_heuristic,town_services,general_english,,Services,candidate,unreviewed,confirm_sense | confirm_primary_stage | add_learner_definition_en | add_learner_meaning_vi | add_forms_and_grammar | add_example_and_media
pv_call_verb,call,verb,unspecified,A2,A2,A2_2,cefrj_plus_primary_heuristic,general_language,general_english,,,candidate,unreviewed,confirm_sense | confirm_primary_stage | add_learner_definition_en | add_learner_meaning_vi | add_forms_and_grammar | add_example_and_media
pv_camera_noun,camera,noun,unspecified,A1,PRE_A1,PRE_A1_2,cefrj_plus_primary_heuristic,home_objects,general_english,,Objects and rooms | Travel,candidate,unreviewed,confirm_sense | confirm_primary_stage | add_learner_definition_en | add_learner_meaning_vi | add_forms_and_grammar | add_example_and_media
pv_camp_noun,camp,noun,unspecified,A1,PRE_A1,PRE_A1_2,cefrj_plus_primary_heuristic,hobbies_free_time,general_english,,"Leisure activities | Free time, entertainment",candidate,unreviewed,confirm_sense | confirm_primary_stage | add_learner_definition_en | add_learner_meaning_vi | add_forms_and_grammar | add_example_and_media
pv_camp_verb,camp,verb,unspecified,A2,A2,A2_1,cefrj_plus_primary_heuristic,general_language,general_english,,,candidate,unreviewed,confirm_sense | confirm_primary_stage | add_learner_definition_en | add_learner_meaning_vi | add_forms_and_grammar | add_example_and_media
pv_camping_noun,camping,noun,unspecified,A2,A2,A2_2,cefrj_plus_primary_heuristic,hobbies_free_time,general_english,,"Free time, entertainment",candidate,unreviewed,confirm_sense | confirm_primary_stage | add_learner_definition_en | add_learner_meaning_vi | add_forms_and_grammar | add_example_and_media
pv_campus_noun,campus,noun,unspecified,A2,A2,A2_1,cefrj_plus_primary_heuristic,school_learning,general_english,,Education | Education,candidate,unreviewed,confirm_sense | confirm_primary_stage | add_learner_definition_en | add_learner_meaning_vi | add_forms_and_grammar | add_example_and_media
pv_can_modal,can,modal,unspecified,A1,PRE_A1,PRE_A1_1,cefrj_plus_primary_heuristic,general_language,general_english,,,candidate,unreviewed,confirm_sense | confirm_primary_stage | add_learner_definition_en | add_learner_meaning_vi | add_forms_and_grammar | add_example_and_media
pv_can_noun,can,noun,unspecified,A2,A2,A2_2,cefrj_plus_primary_heuristic,shopping_money,general_english,,Shopping,candidate,unreviewed,confirm_sense | confirm_primary_stage | add_learner_definition_en | add_learner_meaning_vi | add_forms_and_grammar | add_example_and_media
pv_candy_noun,candy,noun,unspecified,A1,PRE_A1,PRE_A1_1,cefrj_plus_primary_heuristic,food_drink,general_english,,Food and drink | Food and drink,candidate,unreviewed,confirm_sense | confirm_primary_stage | add_learner_definition_en | add_learner_meaning_vi | add_forms_and_grammar | add_example_and_media
pv_cap_noun,cap,noun,unspecified,A1,PRE_A1,PRE_A1_2,cefrj_plus_primary_heuristic,clothes_appearance,general_english,,Clothes | Shopping,candidate,unreviewed,confirm_sense | confirm_primary_stage | add_learner_definition_en | add_learner_meaning_vi | add_forms_and_grammar | add_example_and_media
pv_car_noun,car,noun,unspecified,A1,PRE_A1,PRE_A1_1,cefrj_plus_primary_heuristic,town_services,general_english,,"Things in the town, shops and shopping | Ways of travelling | Travel",candidate,unreviewed,confirm_sense | confirm_primary_stage | add_learner_definition_en | add_learner_meaning_vi | add_forms_and_grammar | add_example_and_media
pv_card_noun,card,noun,unspecified,A1,A1,A1_2,cefrj_plus_primary_heuristic,shopping_money,general_english,,Shopping | Objects and rooms | Shopping,candidate,unreviewed,confirm_sense | confirm_primary_stage | add_learner_definition_en | add_learner_meaning_vi | add_forms_and_grammar | add_example_and_media
pv_care_noun,care,noun,unspecified,A1,PRE_A1,PRE_A1_2,cefrj_plus_primary_heuristic,body_health,general_english,,Health and body care,candidate,unreviewed,confirm_sense | confirm_primary_stage | add_learner_definition_en | add_learner_meaning_vi | add_forms_and_grammar | add_example_and_media
pv_careful_adjective,careful,adjective,unspecified,A1,PRE_A1,PRE_A1_2,cefrj_plus_primary_heuristic,general_language,general_english,,,candidate,unreviewed,confirm_sense | confirm_primary_stage | add_learner_definition_en | add_learner_meaning_vi | add_forms_and_grammar | add_example_and_media
pv_carefully_adverb,carefully,adverb,unspecified,A1,A1,A1_1,cefrj_plus_primary_heuristic,general_language,general_english,,,candidate,unreviewed,confirm_sense | confirm_primary_stage | add_learner_definition_en | add_learner_meaning_vi | add_forms_and_grammar | add_example_and_media
pv_carrot_noun,carrot,noun,unspecified,A2,A2,A2_2,cefrj_plus_primary_heuristic,shopping_money,general_english,,Shopping,candidate,unreviewed,confirm_sense | confirm_primary_stage | add_learner_definition_en | add_learner_meaning_vi | add_forms_and_grammar | add_example_and_media
pv_carry_verb,carry,verb,unspecified,A1,A1,A1_1,cefrj_plus_primary_heuristic,general_language,general_english,,,candidate,unreviewed,confirm_sense | confirm_primary_stage | add_learner_definition_en | add_learner_meaning_vi | add_forms_and_grammar | add_example_and_media
pv_cartoon_noun,cartoon,noun,unspecified,A1,A1,A1_1,cefrj_plus_primary_heuristic,hobbies_free_time,general_english,,"Hobbies and pastimes | Free time, entertainment",candidate,unreviewed,confirm_sense | confirm_primary_stage | add_learner_definition_en | add_learner_meaning_vi | add_forms_and_grammar | add_example_and_media
pv_case_noun,case,noun,unspecified,A1,PRE_A1,PRE_A1_1,cefrj_plus_primary_heuristic,home_objects,general_english,,Objects and rooms,candidate,unreviewed,confirm_sense | confirm_primary_stage | add_learner_definition_en | add_learner_meaning_vi | add_forms_and_grammar | add_example_and_media
pv_cassette_noun,cassette,noun,unspecified,A2,A2,A2_1,cefrj_plus_primary_heuristic,home_objects,general_english,,"Objects and rooms | Free time, entertainment",candidate,unreviewed,confirm_sense | confirm_primary_stage | add_learner_definition_en | add_learner_meaning_vi | add_forms_and_grammar | add_example_and_media
pv_castle_noun,castle,noun,unspecified,A2,A2,A2_1,cefrj_plus_primary_heuristic,home_environment,general_english,,"House and home, environment",candidate,unreviewed,confirm_sense | confirm_primary_stage | add_learner_definition_en | add_learner_meaning_vi | add_forms_and_grammar | add_example_and_media
pv_cat_noun,cat,noun,unspecified,A1,A1,A1_1,cefrj_plus_primary_heuristic,general_language,general_english,,,candidate,unreviewed,confirm_sense | confirm_primary_stage | add_learner_definition_en | add_learner_meaning_vi | add_forms_and_grammar | add_example_and_media
pv_catch_noun,catch,noun,unspecified,A1,PRE_A1,PRE_A1_2,cefrj_plus_primary_heuristic,general_language,general_english,,,candidate,unreviewed,confirm_sense | confirm_primary_stage | add_learner_definition_en | add_learner_meaning_vi | add_forms_and_grammar | add_example_and_media
pv_catch_verb,catch,verb,unspecified,A1,PRE_A1,PRE_A1_1,cefrj_plus_primary_heuristic,general_language,general_english,,,candidate,unreviewed,confirm_sense | confirm_primary_stage | add_learner_definition_en | add_learner_meaning_vi | add_forms_and_grammar | add_example_and_media
pv_cause_verb,cause,verb,unspecified,A2,A2,A2_1,cefrj_plus_primary_heuristic,general_language,general_english,,,candidate,unreviewed,confirm_sense | confirm_primary_stage | add_learner_definition_en | add_learner_meaning_vi | add_forms_and_grammar | add_example_and_media
pv_cd_noun,CD,noun,unspecified,A1,A1,A1_2,cefrj_plus_primary_heuristic,hobbies_free_time,general_english,,"Hobbies and pastimes | Free time, entertainment",candidate,unreviewed,confirm_sense | confirm_primary_stage | add_learner_definition_en | add_learner_meaning_vi | add_forms_and_grammar | add_example_and_media
pv_cd_player_noun,CD player,noun,unspecified,A1,PRE_A1,PRE_A1_2,cefrj_plus_primary_heuristic,home_objects,general_english,,"Objects and rooms | House and home, environment",candidate,unreviewed,confirm_sense | confirm_primary_stage | add_learner_definition_en | add_learner_meaning_vi | add_forms_and_grammar | add_example_and_media
pv_celebrate_verb,celebrate,verb,unspecified,A1,A1,A1_2,cefrj_plus_primary_heuristic,general_language,general_english,,,candidate,unreviewed,confirm_sense | confirm_primary_stage | add_learner_definition_en | add_learner_meaning_vi | add_forms_and_grammar | add_example_and_media
pv_celebration_noun,celebration,noun,unspecified,A1,PRE_A1,PRE_A1_2,cefrj_plus_primary_heuristic,daily_routines,general_english,,Daily life,candidate,unreviewed,confirm_sense | confirm_primary_stage | add_learner_definition_en | add_learner_meaning_vi | add_forms_and_grammar | add_example_and_media
pv_centimetre_noun,centimetre,noun,unspecified,A2,A2,A2_2,primary_curriculum_decision,math_measurement,academic_clil,,,candidate,unreviewed,confirm_sense | confirm_primary_stage | add_learner_definition_en | add_learner_meaning_vi | add_forms_and_grammar | add_example_and_media
pv_cereal_noun,cereal,noun,unspecified,A2,A2,A2_2,cefrj_plus_primary_heuristic,food_drink,general_english,,Food and drink,candidate,unreviewed,confirm_sense | confirm_primary_stage | add_learner_definition_en | add_learner_meaning_vi | add_forms_and_grammar | add_example_and_media
pv_certain_adjective,certain,adjective,unspecified,A2,A2,A2_1,cefrj_plus_primary_heuristic,general_language,general_english,,,candidate,unreviewed,confirm_sense | confirm_primary_stage | add_learner_definition_en | add_learner_meaning_vi | add_forms_and_grammar | add_example_and_media
pv_certainly_adverb,certainly,adverb,unspecified,A2,A2,A2_2,cefrj_plus_primary_heuristic,general_language,general_english,,,candidate,unreviewed,confirm_sense | confirm_primary_stage | add_learner_definition_en | add_learner_meaning_vi | add_forms_and_grammar | add_example_and_media
pv_chair_noun,chair,noun,unspecified,A1,PRE_A1,PRE_A1_2,cefrj_plus_primary_heuristic,home_objects,general_english,,"Objects and rooms | House and home, environment",candidate,unreviewed,confirm_sense | confirm_primary_stage | add_learner_definition_en | add_learner_meaning_vi | add_forms_and_grammar | add_example_and_media
pv_change_noun,change,noun,unspecified,A1,A1,A1_2,cefrj_plus_primary_heuristic,general_language,general_english,,,candidate,unreviewed,confirm_sense | confirm_primary_stage | add_learner_definition_en | add_learner_meaning_vi | add_forms_and_grammar | add_example_and_media
pv_change_verb,change,verb,unspecified,A1,A1,A1_1,cefrj_plus_primary_heuristic,general_language,general_english,,,candidate,unreviewed,confirm_sense | confirm_primary_stage | add_learner_definition_en | add_learner_meaning_vi | add_forms_and_grammar | add_example_and_media
pv_chapter_noun,chapter,noun,unspecified,A2,A2,A2_1,cefrj_plus_primary_heuristic,stories_reading,general_english,,"Books and literature | Education | Free time, entertainment",candidate,unreviewed,confirm_sense | confirm_primary_stage | add_learner_definition_en | add_learner_meaning_vi | add_forms_and_grammar | add_example_and_media
pv_character_noun,character,noun,unspecified,A1,PRE_A1,PRE_A1_1,cefrj_plus_primary_heuristic,people_identity,general_english,,Personal identification,candidate,unreviewed,confirm_sense | confirm_primary_stage | add_learner_definition_en | add_learner_meaning_vi | add_forms_and_grammar | add_example_and_media
pv_chart_noun,chart,noun,unspecified,A2,A2,A2_1,cefrj_plus_primary_heuristic,school_learning,general_english,,Education | Education,candidate,unreviewed,confirm_sense | confirm_primary_stage | add_learner_definition_en | add_learner_meaning_vi | add_forms_and_grammar | add_example_and_media
pv_chat_verb,chat,verb,unspecified,A2,A2,A2_2,cefrj_plus_primary_heuristic,general_language,general_english,,,candidate,unreviewed,confirm_sense | confirm_primary_stage | add_learner_definition_en | add_learner_meaning_vi | add_forms_and_grammar | add_example_and_media
pv_cheap_adjective,cheap,adjective,unspecified,A2,A2,A2_2,cefrj_plus_primary_heuristic,general_language,general_english,,,candidate,unreviewed,confirm_sense | confirm_primary_stage | add_learner_definition_en | add_learner_meaning_vi | add_forms_and_grammar | add_example_and_media
pv_check_noun,check,noun,unspecified,A1,A1,A1_2,cefrj_plus_primary_heuristic,town_services,general_english,,Services,candidate,unreviewed,confirm_sense | confirm_primary_stage | add_learner_definition_en | add_learner_meaning_vi | add_forms_and_grammar | add_example_and_media
pv_check_verb,check,verb,unspecified,A2,A2,A2_2,cefrj_plus_primary_heuristic,general_language,general_english,,,candidate,unreviewed,confirm_sense | confirm_primary_stage | add_learner_definition_en | add_learner_meaning_vi | add_forms_and_grammar | add_example_and_media
pv_cheek_noun,cheek,noun,unspecified,A2,A2,A2_2,cefrj_plus_primary_heuristic,body_health,general_english,,Health and body care,candidate,unreviewed,confirm_sense | confirm_primary_stage | add_learner_definition_en | add_learner_meaning_vi | add_forms_and_grammar | add_example_and_media
pv_cheer_verb,cheer,verb,unspecified,A2,A2,A2_1,cefrj_plus_primary_heuristic,general_language,general_english,,,candidate,unreviewed,confirm_sense | confirm_primary_stage | add_learner_definition_en | add_learner_meaning_vi | add_forms_and_grammar | add_example_and_media
pv_cheese_noun,cheese,noun,unspecified,A1,PRE_A1,PRE_A1_2,cefrj_plus_primary_heuristic,food_drink,general_english,,Food and drink | Food and drink,candidate,unreviewed,confirm_sense | confirm_primary_stage | add_learner_definition_en | add_learner_meaning_vi | add_forms_and_grammar | add_example_and_media
pv_chemical_adjective,chemical,adjective,unspecified,A2,A2,A2_1,cefrj_plus_primary_heuristic,general_language,general_english,,,candidate,unreviewed,confirm_sense | confirm_primary_stage | add_learner_definition_en | add_learner_meaning_vi | add_forms_and_grammar | add_example_and_media
pv_cheque_noun,cheque,noun,unspecified,A2,A2,A2_2,cefrj_plus_primary_heuristic,town_services,general_english,,Services,candidate,unreviewed,confirm_sense | confirm_primary_stage | add_learner_definition_en | add_learner_meaning_vi | add_forms_and_grammar | add_example_and_media
pv_chest_noun,chest,noun,unspecified,A2,A2,A2_1,cefrj_plus_primary_heuristic,body_health,general_english,,Health and body care,candidate,unreviewed,confirm_sense | confirm_primary_stage | add_learner_definition_en | add_learner_meaning_vi | add_forms_and_grammar | add_example_and_media
pv_chicken_noun,chicken,noun,unspecified,A1,PRE_A1,PRE_A1_1,cefrj_plus_primary_heuristic,food_drink,general_english,,Food and drink | Food and drink,candidate,unreviewed,confirm_sense | confirm_primary_stage | add_learner_definition_en | add_learner_meaning_vi | add_forms_and_grammar | add_example_and_media
pv_child_noun,child,noun,unspecified,A1,PRE_A1,PRE_A1_2,cefrj_plus_primary_heuristic,family_friends,general_english,,Family life | Personal identification,candidate,unreviewed,confirm_sense | confirm_primary_stage | add_learner_definition_en | add_learner_meaning_vi | add_forms_and_grammar | add_example_and_media
pv_chin_noun,chin,noun,unspecified,A2,A2,A2_1,cefrj_plus_primary_heuristic,body_health,general_english,,Health and body care,candidate,unreviewed,confirm_sense | confirm_primary_stage | add_learner_definition_en | add_learner_meaning_vi | add_forms_and_grammar | add_example_and_media
pv_chocolate_noun,chocolate,noun,unspecified,A1,PRE_A1,PRE_A1_2,cefrj_plus_primary_heuristic,food_drink,general_english,,Food and drink | Food and drink,candidate,unreviewed,confirm_sense | confirm_primary_stage | add_learner_definition_en | add_learner_meaning_vi | add_forms_and_grammar | add_example_and_media
pv_choose_verb,choose,verb,unspecified,A1,A1,A1_1,cefrj_plus_primary_heuristic,general_language,general_english,,,candidate,unreviewed,confirm_sense | confirm_primary_stage | add_learner_definition_en | add_learner_meaning_vi | add_forms_and_grammar | add_example_and_media
pv_church_noun,church,noun,unspecified,A1,PRE_A1,PRE_A1_2,cefrj_plus_primary_heuristic,town_services,general_english,,"Things in the town, shops and shopping | House and home, environment",candidate,unreviewed,confirm_sense | confirm_primary_stage | add_learner_definition_en | add_learner_meaning_vi | add_forms_and_grammar | add_example_and_media
pv_cinema_noun,cinema,noun,unspecified,A1,A1,A1_2,cefrj_plus_primary_heuristic,hobbies_free_time,general_english,,"Hobbies and pastimes | Free time, entertainment",candidate,unreviewed,confirm_sense | confirm_primary_stage | add_learner_definition_en | add_learner_meaning_vi | add_forms_and_grammar | add_example_and_media
pv_circle_noun,circle,noun,unspecified,A1,A1,A1_2,cefrj_plus_primary_heuristic,general_language,general_english,,,candidate,unreviewed,confirm_sense | confirm_primary_stage | add_learner_definition_en | add_learner_meaning_vi | add_forms_and_grammar | add_example_and_media
pv_city_noun,city,noun,unspecified,A1,A1,A1_2,cefrj_plus_primary_heuristic,home_environment,general_english,,"House and home, environment",candidate,unreviewed,confirm_sense | confirm_primary_stage | add_learner_definition_en | add_learner_meaning_vi | add_forms_and_grammar | add_example_and_media
pv_claim_verb,claim,verb,unspecified,A2,A2,A2_1,cefrj_plus_primary_heuristic,general_language,general_english,,,candidate,unreviewed,confirm_sense | confirm_primary_stage | add_learner_definition_en | add_learner_meaning_vi | add_forms_and_grammar | add_example_and_media
pv_class_noun,class,noun,unspecified,A1,PRE_A1,PRE_A1_1,cefrj_plus_primary_heuristic,school_learning,general_english,,Education | Education,candidate,unreviewed,confirm_sense | confirm_primary_stage | add_learner_definition_en | add_learner_meaning_vi | add_forms_and_grammar | add_example_and_media
pv_classic_adjective,classic,adjective,unspecified,A2,A2,A2_2,cefrj_plus_primary_heuristic,general_language,general_english,,,candidate,unreviewed,confirm_sense | confirm_primary_stage | add_learner_definition_en | add_learner_meaning_vi | add_forms_and_grammar | add_example_and_media
pv_classmate_noun,classmate,noun,unspecified,A1,PRE_A1,PRE_A1_2,cefrj_plus_primary_heuristic,school_learning,general_english,,Education | Relations with other people,candidate,unreviewed,confirm_sense | confirm_primary_stage | add_learner_definition_en | add_learner_meaning_vi | add_forms_and_grammar | add_example_and_media
pv_classroom_noun,classroom,noun,unspecified,A1,PRE_A1,PRE_A1_2,cefrj_plus_primary_heuristic,school_learning,general_english,,Education | Education,candidate,unreviewed,confirm_sense | confirm_primary_stage | add_learner_definition_en | add_learner_meaning_vi | add_forms_and_grammar | add_example_and_media
pv_clean_adjective,clean,adjective,unspecified,A1,PRE_A1,PRE_A1_2,cefrj_plus_primary_heuristic,general_language,general_english,,,candidate,unreviewed,confirm_sense | confirm_primary_stage | add_learner_definition_en | add_learner_meaning_vi | add_forms_and_grammar | add_example_and_media
pv_clean_verb,clean,verb,unspecified,A1,PRE_A1,PRE_A1_2,cefrj_plus_primary_heuristic,general_language,general_english,,,candidate,unreviewed,confirm_sense | confirm_primary_stage | add_learner_definition_en | add_learner_meaning_vi | add_forms_and_grammar | add_example_and_media
pv_cleaner_noun,cleaner,noun,unspecified,A2,A2,A2_2,cefrj_plus_primary_heuristic,home_environment,general_english,,"House and home, environment",candidate,unreviewed,confirm_sense | confirm_primary_stage | add_learner_definition_en | add_learner_meaning_vi | add_forms_and_grammar | add_example_and_media
pv_clear_adjective,clear,adjective,unspecified,A2,A2,A2_1,cefrj_plus_primary_heuristic,general_language,general_english,,,candidate,unreviewed,confirm_sense | confirm_primary_stage | add_learner_definition_en | add_learner_meaning_vi | add_forms_and_grammar | add_example_and_media
pv_clearly_adverb,clearly,adverb,unspecified,A2,A2,A2_2,cefrj_plus_primary_heuristic,general_language,general_english,,,candidate,unreviewed,confirm_sense | confirm_primary_stage | add_learner_definition_en | add_learner_meaning_vi | add_forms_and_grammar | add_example_and_media
pv_clerk_noun,clerk,noun,unspecified,A2,A2,A2_2,cefrj_plus_primary_heuristic,jobs_community,general_english,,Work and Jobs | Personal identification,candidate,unreviewed,confirm_sense | confirm_primary_stage | add_learner_definition_en | add_learner_meaning_vi | add_forms_and_grammar | add_example_and_media
pv_clever_adjective,clever,adjective,unspecified,A1,A1,A1_1,cefrj_plus_primary_heuristic,general_language,general_english,,,candidate,unreviewed,confirm_sense | confirm_primary_stage | add_learner_definition_en | add_learner_meaning_vi | add_forms_and_grammar | add_example_and_media
pv_click_verb,click,verb,unspecified,A2,A2,A2_1,cefrj_plus_primary_heuristic,general_language,general_english,,,candidate,unreviewed,confirm_sense | confirm_primary_stage | add_learner_definition_en | add_learner_meaning_vi | add_forms_and_grammar | add_example_and_media
pv_climate_change_noun,climate change,noun,unspecified,A2,A2,A2_1,primary_curriculum_decision,environment_sustainability,global_studies,,,candidate,unreviewed,confirm_sense | confirm_primary_stage | add_learner_definition_en | add_learner_meaning_vi | add_forms_and_grammar | add_example_and_media
pv_climb_noun,climb,noun,unspecified,A1,A1,A1_2,cefrj_plus_primary_heuristic,hobbies_free_time,general_english,,Leisure activities,candidate,unreviewed,confirm_sense | confirm_primary_stage | add_learner_definition_en | add_learner_meaning_vi | add_forms_and_grammar | add_example_and_media
pv_climbing_noun,climbing,noun,unspecified,A2,A2,A2_1,cefrj_plus_primary_heuristic,hobbies_free_time,general_english,,"Free time, entertainment",candidate,unreviewed,confirm_sense | confirm_primary_stage | add_learner_definition_en | add_learner_meaning_vi | add_forms_and_grammar | add_example_and_media
pv_clock_noun,clock,noun,unspecified,A1,PRE_A1,PRE_A1_2,cefrj_plus_primary_heuristic,home_objects,general_english,,"Objects and rooms | House and home, environment",candidate,unreviewed,confirm_sense | confirm_primary_stage | add_learner_definition_en | add_learner_meaning_vi | add_forms_and_grammar | add_example_and_media
pv_clone_verb,clone,verb,unspecified,A2,A2,A2_2,cefrj_plus_primary_heuristic,general_language,general_english,,,candidate,unreviewed,confirm_sense | confirm_primary_stage | add_learner_definition_en | add_learner_meaning_vi | add_forms_and_grammar | add_example_and_media
pv_close_adjective,close,adjective,unspecified,A1,A1,A1_2,cefrj_plus_primary_heuristic,general_language,general_english,,,candidate,unreviewed,confirm_sense | confirm_primary_stage | add_learner_definition_en | add_learner_meaning_vi | add_forms_and_grammar | add_example_and_media
pv_close_verb,close,verb,unspecified,A1,PRE_A1,PRE_A1_1,cefrj_plus_primary_heuristic,general_language,general_english,,,candidate,unreviewed,confirm_sense | confirm_primary_stage | add_learner_definition_en | add_learner_meaning_vi | add_forms_and_grammar | add_example_and_media
pv_closed_adjective,closed,adjective,unspecified,A1,A1,A1_2,cefrj_plus_primary_heuristic,general_language,general_english,,,candidate,unreviewed,confirm_sense | confirm_primary_stage | add_learner_definition_en | add_learner_meaning_vi | add_forms_and_grammar | add_example_and_media
pv_cloth_noun,cloth,noun,unspecified,A1,PRE_A1,PRE_A1_2,cefrj_plus_primary_heuristic,home_objects,general_english,,Objects and rooms | Shopping,candidate,unreviewed,confirm_sense | confirm_primary_stage | add_learner_definition_en | add_learner_meaning_vi | add_forms_and_grammar | add_example_and_media
pv_clothes_noun,clothes,noun,unspecified,A1,A1,A1_1,cefrj_plus_primary_heuristic,general_language,general_english,,,candidate,unreviewed,confirm_sense | confirm_primary_stage | add_learner_definition_en | add_learner_meaning_vi | add_forms_and_grammar | add_example_and_media
pv_cloud_noun,cloud,noun,unspecified,A1,PRE_A1,PRE_A1_2,cefrj_plus_primary_heuristic,weather_seasons,general_english,,Weather,candidate,unreviewed,confirm_sense | confirm_primary_stage | add_learner_definition_en | add_learner_meaning_vi | add_forms_and_grammar | add_example_and_media
pv_cloudy_adjective,cloudy,adjective,unspecified,A1,PRE_A1,PRE_A1_2,cefrj_plus_primary_heuristic,general_language,general_english,,,candidate,unreviewed,confirm_sense | confirm_primary_stage | add_learner_definition_en | add_learner_meaning_vi | add_forms_and_grammar | add_example_and_media
pv_club_noun,club,noun,unspecified,A1,PRE_A1,PRE_A1_1,cefrj_plus_primary_heuristic,hobbies_free_time,general_english,,Hobbies and pastimes | Relations with other people,candidate,unreviewed,confirm_sense | confirm_primary_stage | add_learner_definition_en | add_learner_meaning_vi | add_forms_and_grammar | add_example_and_media
pv_coach_noun,coach,noun,unspecified,A1,A1,A1_2,cefrj_plus_primary_heuristic,travel_transport,general_english,,Ways of travelling | Personal identification,candidate,unreviewed,confirm_sense | confirm_primary_stage | add_learner_definition_en | add_learner_meaning_vi | add_forms_and_grammar | add_example_and_media
pv_coat_noun,coat,noun,unspecified,A1,PRE_A1,PRE_A1_1,cefrj_plus_primary_heuristic,clothes_appearance,general_english,,Clothes | Shopping,candidate,unreviewed,confirm_sense | confirm_primary_stage | add_learner_definition_en | add_learner_meaning_vi | add_forms_and_grammar | add_example_and_media
pv_code_noun,code,noun,unspecified,A1,A1,A1_2,cefrj_plus_primary_heuristic,general_language,general_english,,,candidate,unreviewed,confirm_sense | confirm_primary_stage | add_learner_definition_en | add_learner_meaning_vi | add_forms_and_grammar | add_example_and_media
pv_coffee_noun,coffee,noun,unspecified,A1,PRE_A1,PRE_A1_1,cefrj_plus_primary_heuristic,food_drink,general_english,,Food and drink | Food and drink,candidate,unreviewed,confirm_sense | confirm_primary_stage | add_learner_definition_en | add_learner_meaning_vi | add_forms_and_grammar | add_example_and_media
pv_coin_noun,coin,noun,unspecified,A2,A2,A2_2,cefrj_plus_primary_heuristic,shopping_money,general_english,,Shopping | Shopping,candidate,unreviewed,confirm_sense | confirm_primary_stage | add_learner_definition_en | add_learner_meaning_vi | add_forms_and_grammar | add_example_and_media
pv_coke_noun,coke,noun,unspecified,A1,PRE_A1,PRE_A1_2,cefrj_plus_primary_heuristic,food_drink,general_english,,Food and drink | Food and drink,candidate,unreviewed,confirm_sense | confirm_primary_stage | add_learner_definition_en | add_learner_meaning_vi | add_forms_and_grammar | add_example_and_media
pv_cola_noun,cola,noun,unspecified,A2,A2,A2_2,cefrj_plus_primary_heuristic,food_drink,general_english,,Food and drink | Food and drink,candidate,unreviewed,confirm_sense | confirm_primary_stage | add_learner_definition_en | add_learner_meaning_vi | add_forms_and_grammar | add_example_and_media
pv_cold_adjective,cold,adjective,unspecified,A1,A1,A1_1,cefrj_plus_primary_heuristic,general_language,general_english,,,candidate,unreviewed,confirm_sense | confirm_primary_stage | add_learner_definition_en | add_learner_meaning_vi | add_forms_and_grammar | add_example_and_media
pv_cold_noun,cold,noun,unspecified,A1,A1,A1_2,cefrj_plus_primary_heuristic,travel_transport,general_english,,Travel and services vocab | Weather,candidate,unreviewed,confirm_sense | confirm_primary_stage | add_learner_definition_en | add_learner_meaning_vi | add_forms_and_grammar | add_example_and_media
pv_collaborate_verb,collaborate,verb,unspecified,A2,A2,A2_1,primary_curriculum_decision,social_emotional,social_emotional,,,candidate,unreviewed,confirm_sense | confirm_primary_stage | add_learner_definition_en | add_learner_meaning_vi | add_forms_and_grammar | add_example_and_media
pv_collect_verb,collect,verb,unspecified,A1,PRE_A1,PRE_A1_2,cefrj_plus_primary_heuristic,general_language,general_english,,,candidate,unreviewed,confirm_sense | confirm_primary_stage | add_learner_definition_en | add_learner_meaning_vi | add_forms_and_grammar | add_example_and_media
pv_collection_noun,collection,noun,unspecified,A1,A1,A1_2,cefrj_plus_primary_heuristic,hobbies_free_time,general_english,,Hobbies and pastimes,candidate,unreviewed,confirm_sense | confirm_primary_stage | add_learner_definition_en | add_learner_meaning_vi | add_forms_and_grammar | add_example_and_media
pv_college_noun,college,noun,unspecified,A1,PRE_A1,PRE_A1_2,cefrj_plus_primary_heuristic,school_learning,general_english,,"Education | Things in the town, shops and shopping | Education",candidate,unreviewed,confirm_sense | confirm_primary_stage | add_learner_definition_en | add_learner_meaning_vi | add_forms_and_grammar | add_example_and_media
pv_color_noun,color,noun,unspecified,A1,PRE_A1,PRE_A1_2,cefrj_plus_primary_heuristic,colors_shapes,general_english,colour,Colours,candidate,unreviewed,confirm_sense | confirm_primary_stage | add_learner_definition_en | add_learner_meaning_vi | add_forms_and_grammar | add_example_and_media
pv_color_verb,color,verb,unspecified,A1,PRE_A1,PRE_A1_2,cefrj_plus_primary_heuristic,colors_shapes,general_english,colour,Colours,candidate,unreviewed,confirm_sense | confirm_primary_stage | add_learner_definition_en | add_learner_meaning_vi | add_forms_and_grammar | add_example_and_media
pv_colorful_adjective,colorful,adjective,unspecified,A2,A2,A2_2,cefrj_plus_primary_heuristic,colors_shapes,general_english,colourful,Colours,candidate,unreviewed,confirm_sense | confirm_primary_stage | add_learner_definition_en | add_learner_meaning_vi | add_forms_and_grammar | add_example_and_media
pv_comb_noun,comb,noun,unspecified,A2,A2,A2_2,cefrj_plus_primary_heuristic,shopping_money,general_english,,Shopping,candidate,unreviewed,confirm_sense | confirm_primary_stage | add_learner_definition_en | add_learner_meaning_vi | add_forms_and_grammar | add_example_and_media
pv_come_verb,come,verb,unspecified,A1,A1,A1_2,cefrj_plus_primary_heuristic,general_language,general_english,,,candidate,unreviewed,confirm_sense | confirm_primary_stage | add_learner_definition_en | add_learner_meaning_vi | add_forms_and_grammar | add_example_and_media
pv_comic_adjective,comic,adjective,unspecified,A2,A2,A2_2,cefrj_plus_primary_heuristic,general_language,general_english,,,candidate,unreviewed,confirm_sense | confirm_primary_stage | add_learner_definition_en | add_learner_meaning_vi | add_forms_and_grammar | add_example_and_media
pv_comic_noun,comic,noun,unspecified,A2,A2,A2_1,cefrj_plus_primary_heuristic,hobbies_free_time,general_english,,"Free time, entertainment",candidate,unreviewed,confirm_sense | confirm_primary_stage | add_learner_definition_en | add_learner_meaning_vi | add_forms_and_grammar | add_example_and_media
pv_common_adjective,common,adjective,unspecified,A2,A2,A2_2,cefrj_plus_primary_heuristic,general_language,general_english,,,candidate,unreviewed,confirm_sense | confirm_primary_stage | add_learner_definition_en | add_learner_meaning_vi | add_forms_and_grammar | add_example_and_media
pv_compare_verb,compare,verb,unspecified,A2,A2,A2_2,cefrj_plus_primary_heuristic,general_language,general_english,,,candidate,unreviewed,confirm_sense | confirm_primary_stage | add_learner_definition_en | add_learner_meaning_vi | add_forms_and_grammar | add_example_and_media
pv_complain_verb,complain,verb,unspecified,A2,A2,A2_1,cefrj_plus_primary_heuristic,general_language,general_english,,,candidate,unreviewed,confirm_sense | confirm_primary_stage | add_learner_definition_en | add_learner_meaning_vi | add_forms_and_grammar | add_example_and_media
pv_complete_adjective,complete,adjective,unspecified,A2,A2,A2_2,cefrj_plus_primary_heuristic,general_language,general_english,,,candidate,unreviewed,confirm_sense | confirm_primary_stage | add_learner_definition_en | add_learner_meaning_vi | add_forms_and_grammar | add_example_and_media
pv_computer_noun,computer,noun,unspecified,A1,PRE_A1,PRE_A1_1,cefrj_plus_primary_heuristic,home_objects,general_english,,"Objects and rooms | House and home, environment",candidate,unreviewed,confirm_sense | confirm_primary_stage | add_learner_definition_en | add_learner_meaning_vi | add_forms_and_grammar | add_example_and_media
pv_concert_noun,concert,noun,unspecified,A1,A1,A1_2,cefrj_plus_primary_heuristic,hobbies_free_time,general_english,,"Hobbies and pastimes | Free time, entertainment",candidate,unreviewed,confirm_sense | confirm_primary_stage | add_learner_definition_en | add_learner_meaning_vi | add_forms_and_grammar | add_example_and_media
pv_confident_adjective,confident,adjective,unspecified,A2,A2,A2_1,cefrj_plus_primary_heuristic,general_language,general_english,,,candidate,unreviewed,confirm_sense | confirm_primary_stage | add_learner_definition_en | add_learner_meaning_vi | add_forms_and_grammar | add_example_and_media
pv_confuse_verb,confuse,verb,unspecified,A2,A2,A2_2,cefrj_plus_primary_heuristic,general_language,general_english,,,candidate,unreviewed,confirm_sense | confirm_primary_stage | add_learner_definition_en | add_learner_meaning_vi | add_forms_and_grammar | add_example_and_media
pv_confused_adjective,confused,adjective,unspecified,A2,A2,A2_1,cefrj_plus_primary_heuristic,general_language,general_english,,,candidate,unreviewed,confirm_sense | confirm_primary_stage | add_learner_definition_en | add_learner_meaning_vi | add_forms_and_grammar | add_example_and_media
pv_consider_verb,consider,verb,unspecified,A2,A2,A2_2,cefrj_plus_primary_heuristic,general_language,general_english,,,candidate,unreviewed,confirm_sense | confirm_primary_stage | add_learner_definition_en | add_learner_meaning_vi | add_forms_and_grammar | add_example_and_media
pv_contact_verb,contact,verb,unspecified,A2,A2,A2_1,cefrj_plus_primary_heuristic,general_language,general_english,,,candidate,unreviewed,confirm_sense | confirm_primary_stage | add_learner_definition_en | add_learner_meaning_vi | add_forms_and_grammar | add_example_and_media
pv_container_noun,container,noun,unspecified,A2,A2,A2_1,cefrj_plus_primary_heuristic,home_objects,general_english,,"Objects and rooms | House and home, environment",candidate,unreviewed,confirm_sense | confirm_primary_stage | add_learner_definition_en | add_learner_meaning_vi | add_forms_and_grammar | add_example_and_media
pv_contest_noun,contest,noun,unspecified,A1,A1,A1_1,cefrj_plus_primary_heuristic,general_language,general_english,,,candidate,unreviewed,confirm_sense | confirm_primary_stage | add_learner_definition_en | add_learner_meaning_vi | add_forms_and_grammar | add_example_and_media
pv_continent_noun,continent,noun,unspecified,A2,A2,A2_1,primary_curriculum_decision,world_places,general_english,,,candidate,unreviewed,confirm_sense | confirm_primary_stage | add_learner_definition_en | add_learner_meaning_vi | add_forms_and_grammar | add_example_and_media
pv_continue_verb,continue,verb,unspecified,A2,A2,A2_1,cefrj_plus_primary_heuristic,general_language,general_english,,,candidate,unreviewed,confirm_sense | confirm_primary_stage | add_learner_definition_en | add_learner_meaning_vi | add_forms_and_grammar | add_example_and_media
pv_convenient_adjective,convenient,adjective,unspecified,A2,A2,A2_2,cefrj_plus_primary_heuristic,general_language,general_english,,,candidate,unreviewed,confirm_sense | confirm_primary_stage | add_learner_definition_en | add_learner_meaning_vi | add_forms_and_grammar | add_example_and_media
pv_conversation_noun,conversation,noun,unspecified,A1,A1,A1_2,cefrj_plus_primary_heuristic,general_language,general_english,,,candidate,unreviewed,confirm_sense | confirm_primary_stage | add_learner_definition_en | add_learner_meaning_vi | add_forms_and_grammar | add_example_and_media
pv_cook_noun,cook,noun,unspecified,A1,A1,A1_1,cefrj_plus_primary_heuristic,jobs_community,general_english,,Work and Jobs | Personal identification,candidate,unreviewed,confirm_sense | confirm_primary_stage | add_learner_definition_en | add_learner_meaning_vi | add_forms_and_grammar | add_example_and_media
pv_cook_verb,cook,verb,unspecified,A1,A1,A1_1,cefrj_plus_primary_heuristic,general_language,general_english,,,candidate,unreviewed,confirm_sense | confirm_primary_stage | add_learner_definition_en | add_learner_meaning_vi | add_forms_and_grammar | add_example_and_media
pv_cooker_noun,cooker,noun,unspecified,A2,A2,A2_1,cefrj_plus_primary_heuristic,home_environment,general_english,,"House and home, environment",candidate,unreviewed,confirm_sense | confirm_primary_stage | add_learner_definition_en | add_learner_meaning_vi | add_forms_and_grammar | add_example_and_media
pv_cookie_noun,cookie,noun,unspecified,A1,PRE_A1,PRE_A1_2,cefrj_plus_primary_heuristic,food_drink,general_english,,Food and drink | Food and drink,candidate,unreviewed,confirm_sense | confirm_primary_stage | add_learner_definition_en | add_learner_meaning_vi | add_forms_and_grammar | add_example_and_media
pv_cool_adjective,cool,adjective,unspecified,A1,PRE_A1,PRE_A1_2,cefrj_plus_primary_heuristic,general_language,general_english,,,candidate,unreviewed,confirm_sense | confirm_primary_stage | add_learner_definition_en | add_learner_meaning_vi | add_forms_and_grammar | add_example_and_media
pv_cop_noun,cop,noun,unspecified,A1,A1,A1_2,cefrj_plus_primary_heuristic,jobs_community,general_english,,Work and Jobs | Travel and services vocab | Personal identification,candidate,unreviewed,confirm_sense | confirm_primary_stage | add_learner_definition_en | add_learner_meaning_vi | add_forms_and_grammar | add_example_and_media
pv_copy_noun,copy,noun,unspecified,A1,PRE_A1,PRE_A1_1,cefrj_plus_primary_heuristic,school_learning,general_english,,Education | Services,candidate,unreviewed,confirm_sense | confirm_primary_stage | add_learner_definition_en | add_learner_meaning_vi | add_forms_and_grammar | add_example_and_media
pv_copy_verb,copy,verb,unspecified,A2,A2,A2_2,cefrj_plus_primary_heuristic,general_language,general_english,,,candidate,unreviewed,confirm_sense | confirm_primary_stage | add_learner_definition_en | add_learner_meaning_vi | add_forms_and_grammar | add_example_and_media
pv_corn_noun,corn,noun,unspecified,A1,PRE_A1,PRE_A1_1,cefrj_plus_primary_heuristic,food_drink,general_english,,Food and drink | Food and drink,candidate,unreviewed,confirm_sense | confirm_primary_stage | add_learner_definition_en | add_learner_meaning_vi | add_forms_and_grammar | add_example_and_media
pv_corner_noun,corner,noun,unspecified,A1,PRE_A1,PRE_A1_2,cefrj_plus_primary_heuristic,home_objects,general_english,,"Objects and rooms | House and home, environment",candidate,unreviewed,confirm_sense | confirm_primary_stage | add_learner_definition_en | add_learner_meaning_vi | add_forms_and_grammar | add_example_and_media
pv_correct_adjective,correct,adjective,unspecified,A1,A1,A1_2,cefrj_plus_primary_heuristic,general_language,general_english,,,candidate,unreviewed,confirm_sense | confirm_primary_stage | add_learner_definition_en | add_learner_meaning_vi | add_forms_and_grammar | add_example_and_media
pv_correctly_adverb,correctly,adverb,unspecified,A2,A2,A2_1,cefrj_plus_primary_heuristic,general_language,general_english,,,candidate,unreviewed,confirm_sense | confirm_primary_stage | add_learner_definition_en | add_learner_meaning_vi | add_forms_and_grammar | add_example_and_media
pv_cost_verb,cost,verb,unspecified,A2,A2,A2_1,cefrj_plus_primary_heuristic,general_language,general_english,,,candidate,unreviewed,confirm_sense | confirm_primary_stage | add_learner_definition_en | add_learner_meaning_vi | add_forms_and_grammar | add_example_and_media
pv_couch_noun,couch,noun,unspecified,A1,PRE_A1,PRE_A1_2,cefrj_plus_primary_heuristic,home_objects,general_english,,"Objects and rooms | House and home, environment",candidate,unreviewed,confirm_sense | confirm_primary_stage | add_learner_definition_en | add_learner_meaning_vi | add_forms_and_grammar | add_example_and_media
pv_could_modal,could,modal,unspecified,A1,PRE_A1,PRE_A1_2,cefrj_plus_primary_heuristic,general_language,general_english,,,candidate,unreviewed,confirm_sense | confirm_primary_stage | add_learner_definition_en | add_learner_meaning_vi | add_forms_and_grammar | add_example_and_media
pv_count_verb,count,verb,unspecified,A2,A2,A2_2,cefrj_plus_primary_heuristic,general_language,general_english,,,candidate,unreviewed,confirm_sense | confirm_primary_stage | add_learner_definition_en | add_learner_meaning_vi | add_forms_and_grammar | add_example_and_media
pv_couple_noun,couple,noun,unspecified,A2,A2,A2_1,cefrj_plus_primary_heuristic,family_friends,general_english,,Family life | Personal identification,candidate,unreviewed,confirm_sense | confirm_primary_stage | add_learner_definition_en | add_learner_meaning_vi | add_forms_and_grammar | add_example_and_media
pv_course_noun,course,noun,unspecified,A1,A1,A1_2,cefrj_plus_primary_heuristic,school_learning,general_english,,Education | Ways of traveling | Education,candidate,unreviewed,confirm_sense | confirm_primary_stage | add_learner_definition_en | add_learner_meaning_vi | add_forms_and_grammar | add_example_and_media
pv_cousin_noun,cousin,noun,unspecified,A1,PRE_A1,PRE_A1_2,cefrj_plus_primary_heuristic,family_friends,general_english,,Family life | Personal identification,candidate,unreviewed,confirm_sense | confirm_primary_stage | add_learner_definition_en | add_learner_meaning_vi | add_forms_and_grammar | add_example_and_media
pv_cover_noun,cover,noun,unspecified,A1,PRE_A1,PRE_A1_2,cefrj_plus_primary_heuristic,home_objects,general_english,,Objects and rooms | Shopping,candidate,unreviewed,confirm_sense | confirm_primary_stage | add_learner_definition_en | add_learner_meaning_vi | add_forms_and_grammar | add_example_and_media
pv_cover_verb,cover,verb,unspecified,A2,A2,A2_2,cefrj_plus_primary_heuristic,general_language,general_english,,,candidate,unreviewed,confirm_sense | confirm_primary_stage | add_learner_definition_en | add_learner_meaning_vi | add_forms_and_grammar | add_example_and_media
pv_cow_noun,cow,noun,unspecified,A1,PRE_A1,PRE_A1_1,cefrj_plus_primary_heuristic,general_language,general_english,,,candidate,unreviewed,confirm_sense | confirm_primary_stage | add_learner_definition_en | add_learner_meaning_vi | add_forms_and_grammar | add_example_and_media
pv_crazy_adjective,crazy,adjective,unspecified,A2,A2,A2_1,cefrj_plus_primary_heuristic,general_language,general_english,,,candidate,unreviewed,confirm_sense | confirm_primary_stage | add_learner_definition_en | add_learner_meaning_vi | add_forms_and_grammar | add_example_and_media
pv_cream_adjective,cream,adjective,unspecified,A2,A2,A2_2,cefrj_plus_primary_heuristic,general_language,general_english,,,candidate,unreviewed,confirm_sense | confirm_primary_stage | add_learner_definition_en | add_learner_meaning_vi | add_forms_and_grammar | add_example_and_media
pv_cream_noun,cream,noun,unspecified,A1,PRE_A1,PRE_A1_2,cefrj_plus_primary_heuristic,food_drink,general_english,,Food and drink | Food and drink,candidate,unreviewed,confirm_sense | confirm_primary_stage | add_learner_definition_en | add_learner_meaning_vi | add_forms_and_grammar | add_example_and_media
pv_create_verb,create,verb,unspecified,A2,A2,A2_2,cefrj_plus_primary_heuristic,general_language,general_english,,,candidate,unreviewed,confirm_sense | confirm_primary_stage | add_learner_definition_en | add_learner_meaning_vi | add_forms_and_grammar | add_example_and_media
pv_creative_adjective,creative,adjective,unspecified,A2,A2,A2_2,cefrj_plus_primary_heuristic,general_language,general_english,,,candidate,unreviewed,confirm_sense | confirm_primary_stage | add_learner_definition_en | add_learner_meaning_vi | add_forms_and_grammar | add_example_and_media
pv_creature_noun,creature,noun,unspecified,A2,A2,A2_2,cefrj_plus_primary_heuristic,school_learning,general_english,,Education,candidate,unreviewed,confirm_sense | confirm_primary_stage | add_learner_definition_en | add_learner_meaning_vi | add_forms_and_grammar | add_example_and_media
pv_credit_card_noun,credit card,noun,unspecified,A1,A1,A1_2,cefrj_plus_primary_heuristic,shopping_money,general_english,,Shopping | Shopping,candidate,unreviewed,confirm_sense | confirm_primary_stage | add_learner_definition_en | add_learner_meaning_vi | add_forms_and_grammar | add_example_and_media
pv_credit_noun,credit,noun,unspecified,A2,A2,A2_1,cefrj_plus_primary_heuristic,shopping_money,general_english,,Shopping | Services,candidate,unreviewed,confirm_sense | confirm_primary_stage | add_learner_definition_en | add_learner_meaning_vi | add_forms_and_grammar | add_example_and_media
pv_crime_noun,crime,noun,unspecified,A2,A2,A2_1,cefrj_plus_primary_heuristic,global_citizenship,global_studies,,"News, lifestyles and current affairs | Relations with other people",candidate,unreviewed,confirm_sense | confirm_primary_stage | add_learner_definition_en | add_learner_meaning_vi | add_forms_and_grammar | add_example_and_media
pv_cross_noun,cross,noun,unspecified,A2,A2,A2_1,cefrj_plus_primary_heuristic,stories_reading,general_english,,Books and literature,candidate,unreviewed,confirm_sense | confirm_primary_stage | add_learner_definition_en | add_learner_meaning_vi | add_forms_and_grammar | add_example_and_media
pv_cross_verb,cross,verb,unspecified,A2,A2,A2_1,cefrj_plus_primary_heuristic,general_language,general_english,,,candidate,unreviewed,confirm_sense | confirm_primary_stage | add_learner_definition_en | add_learner_meaning_vi | add_forms_and_grammar | add_example_and_media
pv_crowded_adjective,crowded,adjective,unspecified,A2,A2,A2_1,cefrj_plus_primary_heuristic,general_language,general_english,,,candidate,unreviewed,confirm_sense | confirm_primary_stage | add_learner_definition_en | add_learner_meaning_vi | add_forms_and_grammar | add_example_and_media
pv_cruise_noun,cruise,noun,unspecified,A2,A2,A2_2,cefrj_plus_primary_heuristic,travel_transport,general_english,,Travel and services vocab | Travel,candidate,unreviewed,confirm_sense | confirm_primary_stage | add_learner_definition_en | add_learner_meaning_vi | add_forms_and_grammar | add_example_and_media
pv_cry_noun,cry,noun,unspecified,A1,A1,A1_1,cefrj_plus_primary_heuristic,general_language,general_english,,,candidate,unreviewed,confirm_sense | confirm_primary_stage | add_learner_definition_en | add_learner_meaning_vi | add_forms_and_grammar | add_example_and_media
pv_cry_verb,cry,verb,unspecified,A2,A2,A2_1,cefrj_plus_primary_heuristic,general_language,general_english,,,candidate,unreviewed,confirm_sense | confirm_primary_stage | add_learner_definition_en | add_learner_meaning_vi | add_forms_and_grammar | add_example_and_media
pv_culture_noun,culture,noun,unspecified,A2,A2,A2_1,primary_curriculum_decision,global_citizenship,global_studies,,,candidate,unreviewed,confirm_sense | confirm_primary_stage | add_learner_definition_en | add_learner_meaning_vi | add_forms_and_grammar | add_example_and_media
pv_cup_noun,cup,noun,unspecified,A1,PRE_A1,PRE_A1_1,cefrj_plus_primary_heuristic,home_objects,general_english,,Objects and rooms | Shopping,candidate,unreviewed,confirm_sense | confirm_primary_stage | add_learner_definition_en | add_learner_meaning_vi | add_forms_and_grammar | add_example_and_media
pv_curry_noun,curry,noun,unspecified,A2,A2,A2_2,cefrj_plus_primary_heuristic,food_drink,general_english,,Food and drink,candidate,unreviewed,confirm_sense | confirm_primary_stage | add_learner_definition_en | add_learner_meaning_vi | add_forms_and_grammar | add_example_and_media
pv_curse_noun,curse,noun,unspecified,A2,A2,A2_2,cefrj_plus_primary_heuristic,stories_reading,general_english,,"Books and literature | Free time, entertainment",candidate,unreviewed,confirm_sense | confirm_primary_stage | add_learner_definition_en | add_learner_meaning_vi | add_forms_and_grammar | add_example_and_media
pv_custom_noun,custom,noun,unspecified,A2,A2,A2_1,cefrj_plus_primary_heuristic,world_places,general_english,,Nationalities and countries | Hobbies and pastimes | Places,candidate,unreviewed,confirm_sense | confirm_primary_stage | add_learner_definition_en | add_learner_meaning_vi | add_forms_and_grammar | add_example_and_media
pv_customer_noun,customer,noun,unspecified,A2,A2,A2_1,cefrj_plus_primary_heuristic,shopping_money,general_english,,Shopping | Services,candidate,unreviewed,confirm_sense | confirm_primary_stage | add_learner_definition_en | add_learner_meaning_vi | add_forms_and_grammar | add_example_and_media
pv_cut_verb,cut,verb,unspecified,A1,A1,A1_2,cefrj_plus_primary_heuristic,general_language,general_english,,,candidate,unreviewed,confirm_sense | confirm_primary_stage | add_learner_definition_en | add_learner_meaning_vi | add_forms_and_grammar | add_example_and_media
pv_cute_adjective,cute,adjective,unspecified,A1,A1,A1_1,cefrj_plus_primary_heuristic,general_language,general_english,,,candidate,unreviewed,confirm_sense | confirm_primary_stage | add_learner_definition_en | add_learner_meaning_vi | add_forms_and_grammar | add_example_and_media
pv_cycling_noun,cycling,noun,unspecified,A2,A2,A2_2,cefrj_plus_primary_heuristic,hobbies_free_time,general_english,,"Free time, entertainment",candidate,unreviewed,confirm_sense | confirm_primary_stage | add_learner_definition_en | add_learner_meaning_vi | add_forms_and_grammar | add_example_and_media
pv_dad_noun,dad,noun,unspecified,A1,PRE_A1,PRE_A1_1,cefrj_plus_primary_heuristic,family_friends,general_english,,Family life | Personal identification,candidate,unreviewed,confirm_sense | confirm_primary_stage | add_learner_definition_en | add_learner_meaning_vi | add_forms_and_grammar | add_example_and_media
pv_daddy_noun,daddy,noun,unspecified,A1,A1,A1_2,cefrj_plus_primary_heuristic,general_language,general_english,,,candidate,unreviewed,confirm_sense | confirm_primary_stage | add_learner_definition_en | add_learner_meaning_vi | add_forms_and_grammar | add_example_and_media
pv_daily_adjective,daily,adjective,unspecified,A2,A2,A2_1,cefrj_plus_primary_heuristic,general_language,general_english,,,candidate,unreviewed,confirm_sense | confirm_primary_stage | add_learner_definition_en | add_learner_meaning_vi | add_forms_and_grammar | add_example_and_media
pv_daily_adverb,daily,adverb,unspecified,A2,A2,A2_1,cefrj_plus_primary_heuristic,general_language,general_english,,,candidate,unreviewed,confirm_sense | confirm_primary_stage | add_learner_definition_en | add_learner_meaning_vi | add_forms_and_grammar | add_example_and_media
pv_dam_noun,dam,noun,unspecified,A2,A2,A2_2,cefrj_plus_primary_heuristic,school_learning,general_english,,Education | Places,candidate,unreviewed,confirm_sense | confirm_primary_stage | add_learner_definition_en | add_learner_meaning_vi | add_forms_and_grammar | add_example_and_media
pv_dance_noun,dance,noun,unspecified,A1,A1,A1_1,cefrj_plus_primary_heuristic,hobbies_free_time,general_english,,"Hobbies and pastimes | Free time, entertainment",candidate,unreviewed,confirm_sense | confirm_primary_stage | add_learner_definition_en | add_learner_meaning_vi | add_forms_and_grammar | add_example_and_media
pv_dance_verb,dance,verb,unspecified,A1,A1,A1_2,cefrj_plus_primary_heuristic,general_language,general_english,,,candidate,unreviewed,confirm_sense | confirm_primary_stage | add_learner_definition_en | add_learner_meaning_vi | add_forms_and_grammar | add_example_and_media
pv_dancing_noun,dancing,noun,unspecified,A1,PRE_A1,PRE_A1_1,cefrj_plus_primary_heuristic,hobbies_free_time,general_english,,"Hobbies and pastimes | Free time, entertainment",candidate,unreviewed,confirm_sense | confirm_primary_stage | add_learner_definition_en | add_learner_meaning_vi | add_forms_and_grammar | add_example_and_media
pv_dangerous_adjective,dangerous,adjective,unspecified,A2,A2,A2_1,cefrj_plus_primary_heuristic,general_language,general_english,,,candidate,unreviewed,confirm_sense | confirm_primary_stage | add_learner_definition_en | add_learner_meaning_vi | add_forms_and_grammar | add_example_and_media
pv_dark_adjective,dark,adjective,unspecified,A1,A1,A1_2,cefrj_plus_primary_heuristic,general_language,general_english,,,candidate,unreviewed,confirm_sense | confirm_primary_stage | add_learner_definition_en | add_learner_meaning_vi | add_forms_and_grammar | add_example_and_media
pv_date_noun,date,noun,unspecified,A1,A1,A1_2,cefrj_plus_primary_heuristic,people_identity,general_english,,Personal identification,candidate,unreviewed,confirm_sense | confirm_primary_stage | add_learner_definition_en | add_learner_meaning_vi | add_forms_and_grammar | add_example_and_media
pv_daughter_noun,daughter,noun,unspecified,A1,PRE_A1,PRE_A1_1,cefrj_plus_primary_heuristic,family_friends,general_english,,Family life | Personal identification,candidate,unreviewed,confirm_sense | confirm_primary_stage | add_learner_definition_en | add_learner_meaning_vi | add_forms_and_grammar | add_example_and_media
pv_day_noun,day,noun,unspecified,A1,PRE_A1,PRE_A1_1,cefrj_plus_primary_heuristic,general_language,general_english,,,candidate,unreviewed,confirm_sense | confirm_primary_stage | add_learner_definition_en | add_learner_meaning_vi | add_forms_and_grammar | add_example_and_media
pv_dead_adjective,dead,adjective,unspecified,A2,A2,A2_1,cefrj_plus_primary_heuristic,general_language,general_english,,,candidate,unreviewed,confirm_sense | confirm_primary_stage | add_learner_definition_en | add_learner_meaning_vi | add_forms_and_grammar | add_example_and_media
pv_dear_adjective,dear,adjective,unspecified,A1,A1,A1_2,cefrj_plus_primary_heuristic,general_language,general_english,,,candidate,unreviewed,confirm_sense | confirm_primary_stage | add_learner_definition_en | add_learner_meaning_vi | add_forms_and_grammar | add_example_and_media
pv_debate_noun,debate,noun,unspecified,A2,A2,A2_1,cefrj_plus_primary_heuristic,school_learning,general_english,,Education | Education,candidate,unreviewed,confirm_sense | confirm_primary_stage | add_learner_definition_en | add_learner_meaning_vi | add_forms_and_grammar | add_example_and_media
pv_december_noun,December,noun,unspecified,A1,A1,A1_2,cefrj_plus_primary_heuristic,general_language,general_english,,,candidate,unreviewed,confirm_sense | confirm_primary_stage | add_learner_definition_en | add_learner_meaning_vi | add_forms_and_grammar | add_example_and_media
pv_decide_verb,decide,verb,unspecified,A2,A2,A2_1,cefrj_plus_primary_heuristic,general_language,general_english,,,candidate,unreviewed,confirm_sense | confirm_primary_stage | add_learner_definition_en | add_learner_meaning_vi | add_forms_and_grammar | add_example_and_media
pv_decimal_noun,decimal,noun,unspecified,A2,A2,A2_1,primary_curriculum_decision,math_measurement,academic_clil,,,candidate,unreviewed,confirm_sense | confirm_primary_stage | add_learner_definition_en | add_learner_meaning_vi | add_forms_and_grammar | add_example_and_media
pv_deeply_adverb,deeply,adverb,unspecified,A2,A2,A2_2,cefrj_plus_primary_heuristic,general_language,general_english,,,candidate,unreviewed,confirm_sense | confirm_primary_stage | add_learner_definition_en | add_learner_meaning_vi | add_forms_and_grammar | add_example_and_media
pv_delay_noun,delay,noun,unspecified,A2,A2,A2_2,cefrj_plus_primary_heuristic,travel_transport,general_english,,Travel and services vocab,candidate,unreviewed,confirm_sense | confirm_primary_stage | add_learner_definition_en | add_learner_meaning_vi | add_forms_and_grammar | add_example_and_media
pv_delicious_adjective,delicious,adjective,unspecified,A1,PRE_A1,PRE_A1_1,cefrj_plus_primary_heuristic,general_language,general_english,,,candidate,unreviewed,confirm_sense | confirm_primary_stage | add_learner_definition_en | add_learner_meaning_vi | add_forms_and_grammar | add_example_and_media
pv_dentist_noun,dentist,noun,unspecified,A2,A2,A2_1,cefrj_plus_primary_heuristic,people_identity,general_english,,Personal identification,candidate,unreviewed,confirm_sense | confirm_primary_stage | add_learner_definition_en | add_learner_meaning_vi | add_forms_and_grammar | add_example_and_media
pv_depend_verb,depend,verb,unspecified,A2,A2,A2_1,cefrj_plus_primary_heuristic,general_language,general_english,,,candidate,unreviewed,confirm_sense | confirm_primary_stage | add_learner_definition_en | add_learner_meaning_vi | add_forms_and_grammar | add_example_and_media
pv_describe_verb,describe,verb,unspecified,A1,A1,A1_2,cefrj_plus_primary_heuristic,general_language,general_english,,,candidate,unreviewed,confirm_sense | confirm_primary_stage | add_learner_definition_en | add_learner_meaning_vi | add_forms_and_grammar | add_example_and_media
pv_desert_noun,desert,noun,unspecified,A2,A2,A2_1,cefrj_plus_primary_heuristic,home_environment,general_english,,"House and home, environment",candidate,unreviewed,confirm_sense | confirm_primary_stage | add_learner_definition_en | add_learner_meaning_vi | add_forms_and_grammar | add_example_and_media
pv_design_noun,design,noun,unspecified,A1,PRE_A1,PRE_A1_2,cefrj_plus_primary_heuristic,arts_music,general_english,,"Arts | Free time, entertainment",candidate,unreviewed,confirm_sense | confirm_primary_stage | add_learner_definition_en | add_learner_meaning_vi | add_forms_and_grammar | add_example_and_media
pv_desk_noun,desk,noun,unspecified,A1,PRE_A1,PRE_A1_2,cefrj_plus_primary_heuristic,home_objects,general_english,,"Objects and rooms | House and home, environment",candidate,unreviewed,confirm_sense | confirm_primary_stage | add_learner_definition_en | add_learner_meaning_vi | add_forms_and_grammar | add_example_and_media
pv_destroy_verb,destroy,verb,unspecified,A2,A2,A2_1,cefrj_plus_primary_heuristic,general_language,general_english,,,candidate,unreviewed,confirm_sense | confirm_primary_stage | add_learner_definition_en | add_learner_meaning_vi | add_forms_and_grammar | add_example_and_media
pv_develop_verb,develop,verb,unspecified,A2,A2,A2_1,cefrj_plus_primary_heuristic,general_language,general_english,,,candidate,unreviewed,confirm_sense | confirm_primary_stage | add_learner_definition_en | add_learner_meaning_vi | add_forms_and_grammar | add_example_and_media
pv_developed_adjective,developed,adjective,unspecified,A2,A2,A2_2,cefrj_plus_primary_heuristic,general_language,general_english,,,candidate,unreviewed,confirm_sense | confirm_primary_stage | add_learner_definition_en | add_learner_meaning_vi | add_forms_and_grammar | add_example_and_media
pv_diamond_noun,diamond,noun,unspecified,A2,A2,A2_1,cefrj_plus_primary_heuristic,home_objects,general_english,,Objects and rooms | Shopping,candidate,unreviewed,confirm_sense | confirm_primary_stage | add_learner_definition_en | add_learner_meaning_vi | add_forms_and_grammar | add_example_and_media
pv_diary_noun,diary,noun,unspecified,A2,A2,A2_1,cefrj_plus_primary_heuristic,home_objects,general_english,,Objects and rooms | Shopping,candidate,unreviewed,confirm_sense | confirm_primary_stage | add_learner_definition_en | add_learner_meaning_vi | add_forms_and_grammar | add_example_and_media
pv_dictionary_noun,dictionary,noun,unspecified,A1,A1,A1_2,cefrj_plus_primary_heuristic,home_objects,general_english,,Objects and rooms | Education,candidate,unreviewed,confirm_sense | confirm_primary_stage | add_learner_definition_en | add_learner_meaning_vi | add_forms_and_grammar | add_example_and_media
pv_did_verb,did,verb,unspecified,A1,PRE_A1,PRE_A1_1,cefrj_plus_primary_heuristic,general_language,general_english,,,candidate,unreviewed,confirm_sense | confirm_primary_stage | add_learner_definition_en | add_learner_meaning_vi | add_forms_and_grammar | add_example_and_media
pv_die_verb,die,verb,unspecified,A2,A2,A2_1,cefrj_plus_primary_heuristic,general_language,general_english,,,candidate,unreviewed,confirm_sense | confirm_primary_stage | add_learner_definition_en | add_learner_meaning_vi | add_forms_and_grammar | add_example_and_media
pv_difference_noun,difference,noun,unspecified,A1,PRE_A1,PRE_A1_2,cefrj_plus_primary_heuristic,general_language,general_english,,,candidate,unreviewed,confirm_sense | confirm_primary_stage | add_learner_definition_en | add_learner_meaning_vi | add_forms_and_grammar | add_example_and_media
pv_different_adjective,different,adjective,unspecified,A1,PRE_A1,PRE_A1_2,cefrj_plus_primary_heuristic,general_language,general_english,,,candidate,unreviewed,confirm_sense | confirm_primary_stage | add_learner_definition_en | add_learner_meaning_vi | add_forms_and_grammar | add_example_and_media
pv_difficult_adjective,difficult,adjective,unspecified,A1,A1,A1_2,cefrj_plus_primary_heuristic,general_language,general_english,,,candidate,unreviewed,confirm_sense | confirm_primary_stage | add_learner_definition_en | add_learner_meaning_vi | add_forms_and_grammar | add_example_and_media
pv_dig_noun,dig,noun,unspecified,A1,PRE_A1,PRE_A1_1,cefrj_plus_primary_heuristic,general_language,general_english,,,candidate,unreviewed,confirm_sense | confirm_primary_stage | add_learner_definition_en | add_learner_meaning_vi | add_forms_and_grammar | add_example_and_media
pv_dining_room_noun,dining room,noun,unspecified,A1,PRE_A1,PRE_A1_2,cefrj_plus_primary_heuristic,home_objects,general_english,,"Objects and rooms | House and home, environment",candidate,unreviewed,confirm_sense | confirm_primary_stage | add_learner_definition_en | add_learner_meaning_vi | add_forms_and_grammar | add_example_and_media
pv_dinner_noun,dinner,noun,unspecified,A1,PRE_A1,PRE_A1_2,cefrj_plus_primary_heuristic,food_drink,general_english,,Food and drink | Food and drink,candidate,unreviewed,confirm_sense | confirm_primary_stage | add_learner_definition_en | add_learner_meaning_vi | add_forms_and_grammar | add_example_and_media
pv_direct_adjective,direct,adjective,unspecified,A2,A2,A2_2,cefrj_plus_primary_heuristic,general_language,general_english,,,candidate,unreviewed,confirm_sense | confirm_primary_stage | add_learner_definition_en | add_learner_meaning_vi | add_forms_and_grammar | add_example_and_media
pv_director_noun,director,noun,unspecified,A2,A2,A2_1,cefrj_plus_primary_heuristic,jobs_community,general_english,,Work and Jobs | Personal identification,candidate,unreviewed,confirm_sense | confirm_primary_stage | add_learner_definition_en | add_learner_meaning_vi | add_forms_and_grammar | add_example_and_media
pv_dirty_adjective,dirty,adjective,unspecified,A1,A1,A1_2,cefrj_plus_primary_heuristic,general_language,general_english,,,candidate,unreviewed,confirm_sense | confirm_primary_stage | add_learner_definition_en | add_learner_meaning_vi | add_forms_and_grammar | add_example_and_media
pv_disco_noun,disco,noun,unspecified,A2,A2,A2_1,cefrj_plus_primary_heuristic,hobbies_free_time,general_english,,"Free time, entertainment",candidate,unreviewed,confirm_sense | confirm_primary_stage | add_learner_definition_en | add_learner_meaning_vi | add_forms_and_grammar | add_example_and_media
pv_discover_verb,discover,verb,unspecified,A2,A2,A2_2,cefrj_plus_primary_heuristic,general_language,general_english,,,candidate,unreviewed,confirm_sense | confirm_primary_stage | add_learner_definition_en | add_learner_meaning_vi | add_forms_and_grammar | add_example_and_media
pv_discuss_verb,discuss,verb,unspecified,A1,A1,A1_2,cefrj_plus_primary_heuristic,general_language,general_english,,,candidate,unreviewed,confirm_sense | confirm_primary_stage | add_learner_definition_en | add_learner_meaning_vi | add_forms_and_grammar | add_example_and_media
pv_dish_noun,dish,noun,unspecified,A1,PRE_A1,PRE_A1_2,cefrj_plus_primary_heuristic,home_objects,general_english,,Objects and rooms | Shopping,candidate,unreviewed,confirm_sense | confirm_primary_stage | add_learner_definition_en | add_learner_meaning_vi | add_forms_and_grammar | add_example_and_media
pv_dishonest_adjective,dishonest,adjective,unspecified,A2,A2,A2_1,cefrj_plus_primary_heuristic,general_language,general_english,,,candidate,unreviewed,confirm_sense | confirm_primary_stage | add_learner_definition_en | add_learner_meaning_vi | add_forms_and_grammar | add_example_and_media
pv_dislike_noun,dislike,noun,unspecified,A2,A2,A2_1,cefrj_plus_primary_heuristic,personal_information,general_english,,Personal information | Personal identification,candidate,unreviewed,confirm_sense | confirm_primary_stage | add_learner_definition_en | add_learner_meaning_vi | add_forms_and_grammar | add_example_and_media
pv_display_noun,display,noun,unspecified,A2,A2,A2_2,cefrj_plus_primary_heuristic,shopping_money,general_english,,Shopping,candidate,unreviewed,confirm_sense | confirm_primary_stage | add_learner_definition_en | add_learner_meaning_vi | add_forms_and_grammar | add_example_and_media
pv_disturb_verb,disturb,verb,unspecified,A2,A2,A2_2,cefrj_plus_primary_heuristic,general_language,general_english,,,candidate,unreviewed,confirm_sense | confirm_primary_stage | add_learner_definition_en | add_learner_meaning_vi | add_forms_and_grammar | add_example_and_media
pv_divide_verb,divide,verb,unspecified,A2,A2,A2_2,cefrj_plus_primary_heuristic,general_language,general_english,,,candidate,unreviewed,confirm_sense | confirm_primary_stage | add_learner_definition_en | add_learner_meaning_vi | add_forms_and_grammar | add_example_and_media
pv_dizzy_adjective,dizzy,adjective,unspecified,A2,A2,A2_1,cefrj_plus_primary_heuristic,general_language,general_english,,,candidate,unreviewed,confirm_sense | confirm_primary_stage | add_learner_definition_en | add_learner_meaning_vi | add_forms_and_grammar | add_example_and_media
pv_do_verb,do,verb,unspecified,A1,A1,A1_2,cefrj_plus_primary_heuristic,general_language,general_english,,,candidate,unreviewed,confirm_sense | confirm_primary_stage | add_learner_definition_en | add_learner_meaning_vi | add_forms_and_grammar | add_example_and_media
pv_doctor_noun,doctor,noun,unspecified,A1,PRE_A1,PRE_A1_1,cefrj_plus_primary_heuristic,jobs_community,general_english,Dr. | Dr,Work and Jobs | Personal identification,candidate,unreviewed,confirm_sense | confirm_primary_stage | add_learner_definition_en | add_learner_meaning_vi | add_forms_and_grammar | add_example_and_media
pv_does_verb,does,verb,unspecified,A1,PRE_A1,PRE_A1_1,cefrj_plus_primary_heuristic,general_language,general_english,,,candidate,unreviewed,confirm_sense | confirm_primary_stage | add_learner_definition_en | add_learner_meaning_vi | add_forms_and_grammar | add_example_and_media
pv_dog_noun,dog,noun,unspecified,A1,A1,A1_2,cefrj_plus_primary_heuristic,general_language,general_english,,,candidate,unreviewed,confirm_sense | confirm_primary_stage | add_learner_definition_en | add_learner_meaning_vi | add_forms_and_grammar | add_example_and_media
pv_doing_verb,doing,verb,unspecified,A1,A1,A1_2,cefrj_plus_primary_heuristic,general_language,general_english,,,candidate,unreviewed,confirm_sense | confirm_primary_stage | add_learner_definition_en | add_learner_meaning_vi | add_forms_and_grammar | add_example_and_media
pv_doll_noun,doll,noun,unspecified,A1,PRE_A1,PRE_A1_2,cefrj_plus_primary_heuristic,hobbies_free_time,general_english,,"Hobbies and pastimes | Free time, entertainment",candidate,unreviewed,confirm_sense | confirm_primary_stage | add_learner_definition_en | add_learner_meaning_vi | add_forms_and_grammar | add_example_and_media
pv_dollar_noun,dollar,noun,unspecified,A1,PRE_A1,PRE_A1_2,cefrj_plus_primary_heuristic,shopping_money,general_english,,Shopping | Shopping,candidate,unreviewed,confirm_sense | confirm_primary_stage | add_learner_definition_en | add_learner_meaning_vi | add_forms_and_grammar | add_example_and_media
pv_done_verb,done,verb,unspecified,A2,A2,A2_2,cefrj_plus_primary_heuristic,general_language,general_english,,,candidate,unreviewed,confirm_sense | confirm_primary_stage | add_learner_definition_en | add_learner_meaning_vi | add_forms_and_grammar | add_example_and_media
pv_door_noun,door,noun,unspecified,A1,A1,A1_2,cefrj_plus_primary_heuristic,home_objects,general_english,,"Objects and rooms | House and home, environment",candidate,unreviewed,confirm_sense | confirm_primary_stage | add_learner_definition_en | add_learner_meaning_vi | add_forms_and_grammar | add_example_and_media
pv_double_adjective,double,adjective,unspecified,A2,A2,A2_2,cefrj_plus_primary_heuristic,general_language,general_english,,,candidate,unreviewed,confirm_sense | confirm_primary_stage | add_learner_definition_en | add_learner_meaning_vi | add_forms_and_grammar | add_example_and_media
pv_down_adverb,down,adverb,unspecified,A1,A1,A1_2,cefrj_plus_primary_heuristic,general_language,general_english,,,candidate,unreviewed,confirm_sense | confirm_primary_stage | add_learner_definition_en | add_learner_meaning_vi | add_forms_and_grammar | add_example_and_media
pv_down_preposition,down,preposition,unspecified,A2,A2,A2_1,cefrj_plus_primary_heuristic,general_language,general_english,,,candidate,unreviewed,confirm_sense | confirm_primary_stage | add_learner_definition_en | add_learner_meaning_vi | add_forms_and_grammar | add_example_and_media
pv_download_verb,download,verb,unspecified,A2,A2,A2_1,primary_curriculum_decision,digital_media,digital_literacy,,,candidate,unreviewed,confirm_sense | confirm_primary_stage | add_learner_definition_en | add_learner_meaning_vi | add_forms_and_grammar | add_example_and_media
pv_downstairs_adverb,downstairs,adverb,unspecified,A2,A2,A2_1,cefrj_plus_primary_heuristic,general_language,general_english,,,candidate,unreviewed,confirm_sense | confirm_primary_stage | add_learner_definition_en | add_learner_meaning_vi | add_forms_and_grammar | add_example_and_media
pv_downtown_adverb,downtown,adverb,unspecified,A2,A2,A2_1,cefrj_plus_primary_heuristic,general_language,general_english,,,candidate,unreviewed,confirm_sense | confirm_primary_stage | add_learner_definition_en | add_learner_meaning_vi | add_forms_and_grammar | add_example_and_media
pv_drama_noun,drama,noun,unspecified,A1,A1,A1_1,cefrj_plus_primary_heuristic,hobbies_free_time,general_english,,"Hobbies and pastimes | Free time, entertainment",candidate,unreviewed,confirm_sense | confirm_primary_stage | add_learner_definition_en | add_learner_meaning_vi | add_forms_and_grammar | add_example_and_media
pv_draw_verb,draw,verb,unspecified,A1,PRE_A1,PRE_A1_2,cefrj_plus_primary_heuristic,general_language,general_english,,,candidate,unreviewed,confirm_sense | confirm_primary_stage | add_learner_definition_en | add_learner_meaning_vi | add_forms_and_grammar | add_example_and_media
pv_drawing_noun,drawing,noun,unspecified,A2,A2,A2_1,cefrj_plus_primary_heuristic,hobbies_free_time,general_english,,"Free time, entertainment",candidate,unreviewed,confirm_sense | confirm_primary_stage | add_learner_definition_en | add_learner_meaning_vi | add_forms_and_grammar | add_example_and_media
pv_dream_noun,dream,noun,unspecified,A1,A1,A1_2,cefrj_plus_primary_heuristic,general_language,general_english,,,candidate,unreviewed,confirm_sense | confirm_primary_stage | add_learner_definition_en | add_learner_meaning_vi | add_forms_and_grammar | add_example_and_media
pv_dream_verb,dream,verb,unspecified,A2,A2,A2_2,cefrj_plus_primary_heuristic,general_language,general_english,,,candidate,unreviewed,confirm_sense | confirm_primary_stage | add_learner_definition_en | add_learner_meaning_vi | add_forms_and_grammar | add_example_and_media
pv_dress_noun,dress,noun,unspecified,A1,PRE_A1,PRE_A1_1,cefrj_plus_primary_heuristic,clothes_appearance,general_english,,Clothes | Shopping,candidate,unreviewed,confirm_sense | confirm_primary_stage | add_learner_definition_en | add_learner_meaning_vi | add_forms_and_grammar | add_example_and_media
pv_dress_verb,dress,verb,unspecified,A2,A2,A2_2,cefrj_plus_primary_heuristic,general_language,general_english,,,candidate,unreviewed,confirm_sense | confirm_primary_stage | add_learner_definition_en | add_learner_meaning_vi | add_forms_and_grammar | add_example_and_media
pv_dressed_adjective,dressed,adjective,unspecified,A2,A2,A2_1,cefrj_plus_primary_heuristic,general_language,general_english,,,candidate,unreviewed,confirm_sense | confirm_primary_stage | add_learner_definition_en | add_learner_meaning_vi | add_forms_and_grammar | add_example_and_media
pv_drill_noun,drill,noun,unspecified,A2,A2,A2_2,cefrj_plus_primary_heuristic,home_objects,general_english,,Objects and rooms | Education,candidate,unreviewed,confirm_sense | confirm_primary_stage | add_learner_definition_en | add_learner_meaning_vi | add_forms_and_grammar | add_example_and_media
pv_drink_noun,drink,noun,unspecified,A1,PRE_A1,PRE_A1_1,cefrj_plus_primary_heuristic,food_drink,general_english,,Food and drink | Food and drink,candidate,unreviewed,confirm_sense | confirm_primary_stage | add_learner_definition_en | add_learner_meaning_vi | add_forms_and_grammar | add_example_and_media
pv_drink_verb,drink,verb,unspecified,A1,A1,A1_2,cefrj_plus_primary_heuristic,general_language,general_english,,,candidate,unreviewed,confirm_sense | confirm_primary_stage | add_learner_definition_en | add_learner_meaning_vi | add_forms_and_grammar | add_example_and_media
pv_drive_noun,drive,noun,unspecified,A1,PRE_A1,PRE_A1_2,cefrj_plus_primary_heuristic,hobbies_free_time,general_english,,Hobbies and pastimes | Travel,candidate,unreviewed,confirm_sense | confirm_primary_stage | add_learner_definition_en | add_learner_meaning_vi | add_forms_and_grammar | add_example_and_media
pv_driver_noun,driver,noun,unspecified,A1,A1,A1_2,cefrj_plus_primary_heuristic,hobbies_free_time,general_english,,Hobbies and pastimes | Work and Jobs | Personal identification,candidate,unreviewed,confirm_sense | confirm_primary_stage | add_learner_definition_en | add_learner_meaning_vi | add_forms_and_grammar | add_example_and_media
pv_drop_verb,drop,verb,unspecified,A1,A1,A1_2,cefrj_plus_primary_heuristic,general_language,general_english,,,candidate,unreviewed,confirm_sense | confirm_primary_stage | add_learner_definition_en | add_learner_meaning_vi | add_forms_and_grammar | add_example_and_media
pv_drugstore_noun,drugstore,noun,unspecified,A2,A2,A2_2,cefrj_plus_primary_heuristic,town_services,general_english,,"Things in the town, shops and shopping | Shopping",candidate,unreviewed,confirm_sense | confirm_primary_stage | add_learner_definition_en | add_learner_meaning_vi | add_forms_and_grammar | add_example_and_media
pv_drum_noun,drum,noun,unspecified,A1,A1,A1_1,cefrj_plus_primary_heuristic,hobbies_free_time,general_english,,"Leisure activities | Free time, entertainment",candidate,unreviewed,confirm_sense | confirm_primary_stage | add_learner_definition_en | add_learner_meaning_vi | add_forms_and_grammar | add_example_and_media
pv_dry_adjective,dry,adjective,unspecified,A1,A1,A1_2,cefrj_plus_primary_heuristic,general_language,general_english,,,candidate,unreviewed,confirm_sense | confirm_primary_stage | add_learner_definition_en | add_learner_meaning_vi | add_forms_and_grammar | add_example_and_media
pv_dry_verb,dry,verb,unspecified,A2,A2,A2_1,cefrj_plus_primary_heuristic,general_language,general_english,,,candidate,unreviewed,confirm_sense | confirm_primary_stage | add_learner_definition_en | add_learner_meaning_vi | add_forms_and_grammar | add_example_and_media
pv_due_adjective,due,adjective,unspecified,A1,PRE_A1,PRE_A1_2,cefrj_plus_primary_heuristic,general_language,general_english,,,candidate,unreviewed,confirm_sense | confirm_primary_stage | add_learner_definition_en | add_learner_meaning_vi | add_forms_and_grammar | add_example_and_media
pv_during_preposition,during,preposition,unspecified,A2,A2,A2_2,cefrj_plus_primary_heuristic,general_language,general_english,,,candidate,unreviewed,confirm_sense | confirm_primary_stage | add_learner_definition_en | add_learner_meaning_vi | add_forms_and_grammar | add_example_and_media
pv_dust_noun,dust,noun,unspecified,A2,A2,A2_2,cefrj_plus_primary_heuristic,home_objects,general_english,,Objects and rooms,candidate,unreviewed,confirm_sense | confirm_primary_stage | add_learner_definition_en | add_learner_meaning_vi | add_forms_and_grammar | add_example_and_media
pv_dvd_noun,DVD,noun,unspecified,A1,PRE_A1,PRE_A1_2,cefrj_plus_primary_heuristic,hobbies_free_time,general_english,,"Hobbies and pastimes | Free time, entertainment",candidate,unreviewed,confirm_sense | confirm_primary_stage | add_learner_definition_en | add_learner_meaning_vi | add_forms_and_grammar | add_example_and_media
pv_e_book_noun,e-book,noun,unspecified,A1,A1,A1_2,primary_curriculum_decision,digital_media,digital_literacy,,,candidate,unreviewed,confirm_sense | confirm_primary_stage | add_learner_definition_en | add_learner_meaning_vi | add_forms_and_grammar | add_example_and_media
pv_each_determiner,each,determiner,unspecified,A1,PRE_A1,PRE_A1_2,cefrj_plus_primary_heuristic,general_language,general_english,,,candidate,unreviewed,confirm_sense | confirm_primary_stage | add_learner_definition_en | add_learner_meaning_vi | add_forms_and_grammar | add_example_and_media
pv_each_other_pronoun,each other,pronoun,unspecified,A1,PRE_A1,PRE_A1_2,cefrj_plus_primary_heuristic,general_language,general_english,,,candidate,unreviewed,confirm_sense | confirm_primary_stage | add_learner_definition_en | add_learner_meaning_vi | add_forms_and_grammar | add_example_and_media
pv_each_pronoun,each,pronoun,unspecified,A1,PRE_A1,PRE_A1_2,cefrj_plus_primary_heuristic,general_language,general_english,,,candidate,unreviewed,confirm_sense | confirm_primary_stage | add_learner_definition_en | add_learner_meaning_vi | add_forms_and_grammar | add_example_and_media
pv_ear_noun,ear,noun,unspecified,A1,PRE_A1,PRE_A1_1,cefrj_plus_primary_heuristic,body_health,general_english,,Health and body care,candidate,unreviewed,confirm_sense | confirm_primary_stage | add_learner_definition_en | add_learner_meaning_vi | add_forms_and_grammar | add_example_and_media
pv_early_adjective,early,adjective,unspecified,A2,A2,A2_1,cefrj_plus_primary_heuristic,general_language,general_english,,,candidate,unreviewed,confirm_sense | confirm_primary_stage | add_learner_definition_en | add_learner_meaning_vi | add_forms_and_grammar | add_example_and_media
pv_early_adverb,early,adverb,unspecified,A1,A1,A1_1,cefrj_plus_primary_heuristic,general_language,general_english,,,candidate,unreviewed,confirm_sense | confirm_primary_stage | add_learner_definition_en | add_learner_meaning_vi | add_forms_and_grammar | add_example_and_media
pv_earth_noun,earth,noun,unspecified,A2,A2,A2_2,cefrj_plus_primary_heuristic,world_places,general_english,,Nationalities and countries | Places,candidate,unreviewed,confirm_sense | confirm_primary_stage | add_learner_definition_en | add_learner_meaning_vi | add_forms_and_grammar | add_example_and_media
pv_easily_adverb,easily,adverb,unspecified,A2,A2,A2_1,cefrj_plus_primary_heuristic,general_language,general_english,,,candidate,unreviewed,confirm_sense | confirm_primary_stage | add_learner_definition_en | add_learner_meaning_vi | add_forms_and_grammar | add_example_and_media
pv_east_adverb,east,adverb,unspecified,A2,A2,A2_1,cefrj_plus_primary_heuristic,general_language,general_english,,,candidate,unreviewed,confirm_sense | confirm_primary_stage | add_learner_definition_en | add_learner_meaning_vi | add_forms_and_grammar | add_example_and_media
pv_easy_adjective,easy,adjective,unspecified,A1,A1,A1_1,cefrj_plus_primary_heuristic,general_language,general_english,,,candidate,unreviewed,confirm_sense | confirm_primary_stage | add_learner_definition_en | add_learner_meaning_vi | add_forms_and_grammar | add_example_and_media
pv_eat_verb,eat,verb,unspecified,A1,PRE_A1,PRE_A1_1,cefrj_plus_primary_heuristic,general_language,general_english,,,candidate,unreviewed,confirm_sense | confirm_primary_stage | add_learner_definition_en | add_learner_meaning_vi | add_forms_and_grammar | add_example_and_media
pv_education_noun,education,noun,unspecified,A2,A2,A2_1,cefrj_plus_primary_heuristic,school_learning,general_english,,Education | Education,candidate,unreviewed,confirm_sense | confirm_primary_stage | add_learner_definition_en | add_learner_meaning_vi | add_forms_and_grammar | add_example_and_media
pv_egg_noun,egg,noun,unspecified,A1,PRE_A1,PRE_A1_2,cefrj_plus_primary_heuristic,food_drink,general_english,,Food and drink | Food and drink,candidate,unreviewed,confirm_sense | confirm_primary_stage | add_learner_definition_en | add_learner_meaning_vi | add_forms_and_grammar | add_example_and_media
pv_eight_number,eight,number,unspecified,A1,PRE_A1,PRE_A1_2,cefrj_plus_primary_heuristic,general_language,general_english,,,candidate,unreviewed,confirm_sense | confirm_primary_stage | add_learner_definition_en | add_learner_meaning_vi | add_forms_and_grammar | add_example_and_media
pv_eighteen_number,eighteen,number,unspecified,A1,PRE_A1,PRE_A1_1,cefrj_plus_primary_heuristic,general_language,general_english,,,candidate,unreviewed,confirm_sense | confirm_primary_stage | add_learner_definition_en | add_learner_meaning_vi | add_forms_and_grammar | add_example_and_media
pv_eighty_number,eighty,number,unspecified,A1,PRE_A1,PRE_A1_1,cefrj_plus_primary_heuristic,general_language,general_english,,,candidate,unreviewed,confirm_sense | confirm_primary_stage | add_learner_definition_en | add_learner_meaning_vi | add_forms_and_grammar | add_example_and_media
pv_either_adverb,either,adverb,unspecified,A1,A1,A1_1,cefrj_plus_primary_heuristic,general_language,general_english,,,candidate,unreviewed,confirm_sense | confirm_primary_stage | add_learner_definition_en | add_learner_meaning_vi | add_forms_and_grammar | add_example_and_media
pv_either_conjunction,either,conjunction,unspecified,A2,A2,A2_2,cefrj_plus_primary_heuristic,general_language,general_english,,,candidate,unreviewed,confirm_sense | confirm_primary_stage | add_learner_definition_en | add_learner_meaning_vi | add_forms_and_grammar | add_example_and_media
pv_elderly_adjective,elderly,adjective,unspecified,A2,A2,A2_2,cefrj_plus_primary_heuristic,general_language,general_english,,,candidate,unreviewed,confirm_sense | confirm_primary_stage | add_learner_definition_en | add_learner_meaning_vi | add_forms_and_grammar | add_example_and_media
pv_electric_adjective,electric,adjective,unspecified,A2,A2,A2_2,cefrj_plus_primary_heuristic,general_language,general_english,,,candidate,unreviewed,confirm_sense | confirm_primary_stage | add_learner_definition_en | add_learner_meaning_vi | add_forms_and_grammar | add_example_and_media
pv_elementary_adjective,elementary,adjective,unspecified,A1,PRE_A1,PRE_A1_1,cefrj_plus_primary_heuristic,general_language,general_english,,,candidate,unreviewed,confirm_sense | confirm_primary_stage | add_learner_definition_en | add_learner_meaning_vi | add_forms_and_grammar | add_example_and_media
pv_elevator_noun,elevator,noun,unspecified,A2,A2,A2_1,cefrj_plus_primary_heuristic,town_services,general_english,,"Things in the town, shops and shopping | House and home, environment",candidate,unreviewed,confirm_sense | confirm_primary_stage | add_learner_definition_en | add_learner_meaning_vi | add_forms_and_grammar | add_example_and_media
pv_eleven_number,eleven,number,unspecified,A1,PRE_A1,PRE_A1_2,cefrj_plus_primary_heuristic,general_language,general_english,,,candidate,unreviewed,confirm_sense | confirm_primary_stage | add_learner_definition_en | add_learner_meaning_vi | add_forms_and_grammar | add_example_and_media
pv_else_adverb,else,adverb,unspecified,A1,A1,A1_1,cefrj_plus_primary_heuristic,general_language,general_english,,,candidate,unreviewed,confirm_sense | confirm_primary_stage | add_learner_definition_en | add_learner_meaning_vi | add_forms_and_grammar | add_example_and_media
pv_elsewhere_adverb,elsewhere,adverb,unspecified,A2,A2,A2_2,cefrj_plus_primary_heuristic,general_language,general_english,,,candidate,unreviewed,confirm_sense | confirm_primary_stage | add_learner_definition_en | add_learner_meaning_vi | add_forms_and_grammar | add_example_and_media
pv_email_noun,email,noun,unspecified,A1,A1,A1_2,primary_curriculum_decision,digital_media,digital_literacy,,,candidate,unreviewed,confirm_sense | confirm_primary_stage | add_learner_definition_en | add_learner_meaning_vi | add_forms_and_grammar | add_example_and_media
pv_email_verb,email,verb,unspecified,A2,A2,A2_1,primary_curriculum_decision,digital_media,digital_literacy,,,candidate,unreviewed,confirm_sense | confirm_primary_stage | add_learner_definition_en | add_learner_meaning_vi | add_forms_and_grammar | add_example_and_media
pv_emergency_noun,emergency,noun,unspecified,A2,A2,A2_2,cefrj_plus_primary_heuristic,global_citizenship,global_studies,,"News, lifestyles and current affairs",candidate,unreviewed,confirm_sense | confirm_primary_stage | add_learner_definition_en | add_learner_meaning_vi | add_forms_and_grammar | add_example_and_media
pv_empathy_noun,empathy,noun,unspecified,A2,A2,A2_2,primary_curriculum_decision,social_emotional,social_emotional,,,candidate,unreviewed,confirm_sense | confirm_primary_stage | add_learner_definition_en | add_learner_meaning_vi | add_forms_and_grammar | add_example_and_media
pv_empty_adjective,empty,adjective,unspecified,A2,A2,A2_1,cefrj_plus_primary_heuristic,general_language,general_english,,,candidate,unreviewed,confirm_sense | confirm_primary_stage | add_learner_definition_en | add_learner_meaning_vi | add_forms_and_grammar | add_example_and_media
pv_encourage_verb,encourage,verb,unspecified,A2,A2,A2_2,cefrj_plus_primary_heuristic,general_language,general_english,,,candidate,unreviewed,confirm_sense | confirm_primary_stage | add_learner_definition_en | add_learner_meaning_vi | add_forms_and_grammar | add_example_and_media
pv_end_noun,end,noun,unspecified,A1,PRE_A1,PRE_A1_2,cefrj_plus_primary_heuristic,general_language,general_english,,,candidate,unreviewed,confirm_sense | confirm_primary_stage | add_learner_definition_en | add_learner_meaning_vi | add_forms_and_grammar | add_example_and_media
pv_end_verb,end,verb,unspecified,A2,A2,A2_2,cefrj_plus_primary_heuristic,general_language,general_english,,,candidate,unreviewed,confirm_sense | confirm_primary_stage | add_learner_definition_en | add_learner_meaning_vi | add_forms_and_grammar | add_example_and_media
pv_endangered_adjective,endangered,adjective,unspecified,A2,A2,A2_2,cefrj_plus_primary_heuristic,general_language,general_english,,,candidate,unreviewed,confirm_sense | confirm_primary_stage | add_learner_definition_en | add_learner_meaning_vi | add_forms_and_grammar | add_example_and_media
pv_energetic_adjective,energetic,adjective,unspecified,A2,A2,A2_2,cefrj_plus_primary_heuristic,general_language,general_english,,,candidate,unreviewed,confirm_sense | confirm_primary_stage | add_learner_definition_en | add_learner_meaning_vi | add_forms_and_grammar | add_example_and_media
pv_engineer_noun,engineer,noun,unspecified,A1,A1,A1_2,cefrj_plus_primary_heuristic,jobs_community,general_english,,Work and Jobs | Personal identification,candidate,unreviewed,confirm_sense | confirm_primary_stage | add_learner_definition_en | add_learner_meaning_vi | add_forms_and_grammar | add_example_and_media
pv_enjoy_verb,enjoy,verb,unspecified,A1,PRE_A1,PRE_A1_1,cefrj_plus_primary_heuristic,general_language,general_english,,,candidate,unreviewed,confirm_sense | confirm_primary_stage | add_learner_definition_en | add_learner_meaning_vi | add_forms_and_grammar | add_example_and_media
pv_enormous_adjective,enormous,adjective,unspecified,A2,A2,A2_2,cefrj_plus_primary_heuristic,general_language,general_english,,,candidate,unreviewed,confirm_sense | confirm_primary_stage | add_learner_definition_en | add_learner_meaning_vi | add_forms_and_grammar | add_example_and_media
pv_enough_adverb,enough,adverb,unspecified,A2,A2,A2_1,cefrj_plus_primary_heuristic,general_language,general_english,,,candidate,unreviewed,confirm_sense | confirm_primary_stage | add_learner_definition_en | add_learner_meaning_vi | add_forms_and_grammar | add_example_and_media
pv_enough_determiner,enough,determiner,unspecified,A2,A2,A2_2,cefrj_plus_primary_heuristic,general_language,general_english,,,candidate,unreviewed,confirm_sense | confirm_primary_stage | add_learner_definition_en | add_learner_meaning_vi | add_forms_and_grammar | add_example_and_media
pv_enough_pronoun,enough,pronoun,unspecified,A2,A2,A2_2,cefrj_plus_primary_heuristic,general_language,general_english,,,candidate,unreviewed,confirm_sense | confirm_primary_stage | add_learner_definition_en | add_learner_meaning_vi | add_forms_and_grammar | add_example_and_media
pv_enter_verb,enter,verb,unspecified,A2,A2,A2_1,cefrj_plus_primary_heuristic,general_language,general_english,,,candidate,unreviewed,confirm_sense | confirm_primary_stage | add_learner_definition_en | add_learner_meaning_vi | add_forms_and_grammar | add_example_and_media
pv_entrance_noun,entrance,noun,unspecified,A2,A2,A2_2,cefrj_plus_primary_heuristic,home_objects,general_english,,"Objects and rooms | House and home, environment",candidate,unreviewed,confirm_sense | confirm_primary_stage | add_learner_definition_en | add_learner_meaning_vi | add_forms_and_grammar | add_example_and_media
pv_envy_noun,envy,noun,unspecified,A2,A2,A2_1,cefrj_plus_primary_heuristic,social_communication,general_english,,Relations with other people,candidate,unreviewed,confirm_sense | confirm_primary_stage | add_learner_definition_en | add_learner_meaning_vi | add_forms_and_grammar | add_example_and_media
pv_escalator_noun,escalator,noun,unspecified,A2,A2,A2_1,cefrj_plus_primary_heuristic,town_services,general_english,,"Things in the town, shops and shopping | House and home, environment",candidate,unreviewed,confirm_sense | confirm_primary_stage | add_learner_definition_en | add_learner_meaning_vi | add_forms_and_grammar | add_example_and_media
pv_especially_adverb,especially,adverb,unspecified,A2,A2,A2_2,cefrj_plus_primary_heuristic,general_language,general_english,,,candidate,unreviewed,confirm_sense | confirm_primary_stage | add_learner_definition_en | add_learner_meaning_vi | add_forms_and_grammar | add_example_and_media
pv_establish_verb,establish,verb,unspecified,A2,A2,A2_2,cefrj_plus_primary_heuristic,general_language,general_english,,,candidate,unreviewed,confirm_sense | confirm_primary_stage | add_learner_definition_en | add_learner_meaning_vi | add_forms_and_grammar | add_example_and_media
pv_even_adverb,even,adverb,unspecified,A2,A2,A2_1,cefrj_plus_primary_heuristic,general_language,general_english,,,candidate,unreviewed,confirm_sense | confirm_primary_stage | add_learner_definition_en | add_learner_meaning_vi | add_forms_and_grammar | add_example_and_media
pv_evening_noun,evening,noun,unspecified,A1,PRE_A1,PRE_A1_2,cefrj_plus_primary_heuristic,general_language,general_english,,,candidate,unreviewed,confirm_sense | confirm_primary_stage | add_learner_definition_en | add_learner_meaning_vi | add_forms_and_grammar | add_example_and_media
pv_event_noun,event,noun,unspecified,A1,A1,A1_2,cefrj_plus_primary_heuristic,hobbies_free_time,general_english,,"Hobbies and pastimes | Free time, entertainment",candidate,unreviewed,confirm_sense | confirm_primary_stage | add_learner_definition_en | add_learner_meaning_vi | add_forms_and_grammar | add_example_and_media
pv_ever_adverb,ever,adverb,unspecified,A2,A2,A2_1,cefrj_plus_primary_heuristic,general_language,general_english,,,candidate,unreviewed,confirm_sense | confirm_primary_stage | add_learner_definition_en | add_learner_meaning_vi | add_forms_and_grammar | add_example_and_media
pv_every_determiner,every,determiner,unspecified,A1,PRE_A1,PRE_A1_2,cefrj_plus_primary_heuristic,general_language,general_english,,,candidate,unreviewed,confirm_sense | confirm_primary_stage | add_learner_definition_en | add_learner_meaning_vi | add_forms_and_grammar | add_example_and_media
pv_everybody_pronoun,everybody,pronoun,unspecified,A1,PRE_A1,PRE_A1_1,cefrj_plus_primary_heuristic,general_language,general_english,,,candidate,unreviewed,confirm_sense | confirm_primary_stage | add_learner_definition_en | add_learner_meaning_vi | add_forms_and_grammar | add_example_and_media
pv_everyday_adjective,everyday,adjective,unspecified,A1,A1,A1_2,cefrj_plus_primary_heuristic,general_language,general_english,,,candidate,unreviewed,confirm_sense | confirm_primary_stage | add_learner_definition_en | add_learner_meaning_vi | add_forms_and_grammar | add_example_and_media
pv_everyone_pronoun,everyone,pronoun,unspecified,A1,PRE_A1,PRE_A1_2,cefrj_plus_primary_heuristic,general_language,general_english,,,candidate,unreviewed,confirm_sense | confirm_primary_stage | add_learner_definition_en | add_learner_meaning_vi | add_forms_and_grammar | add_example_and_media
pv_everything_pronoun,everything,pronoun,unspecified,A1,PRE_A1,PRE_A1_1,cefrj_plus_primary_heuristic,general_language,general_english,,,candidate,unreviewed,confirm_sense | confirm_primary_stage | add_learner_definition_en | add_learner_meaning_vi | add_forms_and_grammar | add_example_and_media
pv_everywhere_adverb,everywhere,adverb,unspecified,A1,PRE_A1,PRE_A1_1,cefrj_plus_primary_heuristic,general_language,general_english,,,candidate,unreviewed,confirm_sense | confirm_primary_stage | add_learner_definition_en | add_learner_meaning_vi | add_forms_and_grammar | add_example_and_media
pv_exactly_adverb,exactly,adverb,unspecified,A2,A2,A2_1,cefrj_plus_primary_heuristic,general_language,general_english,,,candidate,unreviewed,confirm_sense | confirm_primary_stage | add_learner_definition_en | add_learner_meaning_vi | add_forms_and_grammar | add_example_and_media
pv_example_noun,example,noun,unspecified,A1,A1,A1_2,cefrj_plus_primary_heuristic,general_language,general_english,,,candidate,unreviewed,confirm_sense | confirm_primary_stage | add_learner_definition_en | add_learner_meaning_vi | add_forms_and_grammar | add_example_and_media
pv_excellent_adjective,excellent,adjective,unspecified,A1,PRE_A1,PRE_A1_2,cefrj_plus_primary_heuristic,general_language,general_english,,,candidate,unreviewed,confirm_sense | confirm_primary_stage | add_learner_definition_en | add_learner_meaning_vi | add_forms_and_grammar | add_example_and_media
pv_except_conjunction,except,conjunction,unspecified,A2,A2,A2_1,cefrj_plus_primary_heuristic,general_language,general_english,,,candidate,unreviewed,confirm_sense | confirm_primary_stage | add_learner_definition_en | add_learner_meaning_vi | add_forms_and_grammar | add_example_and_media
pv_except_preposition,except,preposition,unspecified,A2,A2,A2_1,cefrj_plus_primary_heuristic,general_language,general_english,,,candidate,unreviewed,confirm_sense | confirm_primary_stage | add_learner_definition_en | add_learner_meaning_vi | add_forms_and_grammar | add_example_and_media
pv_excited_adjective,excited,adjective,unspecified,A1,PRE_A1,PRE_A1_2,cefrj_plus_primary_heuristic,general_language,general_english,,,candidate,unreviewed,confirm_sense | confirm_primary_stage | add_learner_definition_en | add_learner_meaning_vi | add_forms_and_grammar | add_example_and_media
pv_exciting_adjective,exciting,adjective,unspecified,A1,PRE_A1,PRE_A1_1,cefrj_plus_primary_heuristic,general_language,general_english,,,candidate,unreviewed,confirm_sense | confirm_primary_stage | add_learner_definition_en | add_learner_meaning_vi | add_forms_and_grammar | add_example_and_media
pv_excuse_noun,excuse,noun,unspecified,A1,PRE_A1,PRE_A1_1,cefrj_plus_primary_heuristic,general_language,general_english,,,candidate,unreviewed,confirm_sense | confirm_primary_stage | add_learner_definition_en | add_learner_meaning_vi | add_forms_and_grammar | add_example_and_media
pv_exercise_noun,exercise,noun,unspecified,A2,A2,A2_1,cefrj_plus_primary_heuristic,hobbies_free_time,general_english,,"Leisure activities | Free time, entertainment",candidate,unreviewed,confirm_sense | confirm_primary_stage | add_learner_definition_en | add_learner_meaning_vi | add_forms_and_grammar | add_example_and_media
pv_exercise_verb,exercise,verb,unspecified,A1,PRE_A1,PRE_A1_2,cefrj_plus_primary_heuristic,general_language,general_english,,,candidate,unreviewed,confirm_sense | confirm_primary_stage | add_learner_definition_en | add_learner_meaning_vi | add_forms_and_grammar | add_example_and_media
pv_exhibition_noun,exhibition,noun,unspecified,A2,A2,A2_2,cefrj_plus_primary_heuristic,hobbies_free_time,general_english,,"Hobbies and pastimes | Free time, entertainment",candidate,unreviewed,confirm_sense | confirm_primary_stage | add_learner_definition_en | add_learner_meaning_vi | add_forms_and_grammar | add_example_and_media
pv_exist_verb,exist,verb,unspecified,A2,A2,A2_2,cefrj_plus_primary_heuristic,general_language,general_english,,,candidate,unreviewed,confirm_sense | confirm_primary_stage | add_learner_definition_en | add_learner_meaning_vi | add_forms_and_grammar | add_example_and_media
pv_expect_verb,expect,verb,unspecified,A2,A2,A2_1,cefrj_plus_primary_heuristic,general_language,general_english,,,candidate,unreviewed,confirm_sense | confirm_primary_stage | add_learner_definition_en | add_learner_meaning_vi | add_forms_and_grammar | add_example_and_media
pv_expensive_adjective,expensive,adjective,unspecified,A1,A1,A1_1,cefrj_plus_primary_heuristic,general_language,general_english,,,candidate,unreviewed,confirm_sense | confirm_primary_stage | add_learner_definition_en | add_learner_meaning_vi | add_forms_and_grammar | add_example_and_media
pv_experiment_noun,experiment,noun,unspecified,A2,A2,A2_2,primary_curriculum_decision,science_inquiry,academic_clil,,,candidate,unreviewed,confirm_sense | confirm_primary_stage | add_learner_definition_en | add_learner_meaning_vi | add_forms_and_grammar | add_example_and_media
pv_explain_verb,explain,verb,unspecified,A2,A2,A2_2,cefrj_plus_primary_heuristic,general_language,general_english,,,candidate,unreviewed,confirm_sense | confirm_primary_stage | add_learner_definition_en | add_learner_meaning_vi | add_forms_and_grammar | add_example_and_media
pv_explore_verb,explore,verb,unspecified,A2,A2,A2_2,cefrj_plus_primary_heuristic,general_language,general_english,,,candidate,unreviewed,confirm_sense | confirm_primary_stage | add_learner_definition_en | add_learner_meaning_vi | add_forms_and_grammar | add_example_and_media
pv_extra_adjective,extra,adjective,unspecified,A2,A2,A2_1,cefrj_plus_primary_heuristic,general_language,general_english,,,candidate,unreviewed,confirm_sense | confirm_primary_stage | add_learner_definition_en | add_learner_meaning_vi | add_forms_and_grammar | add_example_and_media
pv_extra_adverb,extra,adverb,unspecified,A2,A2,A2_2,cefrj_plus_primary_heuristic,general_language,general_english,,,candidate,unreviewed,confirm_sense | confirm_primary_stage | add_learner_definition_en | add_learner_meaning_vi | add_forms_and_grammar | add_example_and_media
pv_extremely_adverb,extremely,adverb,unspecified,A2,A2,A2_2,cefrj_plus_primary_heuristic,general_language,general_english,,,candidate,unreviewed,confirm_sense | confirm_primary_stage | add_learner_definition_en | add_learner_meaning_vi | add_forms_and_grammar | add_example_and_media
pv_eye_noun,eye,noun,unspecified,A1,PRE_A1,PRE_A1_1,cefrj_plus_primary_heuristic,body_health,general_english,,Health and body care,candidate,unreviewed,confirm_sense | confirm_primary_stage | add_learner_definition_en | add_learner_meaning_vi | add_forms_and_grammar | add_example_and_media
pv_face_noun,face,noun,unspecified,A1,PRE_A1,PRE_A1_2,cefrj_plus_primary_heuristic,body_health,general_english,,Health and body care,candidate,unreviewed,confirm_sense | confirm_primary_stage | add_learner_definition_en | add_learner_meaning_vi | add_forms_and_grammar | add_example_and_media
pv_face_verb,face,verb,unspecified,A2,A2,A2_1,cefrj_plus_primary_heuristic,general_language,general_english,,,candidate,unreviewed,confirm_sense | confirm_primary_stage | add_learner_definition_en | add_learner_meaning_vi | add_forms_and_grammar | add_example_and_media
pv_factory_noun,factory,noun,unspecified,A1,A1,A1_1,cefrj_plus_primary_heuristic,town_services,general_english,,"Things in the town, shops and shopping | House and home, environment",candidate,unreviewed,confirm_sense | confirm_primary_stage | add_learner_definition_en | add_learner_meaning_vi | add_forms_and_grammar | add_example_and_media
pv_fail_verb,fail,verb,unspecified,A2,A2,A2_1,cefrj_plus_primary_heuristic,general_language,general_english,,,candidate,unreviewed,confirm_sense | confirm_primary_stage | add_learner_definition_en | add_learner_meaning_vi | add_forms_and_grammar | add_example_and_media
pv_fair_adjective,fair,adjective,unspecified,A1,A1,A1_2,cefrj_plus_primary_heuristic,general_language,general_english,,,candidate,unreviewed,confirm_sense | confirm_primary_stage | add_learner_definition_en | add_learner_meaning_vi | add_forms_and_grammar | add_example_and_media
pv_fairly_adverb,fairly,adverb,unspecified,A2,A2,A2_1,cefrj_plus_primary_heuristic,general_language,general_english,,,candidate,unreviewed,confirm_sense | confirm_primary_stage | add_learner_definition_en | add_learner_meaning_vi | add_forms_and_grammar | add_example_and_media
pv_fairy_noun,fairy,noun,unspecified,A1,A1,A1_2,cefrj_plus_primary_heuristic,stories_reading,general_english,,Books and literature,candidate,unreviewed,confirm_sense | confirm_primary_stage | add_learner_definition_en | add_learner_meaning_vi | add_forms_and_grammar | add_example_and_media
pv_fall_verb,fall,verb,unspecified,A2,A2,A2_1,cefrj_plus_primary_heuristic,general_language,general_english,,,candidate,unreviewed,confirm_sense | confirm_primary_stage | add_learner_definition_en | add_learner_meaning_vi | add_forms_and_grammar | add_example_and_media
pv_false_adjective,false,adjective,unspecified,A1,A1,A1_2,cefrj_plus_primary_heuristic,general_language,general_english,,,candidate,unreviewed,confirm_sense | confirm_primary_stage | add_learner_definition_en | add_learner_meaning_vi | add_forms_and_grammar | add_example_and_media
pv_family_noun,family,noun,unspecified,A1,PRE_A1,PRE_A1_2,cefrj_plus_primary_heuristic,family_friends,general_english,,Family life | Personal identification,candidate,unreviewed,confirm_sense | confirm_primary_stage | add_learner_definition_en | add_learner_meaning_vi | add_forms_and_grammar | add_example_and_media
pv_famous_adjective,famous,adjective,unspecified,A1,A1,A1_2,cefrj_plus_primary_heuristic,general_language,general_english,,,candidate,unreviewed,confirm_sense | confirm_primary_stage | add_learner_definition_en | add_learner_meaning_vi | add_forms_and_grammar | add_example_and_media
pv_fan_noun,fan,noun,unspecified,A1,PRE_A1,PRE_A1_1,cefrj_plus_primary_heuristic,home_objects,general_english,,Objects and rooms | Personal identification,candidate,unreviewed,confirm_sense | confirm_primary_stage | add_learner_definition_en | add_learner_meaning_vi | add_forms_and_grammar | add_example_and_media
pv_fancy_adjective,fancy,adjective,unspecified,A2,A2,A2_2,cefrj_plus_primary_heuristic,general_language,general_english,,,candidate,unreviewed,confirm_sense | confirm_primary_stage | add_learner_definition_en | add_learner_meaning_vi | add_forms_and_grammar | add_example_and_media
pv_fantastic_adjective,fantastic,adjective,unspecified,A2,A2,A2_2,cefrj_plus_primary_heuristic,general_language,general_english,,,candidate,unreviewed,confirm_sense | confirm_primary_stage | add_learner_definition_en | add_learner_meaning_vi | add_forms_and_grammar | add_example_and_media
pv_far_adverb,far,adverb,unspecified,A2,A2,A2_2,cefrj_plus_primary_heuristic,general_language,general_english,,,candidate,unreviewed,confirm_sense | confirm_primary_stage | add_learner_definition_en | add_learner_meaning_vi | add_forms_and_grammar | add_example_and_media
pv_farm_noun,farm,noun,unspecified,A1,PRE_A1,PRE_A1_2,cefrj_plus_primary_heuristic,town_services,general_english,,"Things in the town, shops and shopping | House and home, environment",candidate,unreviewed,confirm_sense | confirm_primary_stage | add_learner_definition_en | add_learner_meaning_vi | add_forms_and_grammar | add_example_and_media
pv_farmer_noun,farmer,noun,unspecified,A1,A1,A1_2,cefrj_plus_primary_heuristic,jobs_community,general_english,,Work and Jobs | Personal identification,candidate,unreviewed,confirm_sense | confirm_primary_stage | add_learner_definition_en | add_learner_meaning_vi | add_forms_and_grammar | add_example_and_media
pv_fashion_noun,fashion,noun,unspecified,A2,A2,A2_1,cefrj_plus_primary_heuristic,shopping_money,general_english,,Shopping | Shopping,candidate,unreviewed,confirm_sense | confirm_primary_stage | add_learner_definition_en | add_learner_meaning_vi | add_forms_and_grammar | add_example_and_media
pv_fast_adjective,fast,adjective,unspecified,A1,PRE_A1,PRE_A1_2,cefrj_plus_primary_heuristic,general_language,general_english,,,candidate,unreviewed,confirm_sense | confirm_primary_stage | add_learner_definition_en | add_learner_meaning_vi | add_forms_and_grammar | add_example_and_media
pv_fast_adverb,fast,adverb,unspecified,A1,A1,A1_2,cefrj_plus_primary_heuristic,general_language,general_english,,,candidate,unreviewed,confirm_sense | confirm_primary_stage | add_learner_definition_en | add_learner_meaning_vi | add_forms_and_grammar | add_example_and_media
pv_fat_adjective,fat,adjective,unspecified,A1,PRE_A1,PRE_A1_1,cefrj_plus_primary_heuristic,general_language,general_english,,,candidate,unreviewed,confirm_sense | confirm_primary_stage | add_learner_definition_en | add_learner_meaning_vi | add_forms_and_grammar | add_example_and_media
pv_father_noun,father,noun,unspecified,A1,PRE_A1,PRE_A1_1,cefrj_plus_primary_heuristic,family_friends,general_english,,Family life | Personal identification,candidate,unreviewed,confirm_sense | confirm_primary_stage | add_learner_definition_en | add_learner_meaning_vi | add_forms_and_grammar | add_example_and_media
pv_favorite_adjective,favorite,adjective,unspecified,A1,A1,A1_1,cefrj_plus_primary_heuristic,general_language,general_english,favourite,,candidate,unreviewed,confirm_sense | confirm_primary_stage | add_learner_definition_en | add_learner_meaning_vi | add_forms_and_grammar | add_example_and_media
pv_favorite_noun,favorite,noun,unspecified,A1,A1,A1_2,cefrj_plus_primary_heuristic,people_identity,general_english,favourite,Personal identification,candidate,unreviewed,confirm_sense | confirm_primary_stage | add_learner_definition_en | add_learner_meaning_vi | add_forms_and_grammar | add_example_and_media
pv_february_noun,February,noun,unspecified,A1,A1,A1_1,cefrj_plus_primary_heuristic,general_language,general_english,,,candidate,unreviewed,confirm_sense | confirm_primary_stage | add_learner_definition_en | add_learner_meaning_vi | add_forms_and_grammar | add_example_and_media
pv_feed_noun,feed,noun,unspecified,A1,PRE_A1,PRE_A1_1,cefrj_plus_primary_heuristic,food_drink,general_english,,Food and drink | Food and drink,candidate,unreviewed,confirm_sense | confirm_primary_stage | add_learner_definition_en | add_learner_meaning_vi | add_forms_and_grammar | add_example_and_media
pv_feel_verb,feel,verb,unspecified,A1,A1,A1_2,cefrj_plus_primary_heuristic,general_language,general_english,,,candidate,unreviewed,confirm_sense | confirm_primary_stage | add_learner_definition_en | add_learner_meaning_vi | add_forms_and_grammar | add_example_and_media
pv_feeling_noun,feeling,noun,unspecified,A1,A1,A1_1,cefrj_plus_primary_heuristic,general_language,general_english,,,candidate,unreviewed,confirm_sense | confirm_primary_stage | add_learner_definition_en | add_learner_meaning_vi | add_forms_and_grammar | add_example_and_media
pv_female_adjective,female,adjective,unspecified,A2,A2,A2_1,cefrj_plus_primary_heuristic,general_language,general_english,,,candidate,unreviewed,confirm_sense | confirm_primary_stage | add_learner_definition_en | add_learner_meaning_vi | add_forms_and_grammar | add_example_and_media
pv_fence_noun,fence,noun,unspecified,A2,A2,A2_2,cefrj_plus_primary_heuristic,town_services,general_english,,"Things in the town, shops and shopping | House and home, environment",candidate,unreviewed,confirm_sense | confirm_primary_stage | add_learner_definition_en | add_learner_meaning_vi | add_forms_and_grammar | add_example_and_media
pv_festival_noun,festival,noun,unspecified,A1,PRE_A1,PRE_A1_2,cefrj_plus_primary_heuristic,hobbies_free_time,general_english,,"Leisure activities | Free time, entertainment",candidate,unreviewed,confirm_sense | confirm_primary_stage | add_learner_definition_en | add_learner_meaning_vi | add_forms_and_grammar | add_example_and_media
pv_fever_noun,fever,noun,unspecified,A1,A1,A1_1,cefrj_plus_primary_heuristic,travel_transport,general_english,,Travel and services vocab | Health and body care,candidate,unreviewed,confirm_sense | confirm_primary_stage | add_learner_definition_en | add_learner_meaning_vi | add_forms_and_grammar | add_example_and_media
pv_few_determiner,few,determiner,unspecified,A2,A2,A2_1,cefrj_plus_primary_heuristic,general_language,general_english,,,candidate,unreviewed,confirm_sense | confirm_primary_stage | add_learner_definition_en | add_learner_meaning_vi | add_forms_and_grammar | add_example_and_media
pv_fiction_noun,fiction,noun,unspecified,A2,A2,A2_2,cefrj_plus_primary_heuristic,stories_reading,general_english,,"Books and literature | Free time, entertainment",candidate,unreviewed,confirm_sense | confirm_primary_stage | add_learner_definition_en | add_learner_meaning_vi | add_forms_and_grammar | add_example_and_media
pv_field_noun,field,noun,unspecified,A1,A1,A1_2,cefrj_plus_primary_heuristic,town_services,general_english,,"Things in the town, shops and shopping | House and home, environment",candidate,unreviewed,confirm_sense | confirm_primary_stage | add_learner_definition_en | add_learner_meaning_vi | add_forms_and_grammar | add_example_and_media
pv_fifteen_number,fifteen,number,unspecified,A1,PRE_A1,PRE_A1_1,cefrj_plus_primary_heuristic,general_language,general_english,,,candidate,unreviewed,confirm_sense | confirm_primary_stage | add_learner_definition_en | add_learner_meaning_vi | add_forms_and_grammar | add_example_and_media
pv_fifty_number,fifty,number,unspecified,A1,PRE_A1,PRE_A1_2,cefrj_plus_primary_heuristic,general_language,general_english,,,candidate,unreviewed,confirm_sense | confirm_primary_stage | add_learner_definition_en | add_learner_meaning_vi | add_forms_and_grammar | add_example_and_media
pv_fight_noun,fight,noun,unspecified,A1,PRE_A1,PRE_A1_1,cefrj_plus_primary_heuristic,global_citizenship,global_studies,,"News, lifestyles and current affairs | Relations with other people",candidate,unreviewed,confirm_sense | confirm_primary_stage | add_learner_definition_en | add_learner_meaning_vi | add_forms_and_grammar | add_example_and_media
pv_fighter_noun,fighter,noun,unspecified,A2,A2,A2_2,cefrj_plus_primary_heuristic,jobs_community,general_english,,Work and Jobs | Personal identification,candidate,unreviewed,confirm_sense | confirm_primary_stage | add_learner_definition_en | add_learner_meaning_vi | add_forms_and_grammar | add_example_and_media
pv_file_noun,file,noun,unspecified,A1,PRE_A1,PRE_A1_2,cefrj_plus_primary_heuristic,home_objects,general_english,,Objects and rooms,candidate,unreviewed,confirm_sense | confirm_primary_stage | add_learner_definition_en | add_learner_meaning_vi | add_forms_and_grammar | add_example_and_media
pv_fill_verb,fill,verb,unspecified,A1,A1,A1_1,cefrj_plus_primary_heuristic,general_language,general_english,,,candidate,unreviewed,confirm_sense | confirm_primary_stage | add_learner_definition_en | add_learner_meaning_vi | add_forms_and_grammar | add_example_and_media
pv_film_noun,film,noun,unspecified,A2,A2,A2_2,cefrj_plus_primary_heuristic,hobbies_free_time,general_english,,"Hobbies and pastimes | Free time, entertainment",candidate,unreviewed,confirm_sense | confirm_primary_stage | add_learner_definition_en | add_learner_meaning_vi | add_forms_and_grammar | add_example_and_media
pv_final_adjective,final,adjective,unspecified,A2,A2,A2_1,cefrj_plus_primary_heuristic,general_language,general_english,,,candidate,unreviewed,confirm_sense | confirm_primary_stage | add_learner_definition_en | add_learner_meaning_vi | add_forms_and_grammar | add_example_and_media
pv_finally_adverb,finally,adverb,unspecified,A2,A2,A2_1,cefrj_plus_primary_heuristic,general_language,general_english,,,candidate,unreviewed,confirm_sense | confirm_primary_stage | add_learner_definition_en | add_learner_meaning_vi | add_forms_and_grammar | add_example_and_media
pv_find_verb,find,verb,unspecified,A1,PRE_A1,PRE_A1_2,cefrj_plus_primary_heuristic,general_language,general_english,,,candidate,unreviewed,confirm_sense | confirm_primary_stage | add_learner_definition_en | add_learner_meaning_vi | add_forms_and_grammar | add_example_and_media
pv_fine_adjective,fine,adjective,unspecified,A1,A1,A1_1,cefrj_plus_primary_heuristic,general_language,general_english,,,candidate,unreviewed,confirm_sense | confirm_primary_stage | add_learner_definition_en | add_learner_meaning_vi | add_forms_and_grammar | add_example_and_media
pv_finish_noun,finish,noun,unspecified,A1,PRE_A1,PRE_A1_1,cefrj_plus_primary_heuristic,general_language,general_english,,,candidate,unreviewed,confirm_sense | confirm_primary_stage | add_learner_definition_en | add_learner_meaning_vi | add_forms_and_grammar | add_example_and_media
pv_finish_verb,finish,verb,unspecified,A1,PRE_A1,PRE_A1_1,cefrj_plus_primary_heuristic,general_language,general_english,,,candidate,unreviewed,confirm_sense | confirm_primary_stage | add_learner_definition_en | add_learner_meaning_vi | add_forms_and_grammar | add_example_and_media
pv_fire_noun,fire,noun,unspecified,A1,A1,A1_1,cefrj_plus_primary_heuristic,general_language,general_english,,,candidate,unreviewed,confirm_sense | confirm_primary_stage | add_learner_definition_en | add_learner_meaning_vi | add_forms_and_grammar | add_example_and_media
pv_first_adjective,first,adjective,unspecified,A1,PRE_A1,PRE_A1_1,cefrj_plus_primary_heuristic,general_language,general_english,,,candidate,unreviewed,confirm_sense | confirm_primary_stage | add_learner_definition_en | add_learner_meaning_vi | add_forms_and_grammar | add_example_and_media
pv_first_adverb,first,adverb,unspecified,A1,A1,A1_2,cefrj_plus_primary_heuristic,general_language,general_english,,,candidate,unreviewed,confirm_sense | confirm_primary_stage | add_learner_definition_en | add_learner_meaning_vi | add_forms_and_grammar | add_example_and_media
pv_fish_noun,fish,noun,unspecified,A1,PRE_A1,PRE_A1_2,cefrj_plus_primary_heuristic,food_drink,general_english,,Food and drink | Food and drink,candidate,unreviewed,confirm_sense | confirm_primary_stage | add_learner_definition_en | add_learner_meaning_vi | add_forms_and_grammar | add_example_and_media
pv_fisherman_noun,fisherman,noun,unspecified,A2,A2,A2_2,cefrj_plus_primary_heuristic,jobs_community,general_english,,Work and Jobs | Personal identification,candidate,unreviewed,confirm_sense | confirm_primary_stage | add_learner_definition_en | add_learner_meaning_vi | add_forms_and_grammar | add_example_and_media
pv_fishing_noun,fishing,noun,unspecified,A1,A1,A1_2,cefrj_plus_primary_heuristic,hobbies_free_time,general_english,,"Leisure activities | Free time, entertainment",candidate,unreviewed,confirm_sense | confirm_primary_stage | add_learner_definition_en | add_learner_meaning_vi | add_forms_and_grammar | add_example_and_media
pv_fit_adjective,fit,adjective,unspecified,A2,A2,A2_2,cefrj_plus_primary_heuristic,general_language,general_english,,,candidate,unreviewed,confirm_sense | confirm_primary_stage | add_learner_definition_en | add_learner_meaning_vi | add_forms_and_grammar | add_example_and_media
pv_five_number,five,number,unspecified,A1,PRE_A1,PRE_A1_1,cefrj_plus_primary_heuristic,general_language,general_english,,,candidate,unreviewed,confirm_sense | confirm_primary_stage | add_learner_definition_en | add_learner_meaning_vi | add_forms_and_grammar | add_example_and_media
pv_flag_noun,flag,noun,unspecified,A1,A1,A1_1,cefrj_plus_primary_heuristic,town_services,general_english,,"Things in the town, shops and shopping",candidate,unreviewed,confirm_sense | confirm_primary_stage | add_learner_definition_en | add_learner_meaning_vi | add_forms_and_grammar | add_example_and_media
pv_flat_noun,flat,noun,unspecified,A1,PRE_A1,PRE_A1_2,cefrj_plus_primary_heuristic,town_services,general_english,,"Things in the town, shops and shopping | House and home, environment",candidate,unreviewed,confirm_sense | confirm_primary_stage | add_learner_definition_en | add_learner_meaning_vi | add_forms_and_grammar | add_example_and_media
pv_flight_noun,flight,noun,unspecified,A2,A2,A2_1,cefrj_plus_primary_heuristic,travel_transport,general_english,,Ways of travelling | Travel,candidate,unreviewed,confirm_sense | confirm_primary_stage | add_learner_definition_en | add_learner_meaning_vi | add_forms_and_grammar | add_example_and_media
pv_float_noun,float,noun,unspecified,A2,A2,A2_2,cefrj_plus_primary_heuristic,travel_transport,general_english,,Ways of travelling | Travel,candidate,unreviewed,confirm_sense | confirm_primary_stage | add_learner_definition_en | add_learner_meaning_vi | add_forms_and_grammar | add_example_and_media
pv_flood_noun,flood,noun,unspecified,A2,A2,A2_2,cefrj_plus_primary_heuristic,global_citizenship,global_studies,,"News, lifestyles and current affairs | Weather",candidate,unreviewed,confirm_sense | confirm_primary_stage | add_learner_definition_en | add_learner_meaning_vi | add_forms_and_grammar | add_example_and_media
pv_floor_noun,floor,noun,unspecified,A1,PRE_A1,PRE_A1_2,cefrj_plus_primary_heuristic,home_objects,general_english,,"Objects and rooms | House and home, environment",candidate,unreviewed,confirm_sense | confirm_primary_stage | add_learner_definition_en | add_learner_meaning_vi | add_forms_and_grammar | add_example_and_media
pv_flour_noun,flour,noun,unspecified,A2,A2,A2_1,cefrj_plus_primary_heuristic,food_drink,general_english,,Food and drink | Food and drink,candidate,unreviewed,confirm_sense | confirm_primary_stage | add_learner_definition_en | add_learner_meaning_vi | add_forms_and_grammar | add_example_and_media
pv_flower_noun,flower,noun,unspecified,A1,PRE_A1,PRE_A1_2,cefrj_plus_primary_heuristic,general_language,general_english,,,candidate,unreviewed,confirm_sense | confirm_primary_stage | add_learner_definition_en | add_learner_meaning_vi | add_forms_and_grammar | add_example_and_media
pv_fly_noun,fly,noun,unspecified,A1,A1,A1_2,cefrj_plus_primary_heuristic,travel_transport,general_english,,Ways of travelling,candidate,unreviewed,confirm_sense | confirm_primary_stage | add_learner_definition_en | add_learner_meaning_vi | add_forms_and_grammar | add_example_and_media
pv_fly_verb,fly,verb,unspecified,A1,A1,A1_2,cefrj_plus_primary_heuristic,general_language,general_english,,,candidate,unreviewed,confirm_sense | confirm_primary_stage | add_learner_definition_en | add_learner_meaning_vi | add_forms_and_grammar | add_example_and_media
pv_focus_verb,focus,verb,unspecified,A1,PRE_A1,PRE_A1_2,cefrj_plus_primary_heuristic,general_language,general_english,,,candidate,unreviewed,confirm_sense | confirm_primary_stage | add_learner_definition_en | add_learner_meaning_vi | add_forms_and_grammar | add_example_and_media
pv_fog_noun,fog,noun,unspecified,A2,A2,A2_2,cefrj_plus_primary_heuristic,weather_seasons,general_english,,Weather,candidate,unreviewed,confirm_sense | confirm_primary_stage | add_learner_definition_en | add_learner_meaning_vi | add_forms_and_grammar | add_example_and_media
pv_foggy_adjective,foggy,adjective,unspecified,A1,PRE_A1,PRE_A1_1,cefrj_plus_primary_heuristic,general_language,general_english,,,candidate,unreviewed,confirm_sense | confirm_primary_stage | add_learner_definition_en | add_learner_meaning_vi | add_forms_and_grammar | add_example_and_media
pv_follow_verb,follow,verb,unspecified,A2,A2,A2_1,cefrj_plus_primary_heuristic,general_language,general_english,,,candidate,unreviewed,confirm_sense | confirm_primary_stage | add_learner_definition_en | add_learner_meaning_vi | add_forms_and_grammar | add_example_and_media
pv_following_adjective,following,adjective,unspecified,A1,A1,A1_1,cefrj_plus_primary_heuristic,general_language,general_english,,,candidate,unreviewed,confirm_sense | confirm_primary_stage | add_learner_definition_en | add_learner_meaning_vi | add_forms_and_grammar | add_example_and_media
pv_food_noun,food,noun,unspecified,A1,PRE_A1,PRE_A1_1,cefrj_plus_primary_heuristic,food_drink,general_english,,Food and drink | Food and drink,candidate,unreviewed,confirm_sense | confirm_primary_stage | add_learner_definition_en | add_learner_meaning_vi | add_forms_and_grammar | add_example_and_media
pv_football_noun,football,noun,unspecified,A1,A1,A1_2,cefrj_plus_primary_heuristic,hobbies_free_time,general_english,,"Hobbies and pastimes | Free time, entertainment",candidate,unreviewed,confirm_sense | confirm_primary_stage | add_learner_definition_en | add_learner_meaning_vi | add_forms_and_grammar | add_example_and_media
pv_for_conjunction,for,conjunction,unspecified,A2,A2,A2_1,cefrj_plus_primary_heuristic,general_language,general_english,,,candidate,unreviewed,confirm_sense | confirm_primary_stage | add_learner_definition_en | add_learner_meaning_vi | add_forms_and_grammar | add_example_and_media
pv_for_preposition,for,preposition,unspecified,A1,PRE_A1,PRE_A1_1,cefrj_plus_primary_heuristic,general_language,general_english,,,candidate,unreviewed,confirm_sense | confirm_primary_stage | add_learner_definition_en | add_learner_meaning_vi | add_forms_and_grammar | add_example_and_media
pv_forbid_verb,forbid,verb,unspecified,A2,A2,A2_2,cefrj_plus_primary_heuristic,general_language,general_english,,,candidate,unreviewed,confirm_sense | confirm_primary_stage | add_learner_definition_en | add_learner_meaning_vi | add_forms_and_grammar | add_example_and_media
pv_foreign_adjective,foreign,adjective,unspecified,A1,A1,A1_2,cefrj_plus_primary_heuristic,general_language,general_english,,,candidate,unreviewed,confirm_sense | confirm_primary_stage | add_learner_definition_en | add_learner_meaning_vi | add_forms_and_grammar | add_example_and_media
pv_foreigner_noun,foreigner,noun,unspecified,A1,PRE_A1,PRE_A1_1,cefrj_plus_primary_heuristic,people_identity,general_english,,Personal identification,candidate,unreviewed,confirm_sense | confirm_primary_stage | add_learner_definition_en | add_learner_meaning_vi | add_forms_and_grammar | add_example_and_media
pv_forest_noun,forest,noun,unspecified,A2,A2,A2_1,cefrj_plus_primary_heuristic,home_environment,general_english,,"House and home, environment",candidate,unreviewed,confirm_sense | confirm_primary_stage | add_learner_definition_en | add_learner_meaning_vi | add_forms_and_grammar | add_example_and_media
pv_forever_adverb,forever,adverb,unspecified,A2,A2,A2_1,cefrj_plus_primary_heuristic,general_language,general_english,,,candidate,unreviewed,confirm_sense | confirm_primary_stage | add_learner_definition_en | add_learner_meaning_vi | add_forms_and_grammar | add_example_and_media
pv_forget_verb,forget,verb,unspecified,A1,PRE_A1,PRE_A1_2,cefrj_plus_primary_heuristic,general_language,general_english,,,candidate,unreviewed,confirm_sense | confirm_primary_stage | add_learner_definition_en | add_learner_meaning_vi | add_forms_and_grammar | add_example_and_media
pv_fork_noun,fork,noun,unspecified,A2,A2,A2_1,cefrj_plus_primary_heuristic,shopping_money,general_english,,Shopping,candidate,unreviewed,confirm_sense | confirm_primary_stage | add_learner_definition_en | add_learner_meaning_vi | add_forms_and_grammar | add_example_and_media
pv_form_noun,form,noun,unspecified,A1,A1,A1_2,cefrj_plus_primary_heuristic,general_language,general_english,,,candidate,unreviewed,confirm_sense | confirm_primary_stage | add_learner_definition_en | add_learner_meaning_vi | add_forms_and_grammar | add_example_and_media
pv_forty_number,forty,number,unspecified,A1,PRE_A1,PRE_A1_1,cefrj_plus_primary_heuristic,general_language,general_english,,,candidate,unreviewed,confirm_sense | confirm_primary_stage | add_learner_definition_en | add_learner_meaning_vi | add_forms_and_grammar | add_example_and_media
pv_forward_adverb,forward,adverb,unspecified,A2,A2,A2_2,cefrj_plus_primary_heuristic,general_language,general_english,,,candidate,unreviewed,confirm_sense | confirm_primary_stage | add_learner_definition_en | add_learner_meaning_vi | add_forms_and_grammar | add_example_and_media
pv_fossil_fuel_noun,fossil fuel,noun,unspecified,A2,A2,A2_1,primary_curriculum_decision,environment_sustainability,global_studies,,,candidate,unreviewed,confirm_sense | confirm_primary_stage | add_learner_definition_en | add_learner_meaning_vi | add_forms_and_grammar | add_example_and_media
pv_four_number,four,number,unspecified,A1,PRE_A1,PRE_A1_2,cefrj_plus_primary_heuristic,general_language,general_english,,,candidate,unreviewed,confirm_sense | confirm_primary_stage | add_learner_definition_en | add_learner_meaning_vi | add_forms_and_grammar | add_example_and_media
pv_fourteen_number,fourteen,number,unspecified,A1,PRE_A1,PRE_A1_2,cefrj_plus_primary_heuristic,general_language,general_english,,,candidate,unreviewed,confirm_sense | confirm_primary_stage | add_learner_definition_en | add_learner_meaning_vi | add_forms_and_grammar | add_example_and_media
pv_frank_adjective,frank,adjective,unspecified,A2,A2,A2_1,cefrj_plus_primary_heuristic,general_language,general_english,,,candidate,unreviewed,confirm_sense | confirm_primary_stage | add_learner_definition_en | add_learner_meaning_vi | add_forms_and_grammar | add_example_and_media
pv_free_adjective,free,adjective,unspecified,A1,PRE_A1,PRE_A1_2,cefrj_plus_primary_heuristic,general_language,general_english,,,candidate,unreviewed,confirm_sense | confirm_primary_stage | add_learner_definition_en | add_learner_meaning_vi | add_forms_and_grammar | add_example_and_media
pv_free_adverb,free,adverb,unspecified,A2,A2,A2_2,cefrj_plus_primary_heuristic,general_language,general_english,,,candidate,unreviewed,confirm_sense | confirm_primary_stage | add_learner_definition_en | add_learner_meaning_vi | add_forms_and_grammar | add_example_and_media
pv_freeze_verb,freeze,verb,unspecified,A2,A2,A2_2,cefrj_plus_primary_heuristic,general_language,general_english,,,candidate,unreviewed,confirm_sense | confirm_primary_stage | add_learner_definition_en | add_learner_meaning_vi | add_forms_and_grammar | add_example_and_media
pv_fresh_adjective,fresh,adjective,unspecified,A2,A2,A2_2,cefrj_plus_primary_heuristic,general_language,general_english,,,candidate,unreviewed,confirm_sense | confirm_primary_stage | add_learner_definition_en | add_learner_meaning_vi | add_forms_and_grammar | add_example_and_media
pv_friday_noun,Friday,noun,unspecified,A1,A1,A1_2,cefrj_plus_primary_heuristic,general_language,general_english,,,candidate,unreviewed,confirm_sense | confirm_primary_stage | add_learner_definition_en | add_learner_meaning_vi | add_forms_and_grammar | add_example_and_media
pv_fridge_noun,fridge,noun,unspecified,A2,A2,A2_1,cefrj_plus_primary_heuristic,home_environment,general_english,,"House and home, environment",candidate,unreviewed,confirm_sense | confirm_primary_stage | add_learner_definition_en | add_learner_meaning_vi | add_forms_and_grammar | add_example_and_media
pv_fried_adjective,fried,adjective,unspecified,A2,A2,A2_1,cefrj_plus_primary_heuristic,general_language,general_english,,,candidate,unreviewed,confirm_sense | confirm_primary_stage | add_learner_definition_en | add_learner_meaning_vi | add_forms_and_grammar | add_example_and_media
pv_friend_noun,friend,noun,unspecified,A1,PRE_A1,PRE_A1_2,cefrj_plus_primary_heuristic,personal_information,general_english,,Personal information | Relations with other people,candidate,unreviewed,confirm_sense | confirm_primary_stage | add_learner_definition_en | add_learner_meaning_vi | add_forms_and_grammar | add_example_and_media
pv_friendship_noun,friendship,noun,unspecified,A2,A2,A2_1,cefrj_plus_primary_heuristic,personal_information,general_english,,Personal information | Relations with other people,candidate,unreviewed,confirm_sense | confirm_primary_stage | add_learner_definition_en | add_learner_meaning_vi | add_forms_and_grammar | add_example_and_media
pv_frighten_verb,frighten,verb,unspecified,A2,A2,A2_1,cefrj_plus_primary_heuristic,general_language,general_english,,,candidate,unreviewed,confirm_sense | confirm_primary_stage | add_learner_definition_en | add_learner_meaning_vi | add_forms_and_grammar | add_example_and_media
pv_frightened_adjective,frightened,adjective,unspecified,A2,A2,A2_1,cefrj_plus_primary_heuristic,general_language,general_english,,,candidate,unreviewed,confirm_sense | confirm_primary_stage | add_learner_definition_en | add_learner_meaning_vi | add_forms_and_grammar | add_example_and_media
pv_frog_noun,frog,noun,unspecified,A1,A1,A1_2,cefrj_plus_primary_heuristic,general_language,general_english,,,candidate,unreviewed,confirm_sense | confirm_primary_stage | add_learner_definition_en | add_learner_meaning_vi | add_forms_and_grammar | add_example_and_media
pv_from_preposition,from,preposition,unspecified,A1,PRE_A1,PRE_A1_1,cefrj_plus_primary_heuristic,general_language,general_english,,,candidate,unreviewed,confirm_sense | confirm_primary_stage | add_learner_definition_en | add_learner_meaning_vi | add_forms_and_grammar | add_example_and_media
pv_front_adjective,front,adjective,unspecified,A1,A1,A1_2,cefrj_plus_primary_heuristic,general_language,general_english,,,candidate,unreviewed,confirm_sense | confirm_primary_stage | add_learner_definition_en | add_learner_meaning_vi | add_forms_and_grammar | add_example_and_media
pv_fruit_noun,fruit,noun,unspecified,A1,PRE_A1,PRE_A1_1,cefrj_plus_primary_heuristic,food_drink,general_english,,Food and drink | Food and drink,candidate,unreviewed,confirm_sense | confirm_primary_stage | add_learner_definition_en | add_learner_meaning_vi | add_forms_and_grammar | add_example_and_media
pv_full_adjective,full,adjective,unspecified,A1,A1,A1_1,cefrj_plus_primary_heuristic,general_language,general_english,,,candidate,unreviewed,confirm_sense | confirm_primary_stage | add_learner_definition_en | add_learner_meaning_vi | add_forms_and_grammar | add_example_and_media
pv_fully_adverb,fully,adverb,unspecified,A2,A2,A2_2,cefrj_plus_primary_heuristic,general_language,general_english,,,candidate,unreviewed,confirm_sense | confirm_primary_stage | add_learner_definition_en | add_learner_meaning_vi | add_forms_and_grammar | add_example_and_media
pv_fun_adjective,fun,adjective,unspecified,A1,A1,A1_1,cefrj_plus_primary_heuristic,general_language,general_english,,,candidate,unreviewed,confirm_sense | confirm_primary_stage | add_learner_definition_en | add_learner_meaning_vi | add_forms_and_grammar | add_example_and_media
pv_fun_noun,fun,noun,unspecified,A1,PRE_A1,PRE_A1_2,cefrj_plus_primary_heuristic,feelings_personality,general_english,,"Adjectives: personality, description, feelings",candidate,unreviewed,confirm_sense | confirm_primary_stage | add_learner_definition_en | add_learner_meaning_vi | add_forms_and_grammar | add_example_and_media
pv_function_verb,function,verb,unspecified,A2,A2,A2_1,cefrj_plus_primary_heuristic,general_language,general_english,,,candidate,unreviewed,confirm_sense | confirm_primary_stage | add_learner_definition_en | add_learner_meaning_vi | add_forms_and_grammar | add_example_and_media
pv_funny_adjective,funny,adjective,unspecified,A1,A1,A1_2,cefrj_plus_primary_heuristic,general_language,general_english,,,candidate,unreviewed,confirm_sense | confirm_primary_stage | add_learner_definition_en | add_learner_meaning_vi | add_forms_and_grammar | add_example_and_media
pv_further_adjective,further,adjective,unspecified,A2,A2,A2_1,cefrj_plus_primary_heuristic,general_language,general_english,,,candidate,unreviewed,confirm_sense | confirm_primary_stage | add_learner_definition_en | add_learner_meaning_vi | add_forms_and_grammar | add_example_and_media
pv_future_noun,future,noun,unspecified,A1,PRE_A1,PRE_A1_1,cefrj_plus_primary_heuristic,general_language,general_english,,,candidate,unreviewed,confirm_sense | confirm_primary_stage | add_learner_definition_en | add_learner_meaning_vi | add_forms_and_grammar | add_example_and_media
pv_game_noun,game,noun,unspecified,A1,A1,A1_2,cefrj_plus_primary_heuristic,hobbies_free_time,general_english,,"Hobbies and pastimes | Free time, entertainment",candidate,unreviewed,confirm_sense | confirm_primary_stage | add_learner_definition_en | add_learner_meaning_vi | add_forms_and_grammar | add_example_and_media
pv_garage_noun,garage,noun,unspecified,A2,A2,A2_1,cefrj_plus_primary_heuristic,home_environment,general_english,,"House and home, environment",candidate,unreviewed,confirm_sense | confirm_primary_stage | add_learner_definition_en | add_learner_meaning_vi | add_forms_and_grammar | add_example_and_media
pv_garbage_noun,garbage,noun,unspecified,A1,PRE_A1,PRE_A1_1,cefrj_plus_primary_heuristic,home_objects,general_english,,"Objects and rooms | House and home, environment",candidate,unreviewed,confirm_sense | confirm_primary_stage | add_learner_definition_en | add_learner_meaning_vi | add_forms_and_grammar | add_example_and_media
pv_garden_noun,garden,noun,unspecified,A1,PRE_A1,PRE_A1_2,cefrj_plus_primary_heuristic,home_objects,general_english,,"Objects and rooms | House and home, environment",candidate,unreviewed,confirm_sense | confirm_primary_stage | add_learner_definition_en | add_learner_meaning_vi | add_forms_and_grammar | add_example_and_media
pv_garlic_noun,garlic,noun,unspecified,A2,A2,A2_2,cefrj_plus_primary_heuristic,food_drink,general_english,,Food and drink,candidate,unreviewed,confirm_sense | confirm_primary_stage | add_learner_definition_en | add_learner_meaning_vi | add_forms_and_grammar | add_example_and_media
pv_gas_noun,gas,noun,unspecified,A2,A2,A2_1,cefrj_plus_primary_heuristic,town_services,general_english,,"Things in the town, shops and shopping | Services",candidate,unreviewed,confirm_sense | confirm_primary_stage | add_learner_definition_en | add_learner_meaning_vi | add_forms_and_grammar | add_example_and_media
pv_gate_noun,gate,noun,unspecified,A2,A2,A2_1,cefrj_plus_primary_heuristic,home_objects,general_english,,"Objects and rooms | House and home, environment",candidate,unreviewed,confirm_sense | confirm_primary_stage | add_learner_definition_en | add_learner_meaning_vi | add_forms_and_grammar | add_example_and_media
pv_gather_verb,gather,verb,unspecified,A2,A2,A2_2,cefrj_plus_primary_heuristic,general_language,general_english,,,candidate,unreviewed,confirm_sense | confirm_primary_stage | add_learner_definition_en | add_learner_meaning_vi | add_forms_and_grammar | add_example_and_media
pv_gender_noun,gender,noun,unspecified,A2,A2,A2_1,cefrj_plus_primary_heuristic,school_learning,general_english,,Education | Personal identification,candidate,unreviewed,confirm_sense | confirm_primary_stage | add_learner_definition_en | add_learner_meaning_vi | add_forms_and_grammar | add_example_and_media
pv_gentle_adjective,gentle,adjective,unspecified,A2,A2,A2_1,cefrj_plus_primary_heuristic,general_language,general_english,,,candidate,unreviewed,confirm_sense | confirm_primary_stage | add_learner_definition_en | add_learner_meaning_vi | add_forms_and_grammar | add_example_and_media
pv_get_verb,get,verb,unspecified,A1,PRE_A1,PRE_A1_2,cefrj_plus_primary_heuristic,general_language,general_english,,,candidate,unreviewed,confirm_sense | confirm_primary_stage | add_learner_definition_en | add_learner_meaning_vi | add_forms_and_grammar | add_example_and_media
pv_ghost_noun,ghost,noun,unspecified,A1,PRE_A1,PRE_A1_1,cefrj_plus_primary_heuristic,general_language,general_english,,,candidate,unreviewed,confirm_sense | confirm_primary_stage | add_learner_definition_en | add_learner_meaning_vi | add_forms_and_grammar | add_example_and_media
pv_gift_noun,gift,noun,unspecified,A1,PRE_A1,PRE_A1_2,cefrj_plus_primary_heuristic,home_objects,general_english,,Objects and rooms | Shopping,candidate,unreviewed,confirm_sense | confirm_primary_stage | add_learner_definition_en | add_learner_meaning_vi | add_forms_and_grammar | add_example_and_media
pv_girl_noun,girl,noun,unspecified,A1,A1,A1_2,cefrj_plus_primary_heuristic,people_identity,general_english,,Personal identification,candidate,unreviewed,confirm_sense | confirm_primary_stage | add_learner_definition_en | add_learner_meaning_vi | add_forms_and_grammar | add_example_and_media
pv_girlfriend_noun,girlfriend,noun,unspecified,A1,PRE_A1,PRE_A1_1,cefrj_plus_primary_heuristic,personal_information,general_english,,Personal information | Personal identification,candidate,unreviewed,confirm_sense | confirm_primary_stage | add_learner_definition_en | add_learner_meaning_vi | add_forms_and_grammar | add_example_and_media
pv_give_verb,give,verb,unspecified,A1,PRE_A1,PRE_A1_1,cefrj_plus_primary_heuristic,general_language,general_english,,,candidate,unreviewed,confirm_sense | confirm_primary_stage | add_learner_definition_en | add_learner_meaning_vi | add_forms_and_grammar | add_example_and_media
pv_given_adjective,given,adjective,unspecified,A2,A2,A2_1,cefrj_plus_primary_heuristic,general_language,general_english,,,candidate,unreviewed,confirm_sense | confirm_primary_stage | add_learner_definition_en | add_learner_meaning_vi | add_forms_and_grammar | add_example_and_media
pv_glad_adjective,glad,adjective,unspecified,A1,PRE_A1,PRE_A1_2,cefrj_plus_primary_heuristic,general_language,general_english,,,candidate,unreviewed,confirm_sense | confirm_primary_stage | add_learner_definition_en | add_learner_meaning_vi | add_forms_and_grammar | add_example_and_media
pv_glass_noun,glass,noun,unspecified,A1,PRE_A1,PRE_A1_2,cefrj_plus_primary_heuristic,home_objects,general_english,,Objects and rooms | Shopping,candidate,unreviewed,confirm_sense | confirm_primary_stage | add_learner_definition_en | add_learner_meaning_vi | add_forms_and_grammar | add_example_and_media
pv_glasses_noun,glasses,noun,unspecified,A1,A1,A1_2,cefrj_plus_primary_heuristic,home_objects,general_english,,"Objects and rooms | House and home, environment",candidate,unreviewed,confirm_sense | confirm_primary_stage | add_learner_definition_en | add_learner_meaning_vi | add_forms_and_grammar | add_example_and_media
pv_glove_noun,glove,noun,unspecified,A2,A2,A2_1,cefrj_plus_primary_heuristic,clothes_appearance,general_english,,Clothes | Shopping,candidate,unreviewed,confirm_sense | confirm_primary_stage | add_learner_definition_en | add_learner_meaning_vi | add_forms_and_grammar | add_example_and_media
pv_go_verb,go,verb,unspecified,A1,PRE_A1,PRE_A1_2,cefrj_plus_primary_heuristic,general_language,general_english,,,candidate,unreviewed,confirm_sense | confirm_primary_stage | add_learner_definition_en | add_learner_meaning_vi | add_forms_and_grammar | add_example_and_media
pv_goal_noun,goal,noun,unspecified,A1,PRE_A1,PRE_A1_1,cefrj_plus_primary_heuristic,hobbies_free_time,general_english,,"Free time, entertainment",candidate,unreviewed,confirm_sense | confirm_primary_stage | add_learner_definition_en | add_learner_meaning_vi | add_forms_and_grammar | add_example_and_media
pv_gold_adjective,gold,adjective,unspecified,A1,A1,A1_1,cefrj_plus_primary_heuristic,general_language,general_english,,,candidate,unreviewed,confirm_sense | confirm_primary_stage | add_learner_definition_en | add_learner_meaning_vi | add_forms_and_grammar | add_example_and_media
pv_golden_adjective,golden,adjective,unspecified,A2,A2,A2_1,cefrj_plus_primary_heuristic,general_language,general_english,,,candidate,unreviewed,confirm_sense | confirm_primary_stage | add_learner_definition_en | add_learner_meaning_vi | add_forms_and_grammar | add_example_and_media
pv_good_adjective,good,adjective,unspecified,A1,A1,A1_2,cefrj_plus_primary_heuristic,general_language,general_english,,,candidate,unreviewed,confirm_sense | confirm_primary_stage | add_learner_definition_en | add_learner_meaning_vi | add_forms_and_grammar | add_example_and_media
pv_good_afternoon_interjection,good afternoon,interjection,unspecified,A1,PRE_A1,PRE_A1_1,cefrj_plus_primary_heuristic,general_language,general_english,,,candidate,unreviewed,confirm_sense | confirm_primary_stage | add_learner_definition_en | add_learner_meaning_vi | add_forms_and_grammar | add_example_and_media
pv_good_morning_interjection,good morning,interjection,unspecified,A1,PRE_A1,PRE_A1_1,cefrj_plus_primary_heuristic,general_language,general_english,,,candidate,unreviewed,confirm_sense | confirm_primary_stage | add_learner_definition_en | add_learner_meaning_vi | add_forms_and_grammar | add_example_and_media
pv_good_night_interjection,good night,interjection,unspecified,A1,PRE_A1,PRE_A1_2,cefrj_plus_primary_heuristic,general_language,general_english,,,candidate,unreviewed,confirm_sense | confirm_primary_stage | add_learner_definition_en | add_learner_meaning_vi | add_forms_and_grammar | add_example_and_media
pv_grade_noun,grade,noun,unspecified,A1,PRE_A1,PRE_A1_2,cefrj_plus_primary_heuristic,school_learning,general_english,,Education,candidate,unreviewed,confirm_sense | confirm_primary_stage | add_learner_definition_en | add_learner_meaning_vi | add_forms_and_grammar | add_example_and_media
pv_gradually_adverb,gradually,adverb,unspecified,A2,A2,A2_2,cefrj_plus_primary_heuristic,general_language,general_english,,,candidate,unreviewed,confirm_sense | confirm_primary_stage | add_learner_definition_en | add_learner_meaning_vi | add_forms_and_grammar | add_example_and_media
pv_graduate_verb,graduate,verb,unspecified,A2,A2,A2_1,cefrj_plus_primary_heuristic,general_language,general_english,,,candidate,unreviewed,confirm_sense | confirm_primary_stage | add_learner_definition_en | add_learner_meaning_vi | add_forms_and_grammar | add_example_and_media
pv_grammar_noun,grammar,noun,unspecified,A1,PRE_A1,PRE_A1_2,cefrj_plus_primary_heuristic,school_learning,general_english,,Education | Education,candidate,unreviewed,confirm_sense | confirm_primary_stage | add_learner_definition_en | add_learner_meaning_vi | add_forms_and_grammar | add_example_and_media
pv_grandchild_noun,grandchild,noun,unspecified,A2,A2,A2_1,cefrj_plus_primary_heuristic,people_identity,general_english,,Personal identification,candidate,unreviewed,confirm_sense | confirm_primary_stage | add_learner_definition_en | add_learner_meaning_vi | add_forms_and_grammar | add_example_and_media
pv_grandfather_noun,grandfather,noun,unspecified,A1,A1,A1_2,cefrj_plus_primary_heuristic,family_friends,general_english,,Family life | Personal identification,candidate,unreviewed,confirm_sense | confirm_primary_stage | add_learner_definition_en | add_learner_meaning_vi | add_forms_and_grammar | add_example_and_media
pv_grandma_noun,grandma,noun,unspecified,A1,PRE_A1,PRE_A1_1,cefrj_plus_primary_heuristic,family_friends,general_english,,Family life | Personal identification,candidate,unreviewed,confirm_sense | confirm_primary_stage | add_learner_definition_en | add_learner_meaning_vi | add_forms_and_grammar | add_example_and_media
pv_grandmother_noun,grandmother,noun,unspecified,A1,PRE_A1,PRE_A1_2,cefrj_plus_primary_heuristic,family_friends,general_english,,Family life | Personal identification,candidate,unreviewed,confirm_sense | confirm_primary_stage | add_learner_definition_en | add_learner_meaning_vi | add_forms_and_grammar | add_example_and_media
pv_grandpa_noun,grandpa,noun,unspecified,A1,PRE_A1,PRE_A1_2,cefrj_plus_primary_heuristic,family_friends,general_english,,Family life | Personal identification,candidate,unreviewed,confirm_sense | confirm_primary_stage | add_learner_definition_en | add_learner_meaning_vi | add_forms_and_grammar | add_example_and_media
pv_grandparent_noun,grandparent,noun,unspecified,A1,PRE_A1,PRE_A1_1,cefrj_plus_primary_heuristic,family_friends,general_english,,Family life | Personal identification,candidate,unreviewed,confirm_sense | confirm_primary_stage | add_learner_definition_en | add_learner_meaning_vi | add_forms_and_grammar | add_example_and_media
pv_grandson_noun,grandson,noun,unspecified,A2,A2,A2_1,cefrj_plus_primary_heuristic,people_identity,general_english,,Personal identification,candidate,unreviewed,confirm_sense | confirm_primary_stage | add_learner_definition_en | add_learner_meaning_vi | add_forms_and_grammar | add_example_and_media
pv_grape_noun,grape,noun,unspecified,A1,PRE_A1,PRE_A1_2,cefrj_plus_primary_heuristic,food_drink,general_english,,Food and drink | Food and drink,candidate,unreviewed,confirm_sense | confirm_primary_stage | add_learner_definition_en | add_learner_meaning_vi | add_forms_and_grammar | add_example_and_media
pv_graph_noun,graph,noun,unspecified,A2,A2,A2_2,primary_curriculum_decision,math_measurement,academic_clil,,,candidate,unreviewed,confirm_sense | confirm_primary_stage | add_learner_definition_en | add_learner_meaning_vi | add_forms_and_grammar | add_example_and_media
pv_grass_noun,grass,noun,unspecified,A1,PRE_A1,PRE_A1_2,cefrj_plus_primary_heuristic,town_services,general_english,,"Things in the town, shops and shopping | House and home, environment",candidate,unreviewed,confirm_sense | confirm_primary_stage | add_learner_definition_en | add_learner_meaning_vi | add_forms_and_grammar | add_example_and_media
pv_grateful_adjective,grateful,adjective,unspecified,A2,A2,A2_1,cefrj_plus_primary_heuristic,general_language,general_english,,,candidate,unreviewed,confirm_sense | confirm_primary_stage | add_learner_definition_en | add_learner_meaning_vi | add_forms_and_grammar | add_example_and_media
pv_gray_adjective,gray,adjective,unspecified,A1,PRE_A1,PRE_A1_2,cefrj_plus_primary_heuristic,colors_shapes,general_english,grey,Colours,candidate,unreviewed,confirm_sense | confirm_primary_stage | add_learner_definition_en | add_learner_meaning_vi | add_forms_and_grammar | add_example_and_media
pv_gray_noun,gray,noun,unspecified,A1,PRE_A1,PRE_A1_1,cefrj_plus_primary_heuristic,colors_shapes,general_english,grey,Colours,candidate,unreviewed,confirm_sense | confirm_primary_stage | add_learner_definition_en | add_learner_meaning_vi | add_forms_and_grammar | add_example_and_media
pv_great_adjective,great,adjective,unspecified,A1,PRE_A1,PRE_A1_2,cefrj_plus_primary_heuristic,general_language,general_english,,,candidate,unreviewed,confirm_sense | confirm_primary_stage | add_learner_definition_en | add_learner_meaning_vi | add_forms_and_grammar | add_example_and_media
pv_greatly_adverb,greatly,adverb,unspecified,A2,A2,A2_1,cefrj_plus_primary_heuristic,general_language,general_english,,,candidate,unreviewed,confirm_sense | confirm_primary_stage | add_learner_definition_en | add_learner_meaning_vi | add_forms_and_grammar | add_example_and_media
pv_greedy_adjective,greedy,adjective,unspecified,A2,A2,A2_2,cefrj_plus_primary_heuristic,general_language,general_english,,,candidate,unreviewed,confirm_sense | confirm_primary_stage | add_learner_definition_en | add_learner_meaning_vi | add_forms_and_grammar | add_example_and_media
pv_green_adjective,green,adjective,unspecified,A1,A1,A1_2,cefrj_plus_primary_heuristic,colors_shapes,general_english,,Colours,candidate,unreviewed,confirm_sense | confirm_primary_stage | add_learner_definition_en | add_learner_meaning_vi | add_forms_and_grammar | add_example_and_media
pv_greet_verb,greet,verb,unspecified,A1,A1,A1_2,cefrj_plus_primary_heuristic,general_language,general_english,,,candidate,unreviewed,confirm_sense | confirm_primary_stage | add_learner_definition_en | add_learner_meaning_vi | add_forms_and_grammar | add_example_and_media
pv_grilled_adjective,grilled,adjective,unspecified,A2,A2,A2_2,cefrj_plus_primary_heuristic,general_language,general_english,,,candidate,unreviewed,confirm_sense | confirm_primary_stage | add_learner_definition_en | add_learner_meaning_vi | add_forms_and_grammar | add_example_and_media
pv_ground_noun,ground,noun,unspecified,A1,A1,A1_2,cefrj_plus_primary_heuristic,town_services,general_english,,"Things in the town, shops and shopping | Free time, entertainment",candidate,unreviewed,confirm_sense | confirm_primary_stage | add_learner_definition_en | add_learner_meaning_vi | add_forms_and_grammar | add_example_and_media
pv_group_noun,group,noun,unspecified,A1,A1,A1_2,cefrj_plus_primary_heuristic,social_communication,general_english,,Relations with other people,candidate,unreviewed,confirm_sense | confirm_primary_stage | add_learner_definition_en | add_learner_meaning_vi | add_forms_and_grammar | add_example_and_media
pv_grow_verb,grow,verb,unspecified,A1,A1,A1_2,cefrj_plus_primary_heuristic,general_language,general_english,,,candidate,unreviewed,confirm_sense | confirm_primary_stage | add_learner_definition_en | add_learner_meaning_vi | add_forms_and_grammar | add_example_and_media
pv_guess_verb,guess,verb,unspecified,A1,PRE_A1,PRE_A1_1,cefrj_plus_primary_heuristic,general_language,general_english,,,candidate,unreviewed,confirm_sense | confirm_primary_stage | add_learner_definition_en | add_learner_meaning_vi | add_forms_and_grammar | add_example_and_media
pv_guest_noun,guest,noun,unspecified,A1,A1,A1_2,cefrj_plus_primary_heuristic,social_communication,general_english,,Relations with other people,candidate,unreviewed,confirm_sense | confirm_primary_stage | add_learner_definition_en | add_learner_meaning_vi | add_forms_and_grammar | add_example_and_media
pv_guitar_noun,guitar,noun,unspecified,A1,A1,A1_2,cefrj_plus_primary_heuristic,home_objects,general_english,,"Objects and rooms | Free time, entertainment",candidate,unreviewed,confirm_sense | confirm_primary_stage | add_learner_definition_en | add_learner_meaning_vi | add_forms_and_grammar | add_example_and_media
pv_guy_noun,guy,noun,unspecified,A1,PRE_A1,PRE_A1_2,cefrj_plus_primary_heuristic,people_identity,general_english,,Personal identification,candidate,unreviewed,confirm_sense | confirm_primary_stage | add_learner_definition_en | add_learner_meaning_vi | add_forms_and_grammar | add_example_and_media
pv_habit_noun,habit,noun,unspecified,A1,PRE_A1,PRE_A1_2,cefrj_plus_primary_heuristic,personal_information,general_english,,Personal information | Personal identification,candidate,unreviewed,confirm_sense | confirm_primary_stage | add_learner_definition_en | add_learner_meaning_vi | add_forms_and_grammar | add_example_and_media
pv_habitat_noun,habitat,noun,unspecified,A2,A2,A2_1,primary_curriculum_decision,animals_nature,general_english,,,candidate,unreviewed,confirm_sense | confirm_primary_stage | add_learner_definition_en | add_learner_meaning_vi | add_forms_and_grammar | add_example_and_media
pv_had_verb,had,verb,unspecified,A1,PRE_A1,PRE_A1_2,cefrj_plus_primary_heuristic,general_language,general_english,,,candidate,unreviewed,confirm_sense | confirm_primary_stage | add_learner_definition_en | add_learner_meaning_vi | add_forms_and_grammar | add_example_and_media
pv_hair_noun,hair,noun,unspecified,A1,PRE_A1,PRE_A1_1,cefrj_plus_primary_heuristic,personal_information,general_english,,Personal information | Health and body care,candidate,unreviewed,confirm_sense | confirm_primary_stage | add_learner_definition_en | add_learner_meaning_vi | add_forms_and_grammar | add_example_and_media
pv_haircut_noun,haircut,noun,unspecified,A1,PRE_A1,PRE_A1_2,cefrj_plus_primary_heuristic,town_services,general_english,,Services,candidate,unreviewed,confirm_sense | confirm_primary_stage | add_learner_definition_en | add_learner_meaning_vi | add_forms_and_grammar | add_example_and_media
pv_half_determiner,half,determiner,unspecified,A2,A2,A2_2,cefrj_plus_primary_heuristic,general_language,general_english,,,candidate,unreviewed,confirm_sense | confirm_primary_stage | add_learner_definition_en | add_learner_meaning_vi | add_forms_and_grammar | add_example_and_media
pv_half_noun,half,noun,unspecified,A1,A1,A1_1,cefrj_plus_primary_heuristic,general_language,general_english,,,candidate,unreviewed,confirm_sense | confirm_primary_stage | add_learner_definition_en | add_learner_meaning_vi | add_forms_and_grammar | add_example_and_media
pv_half_price_adjective,half-price,adjective,unspecified,A2,A2,A2_2,cefrj_plus_primary_heuristic,general_language,general_english,,,candidate,unreviewed,confirm_sense | confirm_primary_stage | add_learner_definition_en | add_learner_meaning_vi | add_forms_and_grammar | add_example_and_media
pv_half_price_adverb,half-price,adverb,unspecified,A2,A2,A2_2,cefrj_plus_primary_heuristic,general_language,general_english,,,candidate,unreviewed,confirm_sense | confirm_primary_stage | add_learner_definition_en | add_learner_meaning_vi | add_forms_and_grammar | add_example_and_media
pv_half_pronoun,half,pronoun,unspecified,A2,A2,A2_1,cefrj_plus_primary_heuristic,general_language,general_english,,,candidate,unreviewed,confirm_sense | confirm_primary_stage | add_learner_definition_en | add_learner_meaning_vi | add_forms_and_grammar | add_example_and_media
pv_hall_noun,hall,noun,unspecified,A1,A1,A1_2,cefrj_plus_primary_heuristic,town_services,general_english,,"Things in the town, shops and shopping | House and home, environment",candidate,unreviewed,confirm_sense | confirm_primary_stage | add_learner_definition_en | add_learner_meaning_vi | add_forms_and_grammar | add_example_and_media
pv_hamburger_noun,hamburger,noun,unspecified,A1,PRE_A1,PRE_A1_1,cefrj_plus_primary_heuristic,food_drink,general_english,,Food and drink | Food and drink,candidate,unreviewed,confirm_sense | confirm_primary_stage | add_learner_definition_en | add_learner_meaning_vi | add_forms_and_grammar | add_example_and_media
pv_hand_noun,hand,noun,unspecified,A1,PRE_A1,PRE_A1_2,cefrj_plus_primary_heuristic,body_health,general_english,,Health and body care,candidate,unreviewed,confirm_sense | confirm_primary_stage | add_learner_definition_en | add_learner_meaning_vi | add_forms_and_grammar | add_example_and_media
pv_hand_verb,hand,verb,unspecified,A2,A2,A2_2,cefrj_plus_primary_heuristic,general_language,general_english,,,candidate,unreviewed,confirm_sense | confirm_primary_stage | add_learner_definition_en | add_learner_meaning_vi | add_forms_and_grammar | add_example_and_media
pv_handbag_noun,handbag,noun,unspecified,A2,A2,A2_1,cefrj_plus_primary_heuristic,shopping_money,general_english,,Shopping | Clothes | Shopping,candidate,unreviewed,confirm_sense | confirm_primary_stage | add_learner_definition_en | add_learner_meaning_vi | add_forms_and_grammar | add_example_and_media
pv_handsome_adjective,handsome,adjective,unspecified,A1,A1,A1_2,cefrj_plus_primary_heuristic,general_language,general_english,,,candidate,unreviewed,confirm_sense | confirm_primary_stage | add_learner_definition_en | add_learner_meaning_vi | add_forms_and_grammar | add_example_and_media
pv_happen_verb,happen,verb,unspecified,A1,PRE_A1,PRE_A1_2,cefrj_plus_primary_heuristic,general_language,general_english,,,candidate,unreviewed,confirm_sense | confirm_primary_stage | add_learner_definition_en | add_learner_meaning_vi | add_forms_and_grammar | add_example_and_media
pv_happily_adverb,happily,adverb,unspecified,A2,A2,A2_1,cefrj_plus_primary_heuristic,general_language,general_english,,,candidate,unreviewed,confirm_sense | confirm_primary_stage | add_learner_definition_en | add_learner_meaning_vi | add_forms_and_grammar | add_example_and_media
pv_happy_adjective,happy,adjective,unspecified,A1,PRE_A1,PRE_A1_2,cefrj_plus_primary_heuristic,general_language,general_english,,,candidate,unreviewed,confirm_sense | confirm_primary_stage | add_learner_definition_en | add_learner_meaning_vi | add_forms_and_grammar | add_example_and_media
pv_hard_adjective,hard,adjective,unspecified,A1,A1,A1_2,cefrj_plus_primary_heuristic,general_language,general_english,,,candidate,unreviewed,confirm_sense | confirm_primary_stage | add_learner_definition_en | add_learner_meaning_vi | add_forms_and_grammar | add_example_and_media
pv_hard_adverb,hard,adverb,unspecified,A1,A1,A1_2,cefrj_plus_primary_heuristic,general_language,general_english,,,candidate,unreviewed,confirm_sense | confirm_primary_stage | add_learner_definition_en | add_learner_meaning_vi | add_forms_and_grammar | add_example_and_media
pv_hardly_adverb,hardly,adverb,unspecified,A2,A2,A2_2,cefrj_plus_primary_heuristic,general_language,general_english,,,candidate,unreviewed,confirm_sense | confirm_primary_stage | add_learner_definition_en | add_learner_meaning_vi | add_forms_and_grammar | add_example_and_media
pv_harm_verb,harm,verb,unspecified,A2,A2,A2_2,cefrj_plus_primary_heuristic,general_language,general_english,,,candidate,unreviewed,confirm_sense | confirm_primary_stage | add_learner_definition_en | add_learner_meaning_vi | add_forms_and_grammar | add_example_and_media
pv_harmful_adjective,harmful,adjective,unspecified,A2,A2,A2_2,cefrj_plus_primary_heuristic,general_language,general_english,,,candidate,unreviewed,confirm_sense | confirm_primary_stage | add_learner_definition_en | add_learner_meaning_vi | add_forms_and_grammar | add_example_and_media
pv_has_verb,has,verb,unspecified,A1,PRE_A1,PRE_A1_2,cefrj_plus_primary_heuristic,general_language,general_english,,,candidate,unreviewed,confirm_sense | confirm_primary_stage | add_learner_definition_en | add_learner_meaning_vi | add_forms_and_grammar | add_example_and_media
pv_hat_noun,hat,noun,unspecified,A1,PRE_A1,PRE_A1_2,cefrj_plus_primary_heuristic,clothes_appearance,general_english,,Clothes | Shopping,candidate,unreviewed,confirm_sense | confirm_primary_stage | add_learner_definition_en | add_learner_meaning_vi | add_forms_and_grammar | add_example_and_media
pv_hate_verb,hate,verb,unspecified,A2,A2,A2_1,cefrj_plus_primary_heuristic,general_language,general_english,,,candidate,unreviewed,confirm_sense | confirm_primary_stage | add_learner_definition_en | add_learner_meaning_vi | add_forms_and_grammar | add_example_and_media
pv_have_to_modal,have to,modal,unspecified,A1,PRE_A1,PRE_A1_2,cefrj_plus_primary_heuristic,general_language,general_english,,,candidate,unreviewed,confirm_sense | confirm_primary_stage | add_learner_definition_en | add_learner_meaning_vi | add_forms_and_grammar | add_example_and_media
pv_have_verb,have,verb,unspecified,A1,A1,A1_2,cefrj_plus_primary_heuristic,general_language,general_english,,,candidate,unreviewed,confirm_sense | confirm_primary_stage | add_learner_definition_en | add_learner_meaning_vi | add_forms_and_grammar | add_example_and_media
pv_he_pronoun,he,pronoun,unspecified,A1,PRE_A1,PRE_A1_1,cefrj_plus_primary_heuristic,general_language,general_english,,,candidate,unreviewed,confirm_sense | confirm_primary_stage | add_learner_definition_en | add_learner_meaning_vi | add_forms_and_grammar | add_example_and_media
pv_head_noun,head,noun,unspecified,A1,A1,A1_2,cefrj_plus_primary_heuristic,body_health,general_english,,Health and body care,candidate,unreviewed,confirm_sense | confirm_primary_stage | add_learner_definition_en | add_learner_meaning_vi | add_forms_and_grammar | add_example_and_media
pv_head_verb,head,verb,unspecified,A2,A2,A2_1,cefrj_plus_primary_heuristic,general_language,general_english,,,candidate,unreviewed,confirm_sense | confirm_primary_stage | add_learner_definition_en | add_learner_meaning_vi | add_forms_and_grammar | add_example_and_media
pv_headache_noun,headache,noun,unspecified,A1,A1,A1_2,cefrj_plus_primary_heuristic,travel_transport,general_english,,Travel and services vocab | Health and body care,candidate,unreviewed,confirm_sense | confirm_primary_stage | add_learner_definition_en | add_learner_meaning_vi | add_forms_and_grammar | add_example_and_media
pv_headphone_noun,headphone,noun,unspecified,A2,A2,A2_2,cefrj_plus_primary_heuristic,home_objects,general_english,,"Objects and rooms | Free time, entertainment",candidate,unreviewed,confirm_sense | confirm_primary_stage | add_learner_definition_en | add_learner_meaning_vi | add_forms_and_grammar | add_example_and_media
pv_health_noun,health,noun,unspecified,A1,PRE_A1,PRE_A1_1,cefrj_plus_primary_heuristic,travel_transport,general_english,,Travel and services vocab | Health and body care,candidate,unreviewed,confirm_sense | confirm_primary_stage | add_learner_definition_en | add_learner_meaning_vi | add_forms_and_grammar | add_example_and_media
pv_healthy_adjective,healthy,adjective,unspecified,A1,A1,A1_2,cefrj_plus_primary_heuristic,general_language,general_english,,,candidate,unreviewed,confirm_sense | confirm_primary_stage | add_learner_definition_en | add_learner_meaning_vi | add_forms_and_grammar | add_example_and_media
pv_hear_verb,hear,verb,unspecified,A1,A1,A1_1,cefrj_plus_primary_heuristic,general_language,general_english,,,candidate,unreviewed,confirm_sense | confirm_primary_stage | add_learner_definition_en | add_learner_meaning_vi | add_forms_and_grammar | add_example_and_media
pv_heart_noun,heart,noun,unspecified,A1,PRE_A1,PRE_A1_2,cefrj_plus_primary_heuristic,body_health,general_english,,Health and body care,candidate,unreviewed,confirm_sense | confirm_primary_stage | add_learner_definition_en | add_learner_meaning_vi | add_forms_and_grammar | add_example_and_media
pv_heavily_adverb,heavily,adverb,unspecified,A2,A2,A2_2,cefrj_plus_primary_heuristic,general_language,general_english,,,candidate,unreviewed,confirm_sense | confirm_primary_stage | add_learner_definition_en | add_learner_meaning_vi | add_forms_and_grammar | add_example_and_media
pv_heavy_adjective,heavy,adjective,unspecified,A1,PRE_A1,PRE_A1_2,cefrj_plus_primary_heuristic,general_language,general_english,,,candidate,unreviewed,confirm_sense | confirm_primary_stage | add_learner_definition_en | add_learner_meaning_vi | add_forms_and_grammar | add_example_and_media
pv_hello_noun,hello,noun,unspecified,A1,PRE_A1,PRE_A1_1,cefrj_plus_primary_heuristic,general_language,general_english,,,candidate,unreviewed,confirm_sense | confirm_primary_stage | add_learner_definition_en | add_learner_meaning_vi | add_forms_and_grammar | add_example_and_media
pv_help_verb,help,verb,unspecified,A1,A1,A1_2,cefrj_plus_primary_heuristic,general_language,general_english,,,candidate,unreviewed,confirm_sense | confirm_primary_stage | add_learner_definition_en | add_learner_meaning_vi | add_forms_and_grammar | add_example_and_media
pv_helpful_adjective,helpful,adjective,unspecified,A2,A2,A2_1,cefrj_plus_primary_heuristic,general_language,general_english,,,candidate,unreviewed,confirm_sense | confirm_primary_stage | add_learner_definition_en | add_learner_meaning_vi | add_forms_and_grammar | add_example_and_media
pv_her_determiner,her,determiner,unspecified,A1,PRE_A1,PRE_A1_2,cefrj_plus_primary_heuristic,general_language,general_english,,,candidate,unreviewed,confirm_sense | confirm_primary_stage | add_learner_definition_en | add_learner_meaning_vi | add_forms_and_grammar | add_example_and_media
pv_her_pronoun,her,pronoun,unspecified,A1,PRE_A1,PRE_A1_2,cefrj_plus_primary_heuristic,general_language,general_english,,,candidate,unreviewed,confirm_sense | confirm_primary_stage | add_learner_definition_en | add_learner_meaning_vi | add_forms_and_grammar | add_example_and_media
pv_here_adverb,here,adverb,unspecified,A1,PRE_A1,PRE_A1_1,cefrj_plus_primary_heuristic,general_language,general_english,,,candidate,unreviewed,confirm_sense | confirm_primary_stage | add_learner_definition_en | add_learner_meaning_vi | add_forms_and_grammar | add_example_and_media
pv_hers_pronoun,hers,pronoun,unspecified,A1,PRE_A1,PRE_A1_2,cefrj_plus_primary_heuristic,general_language,general_english,,,candidate,unreviewed,confirm_sense | confirm_primary_stage | add_learner_definition_en | add_learner_meaning_vi | add_forms_and_grammar | add_example_and_media
pv_herself_pronoun,herself,pronoun,unspecified,A2,A2,A2_1,cefrj_plus_primary_heuristic,general_language,general_english,,,candidate,unreviewed,confirm_sense | confirm_primary_stage | add_learner_definition_en | add_learner_meaning_vi | add_forms_and_grammar | add_example_and_media
pv_hey_interjection,hey,interjection,unspecified,A2,A2,A2_1,cefrj_plus_primary_heuristic,general_language,general_english,,,candidate,unreviewed,confirm_sense | confirm_primary_stage | add_learner_definition_en | add_learner_meaning_vi | add_forms_and_grammar | add_example_and_media
pv_hi_interjection,hi,interjection,unspecified,A1,PRE_A1,PRE_A1_1,cefrj_plus_primary_heuristic,general_language,general_english,,,candidate,unreviewed,confirm_sense | confirm_primary_stage | add_learner_definition_en | add_learner_meaning_vi | add_forms_and_grammar | add_example_and_media
pv_hide_verb,hide,verb,unspecified,A1,PRE_A1,PRE_A1_2,cefrj_plus_primary_heuristic,general_language,general_english,,,candidate,unreviewed,confirm_sense | confirm_primary_stage | add_learner_definition_en | add_learner_meaning_vi | add_forms_and_grammar | add_example_and_media
pv_high_adjective,high,adjective,unspecified,A1,A1,A1_2,cefrj_plus_primary_heuristic,general_language,general_english,,,candidate,unreviewed,confirm_sense | confirm_primary_stage | add_learner_definition_en | add_learner_meaning_vi | add_forms_and_grammar | add_example_and_media
pv_high_adverb,high,adverb,unspecified,A2,A2,A2_1,cefrj_plus_primary_heuristic,general_language,general_english,,,candidate,unreviewed,confirm_sense | confirm_primary_stage | add_learner_definition_en | add_learner_meaning_vi | add_forms_and_grammar | add_example_and_media
pv_highway_noun,highway,noun,unspecified,A2,A2,A2_1,cefrj_plus_primary_heuristic,town_services,general_english,,"Things in the town, shops and shopping | Travel",candidate,unreviewed,confirm_sense | confirm_primary_stage | add_learner_definition_en | add_learner_meaning_vi | add_forms_and_grammar | add_example_and_media
pv_hike_noun,hike,noun,unspecified,A2,A2,A2_2,cefrj_plus_primary_heuristic,travel_transport,general_english,,Travel and services vocab | Leisure activities | Travel,candidate,unreviewed,confirm_sense | confirm_primary_stage | add_learner_definition_en | add_learner_meaning_vi | add_forms_and_grammar | add_example_and_media
pv_hill_noun,hill,noun,unspecified,A1,A1,A1_1,cefrj_plus_primary_heuristic,town_services,general_english,,"Things in the town, shops and shopping | House and home, environment",candidate,unreviewed,confirm_sense | confirm_primary_stage | add_learner_definition_en | add_learner_meaning_vi | add_forms_and_grammar | add_example_and_media
pv_him_pronoun,him,pronoun,unspecified,A1,PRE_A1,PRE_A1_2,cefrj_plus_primary_heuristic,general_language,general_english,,,candidate,unreviewed,confirm_sense | confirm_primary_stage | add_learner_definition_en | add_learner_meaning_vi | add_forms_and_grammar | add_example_and_media
pv_himself_pronoun,himself,pronoun,unspecified,A2,A2,A2_1,cefrj_plus_primary_heuristic,general_language,general_english,,,candidate,unreviewed,confirm_sense | confirm_primary_stage | add_learner_definition_en | add_learner_meaning_vi | add_forms_and_grammar | add_example_and_media
pv_his_determiner,his,determiner,unspecified,A1,PRE_A1,PRE_A1_2,cefrj_plus_primary_heuristic,general_language,general_english,,,candidate,unreviewed,confirm_sense | confirm_primary_stage | add_learner_definition_en | add_learner_meaning_vi | add_forms_and_grammar | add_example_and_media
pv_his_pronoun,his,pronoun,unspecified,A1,PRE_A1,PRE_A1_2,cefrj_plus_primary_heuristic,general_language,general_english,,,candidate,unreviewed,confirm_sense | confirm_primary_stage | add_learner_definition_en | add_learner_meaning_vi | add_forms_and_grammar | add_example_and_media
pv_history_noun,history,noun,unspecified,A1,PRE_A1,PRE_A1_1,cefrj_plus_primary_heuristic,school_learning,general_english,,Education | Education,candidate,unreviewed,confirm_sense | confirm_primary_stage | add_learner_definition_en | add_learner_meaning_vi | add_forms_and_grammar | add_example_and_media
pv_hit_verb,hit,verb,unspecified,A2,A2,A2_1,cefrj_plus_primary_heuristic,general_language,general_english,,,candidate,unreviewed,confirm_sense | confirm_primary_stage | add_learner_definition_en | add_learner_meaning_vi | add_forms_and_grammar | add_example_and_media
pv_hobby_noun,hobby,noun,unspecified,A1,PRE_A1,PRE_A1_2,cefrj_plus_primary_heuristic,hobbies_free_time,general_english,,"Hobbies and pastimes | Free time, entertainment",candidate,unreviewed,confirm_sense | confirm_primary_stage | add_learner_definition_en | add_learner_meaning_vi | add_forms_and_grammar | add_example_and_media
pv_hockey_noun,hockey,noun,unspecified,A2,A2,A2_1,cefrj_plus_primary_heuristic,hobbies_free_time,general_english,,"Free time, entertainment",candidate,unreviewed,confirm_sense | confirm_primary_stage | add_learner_definition_en | add_learner_meaning_vi | add_forms_and_grammar | add_example_and_media
pv_hold_noun,hold,noun,unspecified,A1,A1,A1_2,cefrj_plus_primary_heuristic,general_language,general_english,,,candidate,unreviewed,confirm_sense | confirm_primary_stage | add_learner_definition_en | add_learner_meaning_vi | add_forms_and_grammar | add_example_and_media
pv_hold_verb,hold,verb,unspecified,A2,A2,A2_1,cefrj_plus_primary_heuristic,general_language,general_english,,,candidate,unreviewed,confirm_sense | confirm_primary_stage | add_learner_definition_en | add_learner_meaning_vi | add_forms_and_grammar | add_example_and_media
pv_hole_noun,hole,noun,unspecified,A1,A1,A1_1,cefrj_plus_primary_heuristic,town_services,general_english,,"Things in the town, shops and shopping | House and home, environment",candidate,unreviewed,confirm_sense | confirm_primary_stage | add_learner_definition_en | add_learner_meaning_vi | add_forms_and_grammar | add_example_and_media
pv_holiday_noun,holiday,noun,unspecified,A1,PRE_A1,PRE_A1_2,cefrj_plus_primary_heuristic,hobbies_free_time,general_english,,"Hobbies and pastimes | Free time, entertainment",candidate,unreviewed,confirm_sense | confirm_primary_stage | add_learner_definition_en | add_learner_meaning_vi | add_forms_and_grammar | add_example_and_media
pv_home_adverb,home,adverb,unspecified,A2,A2,A2_2,cefrj_plus_primary_heuristic,general_language,general_english,,,candidate,unreviewed,confirm_sense | confirm_primary_stage | add_learner_definition_en | add_learner_meaning_vi | add_forms_and_grammar | add_example_and_media
pv_home_noun,home,noun,unspecified,A1,PRE_A1,PRE_A1_2,cefrj_plus_primary_heuristic,family_friends,general_english,,Family life | Daily life,candidate,unreviewed,confirm_sense | confirm_primary_stage | add_learner_definition_en | add_learner_meaning_vi | add_forms_and_grammar | add_example_and_media
pv_hometown_noun,hometown,noun,unspecified,A1,PRE_A1,PRE_A1_2,cefrj_plus_primary_heuristic,world_places,general_english,,Nationalities and countries | Personal identification,candidate,unreviewed,confirm_sense | confirm_primary_stage | add_learner_definition_en | add_learner_meaning_vi | add_forms_and_grammar | add_example_and_media
pv_homework_noun,homework,noun,unspecified,A1,PRE_A1,PRE_A1_1,cefrj_plus_primary_heuristic,school_learning,general_english,,Education | Education,candidate,unreviewed,confirm_sense | confirm_primary_stage | add_learner_definition_en | add_learner_meaning_vi | add_forms_and_grammar | add_example_and_media
pv_honey_noun,honey,noun,unspecified,A2,A2,A2_1,cefrj_plus_primary_heuristic,food_drink,general_english,,Food and drink,candidate,unreviewed,confirm_sense | confirm_primary_stage | add_learner_definition_en | add_learner_meaning_vi | add_forms_and_grammar | add_example_and_media
pv_hope_noun,hope,noun,unspecified,A1,A1,A1_2,cefrj_plus_primary_heuristic,general_language,general_english,,,candidate,unreviewed,confirm_sense | confirm_primary_stage | add_learner_definition_en | add_learner_meaning_vi | add_forms_and_grammar | add_example_and_media
pv_horse_noun,horse,noun,unspecified,A1,PRE_A1,PRE_A1_1,cefrj_plus_primary_heuristic,general_language,general_english,,,candidate,unreviewed,confirm_sense | confirm_primary_stage | add_learner_definition_en | add_learner_meaning_vi | add_forms_and_grammar | add_example_and_media
pv_hospital_noun,hospital,noun,unspecified,A1,A1,A1_2,cefrj_plus_primary_heuristic,town_services,general_english,,"Things in the town, shops and shopping | Health and body care",candidate,unreviewed,confirm_sense | confirm_primary_stage | add_learner_definition_en | add_learner_meaning_vi | add_forms_and_grammar | add_example_and_media
pv_hot_adjective,hot,adjective,unspecified,A1,PRE_A1,PRE_A1_2,cefrj_plus_primary_heuristic,general_language,general_english,,,candidate,unreviewed,confirm_sense | confirm_primary_stage | add_learner_definition_en | add_learner_meaning_vi | add_forms_and_grammar | add_example_and_media
pv_hotel_noun,hotel,noun,unspecified,A1,A1,A1_1,cefrj_plus_primary_heuristic,travel_transport,general_english,,Travel and services vocab | Travel,candidate,unreviewed,confirm_sense | confirm_primary_stage | add_learner_definition_en | add_learner_meaning_vi | add_forms_and_grammar | add_example_and_media
pv_hour_noun,hour,noun,unspecified,A1,A1,A1_2,cefrj_plus_primary_heuristic,general_language,general_english,,,candidate,unreviewed,confirm_sense | confirm_primary_stage | add_learner_definition_en | add_learner_meaning_vi | add_forms_and_grammar | add_example_and_media
pv_house_noun,house,noun,unspecified,A1,PRE_A1,PRE_A1_1,cefrj_plus_primary_heuristic,town_services,general_english,,"Things in the town, shops and shopping | House and home, environment",candidate,unreviewed,confirm_sense | confirm_primary_stage | add_learner_definition_en | add_learner_meaning_vi | add_forms_and_grammar | add_example_and_media
pv_how_adverb,how,adverb,unspecified,A1,PRE_A1,PRE_A1_2,cefrj_plus_primary_heuristic,general_language,general_english,,,candidate,unreviewed,confirm_sense | confirm_primary_stage | add_learner_definition_en | add_learner_meaning_vi | add_forms_and_grammar | add_example_and_media
pv_however_adverb,however,adverb,unspecified,A2,A2,A2_1,cefrj_plus_primary_heuristic,general_language,general_english,,,candidate,unreviewed,confirm_sense | confirm_primary_stage | add_learner_definition_en | add_learner_meaning_vi | add_forms_and_grammar | add_example_and_media
pv_hug_verb,hug,verb,unspecified,A2,A2,A2_2,cefrj_plus_primary_heuristic,general_language,general_english,,,candidate,unreviewed,confirm_sense | confirm_primary_stage | add_learner_definition_en | add_learner_meaning_vi | add_forms_and_grammar | add_example_and_media
pv_human_adjective,human,adjective,unspecified,A2,A2,A2_2,cefrj_plus_primary_heuristic,general_language,general_english,,,candidate,unreviewed,confirm_sense | confirm_primary_stage | add_learner_definition_en | add_learner_meaning_vi | add_forms_and_grammar | add_example_and_media
pv_human_rights_noun,human rights,noun,unspecified,A2,A2,A2_1,primary_curriculum_decision,global_citizenship,global_studies,,,candidate,unreviewed,confirm_sense | confirm_primary_stage | add_learner_definition_en | add_learner_meaning_vi | add_forms_and_grammar | add_example_and_media
pv_hundred_number,hundred,number,unspecified,A2,A2,A2_2,cefrj_plus_primary_heuristic,general_language,general_english,,,candidate,unreviewed,confirm_sense | confirm_primary_stage | add_learner_definition_en | add_learner_meaning_vi | add_forms_and_grammar | add_example_and_media
pv_hungry_adjective,hungry,adjective,unspecified,A1,A1,A1_2,cefrj_plus_primary_heuristic,general_language,general_english,,,candidate,unreviewed,confirm_sense | confirm_primary_stage | add_learner_definition_en | add_learner_meaning_vi | add_forms_and_grammar | add_example_and_media
pv_hunter_noun,hunter,noun,unspecified,A2,A2,A2_1,cefrj_plus_primary_heuristic,jobs_community,general_english,,Work and Jobs | Personal identification,candidate,unreviewed,confirm_sense | confirm_primary_stage | add_learner_definition_en | add_learner_meaning_vi | add_forms_and_grammar | add_example_and_media
pv_hurry_noun,hurry,noun,unspecified,A1,A1,A1_2,cefrj_plus_primary_heuristic,general_language,general_english,,,candidate,unreviewed,confirm_sense | confirm_primary_stage | add_learner_definition_en | add_learner_meaning_vi | add_forms_and_grammar | add_example_and_media
pv_hurry_verb,hurry,verb,unspecified,A2,A2,A2_1,cefrj_plus_primary_heuristic,general_language,general_english,,,candidate,unreviewed,confirm_sense | confirm_primary_stage | add_learner_definition_en | add_learner_meaning_vi | add_forms_and_grammar | add_example_and_media
pv_hurt_verb,hurt,verb,unspecified,A1,A1,A1_2,cefrj_plus_primary_heuristic,general_language,general_english,,,candidate,unreviewed,confirm_sense | confirm_primary_stage | add_learner_definition_en | add_learner_meaning_vi | add_forms_and_grammar | add_example_and_media
pv_husband_noun,husband,noun,unspecified,A1,PRE_A1,PRE_A1_1,cefrj_plus_primary_heuristic,family_friends,general_english,,Family life | Personal identification,candidate,unreviewed,confirm_sense | confirm_primary_stage | add_learner_definition_en | add_learner_meaning_vi | add_forms_and_grammar | add_example_and_media
pv_i_pronoun,I,pronoun,unspecified,A1,PRE_A1,PRE_A1_2,cefrj_plus_primary_heuristic,general_language,general_english,,,candidate,unreviewed,confirm_sense | confirm_primary_stage | add_learner_definition_en | add_learner_meaning_vi | add_forms_and_grammar | add_example_and_media
pv_ice_cream_noun,ice cream,noun,unspecified,A1,PRE_A1,PRE_A1_2,cefrj_plus_primary_heuristic,food_drink,general_english,,Food and drink | Food and drink,candidate,unreviewed,confirm_sense | confirm_primary_stage | add_learner_definition_en | add_learner_meaning_vi | add_forms_and_grammar | add_example_and_media
pv_ice_noun,ice,noun,unspecified,A1,PRE_A1,PRE_A1_1,cefrj_plus_primary_heuristic,food_drink,general_english,,Food and drink | Food and drink,candidate,unreviewed,confirm_sense | confirm_primary_stage | add_learner_definition_en | add_learner_meaning_vi | add_forms_and_grammar | add_example_and_media
pv_idea_noun,idea,noun,unspecified,A1,PRE_A1,PRE_A1_2,cefrj_plus_primary_heuristic,general_language,general_english,,,candidate,unreviewed,confirm_sense | confirm_primary_stage | add_learner_definition_en | add_learner_meaning_vi | add_forms_and_grammar | add_example_and_media
pv_ideal_adjective,ideal,adjective,unspecified,A1,A1,A1_1,cefrj_plus_primary_heuristic,general_language,general_english,,,candidate,unreviewed,confirm_sense | confirm_primary_stage | add_learner_definition_en | add_learner_meaning_vi | add_forms_and_grammar | add_example_and_media
pv_if_conjunction,if,conjunction,unspecified,A1,PRE_A1,PRE_A1_1,cefrj_plus_primary_heuristic,general_language,general_english,,,candidate,unreviewed,confirm_sense | confirm_primary_stage | add_learner_definition_en | add_learner_meaning_vi | add_forms_and_grammar | add_example_and_media
pv_ill_adjective,ill,adjective,unspecified,A2,A2,A2_1,cefrj_plus_primary_heuristic,general_language,general_english,,,candidate,unreviewed,confirm_sense | confirm_primary_stage | add_learner_definition_en | add_learner_meaning_vi | add_forms_and_grammar | add_example_and_media
pv_imagine_verb,imagine,verb,unspecified,A1,PRE_A1,PRE_A1_2,cefrj_plus_primary_heuristic,general_language,general_english,,,candidate,unreviewed,confirm_sense | confirm_primary_stage | add_learner_definition_en | add_learner_meaning_vi | add_forms_and_grammar | add_example_and_media
pv_impatient_adjective,impatient,adjective,unspecified,A2,A2,A2_1,cefrj_plus_primary_heuristic,general_language,general_english,,,candidate,unreviewed,confirm_sense | confirm_primary_stage | add_learner_definition_en | add_learner_meaning_vi | add_forms_and_grammar | add_example_and_media
pv_important_adjective,important,adjective,unspecified,A1,A1,A1_2,cefrj_plus_primary_heuristic,general_language,general_english,,,candidate,unreviewed,confirm_sense | confirm_primary_stage | add_learner_definition_en | add_learner_meaning_vi | add_forms_and_grammar | add_example_and_media
pv_impossible_adjective,impossible,adjective,unspecified,A2,A2,A2_1,cefrj_plus_primary_heuristic,general_language,general_english,,,candidate,unreviewed,confirm_sense | confirm_primary_stage | add_learner_definition_en | add_learner_meaning_vi | add_forms_and_grammar | add_example_and_media
pv_impress_verb,impress,verb,unspecified,A2,A2,A2_2,cefrj_plus_primary_heuristic,general_language,general_english,,,candidate,unreviewed,confirm_sense | confirm_primary_stage | add_learner_definition_en | add_learner_meaning_vi | add_forms_and_grammar | add_example_and_media
pv_improve_verb,improve,verb,unspecified,A2,A2,A2_1,cefrj_plus_primary_heuristic,general_language,general_english,,,candidate,unreviewed,confirm_sense | confirm_primary_stage | add_learner_definition_en | add_learner_meaning_vi | add_forms_and_grammar | add_example_and_media
pv_in_preposition,in,preposition,unspecified,A1,PRE_A1,PRE_A1_2,cefrj_plus_primary_heuristic,general_language,general_english,,,candidate,unreviewed,confirm_sense | confirm_primary_stage | add_learner_definition_en | add_learner_meaning_vi | add_forms_and_grammar | add_example_and_media
pv_include_verb,include,verb,unspecified,A2,A2,A2_1,primary_curriculum_decision,social_emotional,social_emotional,,,candidate,unreviewed,confirm_sense | confirm_primary_stage | add_learner_definition_en | add_learner_meaning_vi | add_forms_and_grammar | add_example_and_media
pv_inclusion_noun,inclusion,noun,unspecified,A2,A2,A2_1,primary_curriculum_decision,social_emotional,social_emotional,,,candidate,unreviewed,confirm_sense | confirm_primary_stage | add_learner_definition_en | add_learner_meaning_vi | add_forms_and_grammar | add_example_and_media
pv_increase_verb,increase,verb,unspecified,A2,A2,A2_1,cefrj_plus_primary_heuristic,general_language,general_english,,,candidate,unreviewed,confirm_sense | confirm_primary_stage | add_learner_definition_en | add_learner_meaning_vi | add_forms_and_grammar | add_example_and_media
pv_indeed_adverb,indeed,adverb,unspecified,A2,A2,A2_2,cefrj_plus_primary_heuristic,general_language,general_english,,,candidate,unreviewed,confirm_sense | confirm_primary_stage | add_learner_definition_en | add_learner_meaning_vi | add_forms_and_grammar | add_example_and_media
pv_indicate_verb,indicate,verb,unspecified,A2,A2,A2_2,cefrj_plus_primary_heuristic,general_language,general_english,,,candidate,unreviewed,confirm_sense | confirm_primary_stage | add_learner_definition_en | add_learner_meaning_vi | add_forms_and_grammar | add_example_and_media
pv_indoor_adjective,indoor,adjective,unspecified,A2,A2,A2_2,cefrj_plus_primary_heuristic,general_language,general_english,,,candidate,unreviewed,confirm_sense | confirm_primary_stage | add_learner_definition_en | add_learner_meaning_vi | add_forms_and_grammar | add_example_and_media
pv_information_noun,information,noun,unspecified,A1,PRE_A1,PRE_A1_2,cefrj_plus_primary_heuristic,digital_media,digital_literacy,,Media | Services,candidate,unreviewed,confirm_sense | confirm_primary_stage | add_learner_definition_en | add_learner_meaning_vi | add_forms_and_grammar | add_example_and_media
pv_injure_verb,injure,verb,unspecified,A2,A2,A2_1,cefrj_plus_primary_heuristic,general_language,general_english,,,candidate,unreviewed,confirm_sense | confirm_primary_stage | add_learner_definition_en | add_learner_meaning_vi | add_forms_and_grammar | add_example_and_media
pv_inner_adjective,inner,adjective,unspecified,A2,A2,A2_1,cefrj_plus_primary_heuristic,general_language,general_english,,,candidate,unreviewed,confirm_sense | confirm_primary_stage | add_learner_definition_en | add_learner_meaning_vi | add_forms_and_grammar | add_example_and_media
pv_inside_preposition,inside,preposition,unspecified,A1,PRE_A1,PRE_A1_1,cefrj_plus_primary_heuristic,general_language,general_english,,,candidate,unreviewed,confirm_sense | confirm_primary_stage | add_learner_definition_en | add_learner_meaning_vi | add_forms_and_grammar | add_example_and_media
pv_instant_adjective,instant,adjective,unspecified,A2,A2,A2_2,cefrj_plus_primary_heuristic,general_language,general_english,,,candidate,unreviewed,confirm_sense | confirm_primary_stage | add_learner_definition_en | add_learner_meaning_vi | add_forms_and_grammar | add_example_and_media
pv_instead_adverb,instead,adverb,unspecified,A2,A2,A2_1,cefrj_plus_primary_heuristic,general_language,general_english,,,candidate,unreviewed,confirm_sense | confirm_primary_stage | add_learner_definition_en | add_learner_meaning_vi | add_forms_and_grammar | add_example_and_media
pv_instrument_noun,instrument,noun,unspecified,A2,A2,A2_2,cefrj_plus_primary_heuristic,home_objects,general_english,,"Objects and rooms | Free time, entertainment",candidate,unreviewed,confirm_sense | confirm_primary_stage | add_learner_definition_en | add_learner_meaning_vi | add_forms_and_grammar | add_example_and_media
pv_interest_noun,interest,noun,unspecified,A2,A2,A2_1,cefrj_plus_primary_heuristic,personal_information,general_english,,Personal information | Personal identification,candidate,unreviewed,confirm_sense | confirm_primary_stage | add_learner_definition_en | add_learner_meaning_vi | add_forms_and_grammar | add_example_and_media
pv_interested_adjective,interested,adjective,unspecified,A1,PRE_A1,PRE_A1_2,cefrj_plus_primary_heuristic,general_language,general_english,,,candidate,unreviewed,confirm_sense | confirm_primary_stage | add_learner_definition_en | add_learner_meaning_vi | add_forms_and_grammar | add_example_and_media
pv_interesting_adjective,interesting,adjective,unspecified,A1,A1,A1_2,cefrj_plus_primary_heuristic,general_language,general_english,,,candidate,unreviewed,confirm_sense | confirm_primary_stage | add_learner_definition_en | add_learner_meaning_vi | add_forms_and_grammar | add_example_and_media
pv_internet_noun,internet,noun,unspecified,A1,PRE_A1,PRE_A1_1,primary_curriculum_decision,digital_media,digital_literacy,,,candidate,unreviewed,confirm_sense | confirm_primary_stage | add_learner_definition_en | add_learner_meaning_vi | add_forms_and_grammar | add_example_and_media
pv_interview_noun,interview,noun,unspecified,A1,PRE_A1,PRE_A1_1,cefrj_plus_primary_heuristic,social_communication,general_english,,Relations with other people,candidate,unreviewed,confirm_sense | confirm_primary_stage | add_learner_definition_en | add_learner_meaning_vi | add_forms_and_grammar | add_example_and_media
pv_interviewer_noun,interviewer,noun,unspecified,A1,A1,A1_2,cefrj_plus_primary_heuristic,people_identity,general_english,,Personal identification,candidate,unreviewed,confirm_sense | confirm_primary_stage | add_learner_definition_en | add_learner_meaning_vi | add_forms_and_grammar | add_example_and_media
pv_into_preposition,into,preposition,unspecified,A1,PRE_A1,PRE_A1_1,cefrj_plus_primary_heuristic,general_language,general_english,,,candidate,unreviewed,confirm_sense | confirm_primary_stage | add_learner_definition_en | add_learner_meaning_vi | add_forms_and_grammar | add_example_and_media
pv_introduce_verb,introduce,verb,unspecified,A1,A1,A1_2,cefrj_plus_primary_heuristic,general_language,general_english,,,candidate,unreviewed,confirm_sense | confirm_primary_stage | add_learner_definition_en | add_learner_meaning_vi | add_forms_and_grammar | add_example_and_media
pv_invent_verb,invent,verb,unspecified,A2,A2,A2_2,cefrj_plus_primary_heuristic,general_language,general_english,,,candidate,unreviewed,confirm_sense | confirm_primary_stage | add_learner_definition_en | add_learner_meaning_vi | add_forms_and_grammar | add_example_and_media
pv_invention_noun,invention,noun,unspecified,A2,A2,A2_1,cefrj_plus_primary_heuristic,school_learning,general_english,,Education,candidate,unreviewed,confirm_sense | confirm_primary_stage | add_learner_definition_en | add_learner_meaning_vi | add_forms_and_grammar | add_example_and_media
pv_invite_verb,invite,verb,unspecified,A2,A2,A2_2,cefrj_plus_primary_heuristic,general_language,general_english,,,candidate,unreviewed,confirm_sense | confirm_primary_stage | add_learner_definition_en | add_learner_meaning_vi | add_forms_and_grammar | add_example_and_media
pv_is_verb,is,verb,unspecified,A1,A1,A1_2,cefrj_plus_primary_heuristic,general_language,general_english,,,candidate,unreviewed,confirm_sense | confirm_primary_stage | add_learner_definition_en | add_learner_meaning_vi | add_forms_and_grammar | add_example_and_media
pv_island_noun,island,noun,unspecified,A1,A1,A1_2,cefrj_plus_primary_heuristic,world_places,general_english,,"Nationalities and countries | Free time, entertainment",candidate,unreviewed,confirm_sense | confirm_primary_stage | add_learner_definition_en | add_learner_meaning_vi | add_forms_and_grammar | add_example_and_media
pv_issue_noun,issue,noun,unspecified,A2,A2,A2_1,cefrj_plus_primary_heuristic,school_learning,general_english,,Education,candidate,unreviewed,confirm_sense | confirm_primary_stage | add_learner_definition_en | add_learner_meaning_vi | add_forms_and_grammar | add_example_and_media
pv_it_pronoun,it,pronoun,unspecified,A1,PRE_A1,PRE_A1_2,cefrj_plus_primary_heuristic,general_language,general_english,,,candidate,unreviewed,confirm_sense | confirm_primary_stage | add_learner_definition_en | add_learner_meaning_vi | add_forms_and_grammar | add_example_and_media
pv_item_noun,item,noun,unspecified,A1,PRE_A1,PRE_A1_1,cefrj_plus_primary_heuristic,home_objects,general_english,,Objects and rooms,candidate,unreviewed,confirm_sense | confirm_primary_stage | add_learner_definition_en | add_learner_meaning_vi | add_forms_and_grammar | add_example_and_media
pv_its_determiner,its,determiner,unspecified,A1,PRE_A1,PRE_A1_1,cefrj_plus_primary_heuristic,general_language,general_english,,,candidate,unreviewed,confirm_sense | confirm_primary_stage | add_learner_definition_en | add_learner_meaning_vi | add_forms_and_grammar | add_example_and_media
pv_its_pronoun,its,pronoun,unspecified,A1,PRE_A1,PRE_A1_1,cefrj_plus_primary_heuristic,general_language,general_english,,,candidate,unreviewed,confirm_sense | confirm_primary_stage | add_learner_definition_en | add_learner_meaning_vi | add_forms_and_grammar | add_example_and_media
pv_itself_pronoun,itself,pronoun,unspecified,A2,A2,A2_2,cefrj_plus_primary_heuristic,general_language,general_english,,,candidate,unreviewed,confirm_sense | confirm_primary_stage | add_learner_definition_en | add_learner_meaning_vi | add_forms_and_grammar | add_example_and_media
pv_jacket_noun,jacket,noun,unspecified,A1,A1,A1_2,cefrj_plus_primary_heuristic,clothes_appearance,general_english,,Clothes | Shopping,candidate,unreviewed,confirm_sense | confirm_primary_stage | add_learner_definition_en | add_learner_meaning_vi | add_forms_and_grammar | add_example_and_media
pv_jam_noun,jam,noun,unspecified,A2,A2,A2_2,cefrj_plus_primary_heuristic,food_drink,general_english,,Food and drink,candidate,unreviewed,confirm_sense | confirm_primary_stage | add_learner_definition_en | add_learner_meaning_vi | add_forms_and_grammar | add_example_and_media
pv_january_noun,January,noun,unspecified,A1,A1,A1_2,cefrj_plus_primary_heuristic,general_language,general_english,,,candidate,unreviewed,confirm_sense | confirm_primary_stage | add_learner_definition_en | add_learner_meaning_vi | add_forms_and_grammar | add_example_and_media
pv_jeans_noun,jeans,noun,unspecified,A1,PRE_A1,PRE_A1_2,cefrj_plus_primary_heuristic,clothes_appearance,general_english,,Clothes | Shopping,candidate,unreviewed,confirm_sense | confirm_primary_stage | add_learner_definition_en | add_learner_meaning_vi | add_forms_and_grammar | add_example_and_media
pv_jet_noun,jet,noun,unspecified,A1,PRE_A1,PRE_A1_1,cefrj_plus_primary_heuristic,travel_transport,general_english,,Ways of travelling | Travel,candidate,unreviewed,confirm_sense | confirm_primary_stage | add_learner_definition_en | add_learner_meaning_vi | add_forms_and_grammar | add_example_and_media
pv_jewelry_noun,jewelry,noun,unspecified,A1,PRE_A1,PRE_A1_1,cefrj_plus_primary_heuristic,shopping_money,general_english,jewellery,Shopping | Shopping,candidate,unreviewed,confirm_sense | confirm_primary_stage | add_learner_definition_en | add_learner_meaning_vi | add_forms_and_grammar | add_example_and_media
pv_job_noun,job,noun,unspecified,A1,PRE_A1,PRE_A1_2,cefrj_plus_primary_heuristic,jobs_community,general_english,,Work and Jobs | Personal identification,candidate,unreviewed,confirm_sense | confirm_primary_stage | add_learner_definition_en | add_learner_meaning_vi | add_forms_and_grammar | add_example_and_media
pv_join_verb,join,verb,unspecified,A1,A1,A1_2,cefrj_plus_primary_heuristic,general_language,general_english,,,candidate,unreviewed,confirm_sense | confirm_primary_stage | add_learner_definition_en | add_learner_meaning_vi | add_forms_and_grammar | add_example_and_media
pv_judge_verb,judge,verb,unspecified,A1,A1,A1_2,cefrj_plus_primary_heuristic,general_language,general_english,,,candidate,unreviewed,confirm_sense | confirm_primary_stage | add_learner_definition_en | add_learner_meaning_vi | add_forms_and_grammar | add_example_and_media
pv_juice_noun,juice,noun,unspecified,A1,PRE_A1,PRE_A1_1,cefrj_plus_primary_heuristic,food_drink,general_english,,Food and drink | Food and drink,candidate,unreviewed,confirm_sense | confirm_primary_stage | add_learner_definition_en | add_learner_meaning_vi | add_forms_and_grammar | add_example_and_media
pv_july_noun,July,noun,unspecified,A1,PRE_A1,PRE_A1_1,cefrj_plus_primary_heuristic,general_language,general_english,,,candidate,unreviewed,confirm_sense | confirm_primary_stage | add_learner_definition_en | add_learner_meaning_vi | add_forms_and_grammar | add_example_and_media
pv_jump_verb,jump,verb,unspecified,A1,A1,A1_2,cefrj_plus_primary_heuristic,general_language,general_english,,,candidate,unreviewed,confirm_sense | confirm_primary_stage | add_learner_definition_en | add_learner_meaning_vi | add_forms_and_grammar | add_example_and_media
pv_june_noun,June,noun,unspecified,A1,A1,A1_2,cefrj_plus_primary_heuristic,general_language,general_english,,,candidate,unreviewed,confirm_sense | confirm_primary_stage | add_learner_definition_en | add_learner_meaning_vi | add_forms_and_grammar | add_example_and_media
pv_junior_adjective,junior,adjective,unspecified,A2,A2,A2_2,cefrj_plus_primary_heuristic,general_language,general_english,,,candidate,unreviewed,confirm_sense | confirm_primary_stage | add_learner_definition_en | add_learner_meaning_vi | add_forms_and_grammar | add_example_and_media
pv_just_adverb,just,adverb,unspecified,A1,A1,A1_2,cefrj_plus_primary_heuristic,general_language,general_english,,,candidate,unreviewed,confirm_sense | confirm_primary_stage | add_learner_definition_en | add_learner_meaning_vi | add_forms_and_grammar | add_example_and_media
pv_keep_verb,keep,verb,unspecified,A1,PRE_A1,PRE_A1_2,cefrj_plus_primary_heuristic,general_language,general_english,,,candidate,unreviewed,confirm_sense | confirm_primary_stage | add_learner_definition_en | add_learner_meaning_vi | add_forms_and_grammar | add_example_and_media
pv_key_adjective,key,adjective,unspecified,A1,PRE_A1,PRE_A1_1,cefrj_plus_primary_heuristic,general_language,general_english,,,candidate,unreviewed,confirm_sense | confirm_primary_stage | add_learner_definition_en | add_learner_meaning_vi | add_forms_and_grammar | add_example_and_media
pv_key_noun,key,noun,unspecified,A1,PRE_A1,PRE_A1_2,cefrj_plus_primary_heuristic,home_objects,general_english,,"Objects and rooms | House and home, environment",candidate,unreviewed,confirm_sense | confirm_primary_stage | add_learner_definition_en | add_learner_meaning_vi | add_forms_and_grammar | add_example_and_media
pv_kick_noun,kick,noun,unspecified,A1,PRE_A1,PRE_A1_1,cefrj_plus_primary_heuristic,general_language,general_english,,,candidate,unreviewed,confirm_sense | confirm_primary_stage | add_learner_definition_en | add_learner_meaning_vi | add_forms_and_grammar | add_example_and_media
pv_kick_verb,kick,verb,unspecified,A1,PRE_A1,PRE_A1_2,cefrj_plus_primary_heuristic,general_language,general_english,,,candidate,unreviewed,confirm_sense | confirm_primary_stage | add_learner_definition_en | add_learner_meaning_vi | add_forms_and_grammar | add_example_and_media
pv_kid_noun,kid,noun,unspecified,A1,PRE_A1,PRE_A1_1,cefrj_plus_primary_heuristic,family_friends,general_english,,Family life | Personal identification,candidate,unreviewed,confirm_sense | confirm_primary_stage | add_learner_definition_en | add_learner_meaning_vi | add_forms_and_grammar | add_example_and_media
pv_killer_noun,killer,noun,unspecified,A2,A2,A2_1,cefrj_plus_primary_heuristic,global_citizenship,global_studies,,"News, lifestyles and current affairs | Relations with other people",candidate,unreviewed,confirm_sense | confirm_primary_stage | add_learner_definition_en | add_learner_meaning_vi | add_forms_and_grammar | add_example_and_media
pv_kind_adjective,kind,adjective,unspecified,A2,A2,A2_2,cefrj_plus_primary_heuristic,general_language,general_english,,,candidate,unreviewed,confirm_sense | confirm_primary_stage | add_learner_definition_en | add_learner_meaning_vi | add_forms_and_grammar | add_example_and_media
pv_kind_noun,kind,noun,unspecified,A1,A1,A1_1,cefrj_plus_primary_heuristic,general_language,general_english,,,candidate,unreviewed,confirm_sense | confirm_primary_stage | add_learner_definition_en | add_learner_meaning_vi | add_forms_and_grammar | add_example_and_media
pv_kindly_adjective,kindly,adjective,unspecified,A2,A2,A2_1,cefrj_plus_primary_heuristic,general_language,general_english,,,candidate,unreviewed,confirm_sense | confirm_primary_stage | add_learner_definition_en | add_learner_meaning_vi | add_forms_and_grammar | add_example_and_media
pv_king_noun,king,noun,unspecified,A1,A1,A1_2,cefrj_plus_primary_heuristic,world_places,general_english,,Nationalities and countries | Relations with other people,candidate,unreviewed,confirm_sense | confirm_primary_stage | add_learner_definition_en | add_learner_meaning_vi | add_forms_and_grammar | add_example_and_media
pv_kiss_noun,kiss,noun,unspecified,A1,PRE_A1,PRE_A1_1,cefrj_plus_primary_heuristic,general_language,general_english,,,candidate,unreviewed,confirm_sense | confirm_primary_stage | add_learner_definition_en | add_learner_meaning_vi | add_forms_and_grammar | add_example_and_media
pv_kitchen_noun,kitchen,noun,unspecified,A1,PRE_A1,PRE_A1_2,cefrj_plus_primary_heuristic,home_objects,general_english,,"Objects and rooms | House and home, environment",candidate,unreviewed,confirm_sense | confirm_primary_stage | add_learner_definition_en | add_learner_meaning_vi | add_forms_and_grammar | add_example_and_media
pv_kite_noun,kite,noun,unspecified,A1,A1,A1_2,cefrj_plus_primary_heuristic,hobbies_free_time,general_english,,"Leisure activities | Free time, entertainment",candidate,unreviewed,confirm_sense | confirm_primary_stage | add_learner_definition_en | add_learner_meaning_vi | add_forms_and_grammar | add_example_and_media
pv_knee_noun,knee,noun,unspecified,A1,PRE_A1,PRE_A1_2,cefrj_plus_primary_heuristic,body_health,general_english,,Health and body care,candidate,unreviewed,confirm_sense | confirm_primary_stage | add_learner_definition_en | add_learner_meaning_vi | add_forms_and_grammar | add_example_and_media
pv_know_verb,know,verb,unspecified,A1,PRE_A1,PRE_A1_1,cefrj_plus_primary_heuristic,general_language,general_english,,,candidate,unreviewed,confirm_sense | confirm_primary_stage | add_learner_definition_en | add_learner_meaning_vi | add_forms_and_grammar | add_example_and_media
pv_lady_noun,lady,noun,unspecified,A1,PRE_A1,PRE_A1_1,cefrj_plus_primary_heuristic,personal_information,general_english,,Personal information | Personal identification,candidate,unreviewed,confirm_sense | confirm_primary_stage | add_learner_definition_en | add_learner_meaning_vi | add_forms_and_grammar | add_example_and_media
pv_lake_noun,lake,noun,unspecified,A2,A2,A2_1,cefrj_plus_primary_heuristic,home_environment,general_english,,"House and home, environment",candidate,unreviewed,confirm_sense | confirm_primary_stage | add_learner_definition_en | add_learner_meaning_vi | add_forms_and_grammar | add_example_and_media
pv_lamp_noun,lamp,noun,unspecified,A2,A2,A2_2,cefrj_plus_primary_heuristic,home_environment,general_english,,"House and home, environment",candidate,unreviewed,confirm_sense | confirm_primary_stage | add_learner_definition_en | add_learner_meaning_vi | add_forms_and_grammar | add_example_and_media
pv_land_verb,land,verb,unspecified,A2,A2,A2_1,cefrj_plus_primary_heuristic,general_language,general_english,,,candidate,unreviewed,confirm_sense | confirm_primary_stage | add_learner_definition_en | add_learner_meaning_vi | add_forms_and_grammar | add_example_and_media
pv_lane_noun,lane,noun,unspecified,A2,A2,A2_1,cefrj_plus_primary_heuristic,town_services,general_english,,"Things in the town, shops and shopping | Travel",candidate,unreviewed,confirm_sense | confirm_primary_stage | add_learner_definition_en | add_learner_meaning_vi | add_forms_and_grammar | add_example_and_media
pv_language_noun,language,noun,unspecified,A1,A1,A1_2,cefrj_plus_primary_heuristic,world_places,general_english,,Nationalities and countries | Language,candidate,unreviewed,confirm_sense | confirm_primary_stage | add_learner_definition_en | add_learner_meaning_vi | add_forms_and_grammar | add_example_and_media
pv_laptop_noun,laptop,noun,unspecified,A1,PRE_A1,PRE_A1_1,primary_curriculum_decision,digital_media,digital_literacy,,,candidate,unreviewed,confirm_sense | confirm_primary_stage | add_learner_definition_en | add_learner_meaning_vi | add_forms_and_grammar | add_example_and_media
pv_large_adjective,large,adjective,unspecified,A1,PRE_A1,PRE_A1_2,cefrj_plus_primary_heuristic,general_language,general_english,,,candidate,unreviewed,confirm_sense | confirm_primary_stage | add_learner_definition_en | add_learner_meaning_vi | add_forms_and_grammar | add_example_and_media
pv_last_determiner,last,determiner,unspecified,A2,A2,A2_1,cefrj_plus_primary_heuristic,general_language,general_english,,,candidate,unreviewed,confirm_sense | confirm_primary_stage | add_learner_definition_en | add_learner_meaning_vi | add_forms_and_grammar | add_example_and_media
pv_last_name_noun,last name,noun,unspecified,A1,A1,A1_2,cefrj_plus_primary_heuristic,general_language,general_english,,,candidate,unreviewed,confirm_sense | confirm_primary_stage | add_learner_definition_en | add_learner_meaning_vi | add_forms_and_grammar | add_example_and_media
pv_last_pronoun,last,pronoun,unspecified,A2,A2,A2_2,cefrj_plus_primary_heuristic,general_language,general_english,,,candidate,unreviewed,confirm_sense | confirm_primary_stage | add_learner_definition_en | add_learner_meaning_vi | add_forms_and_grammar | add_example_and_media
pv_late_adjective,late,adjective,unspecified,A1,A1,A1_2,cefrj_plus_primary_heuristic,general_language,general_english,,,candidate,unreviewed,confirm_sense | confirm_primary_stage | add_learner_definition_en | add_learner_meaning_vi | add_forms_and_grammar | add_example_and_media
pv_late_adverb,late,adverb,unspecified,A1,A1,A1_2,cefrj_plus_primary_heuristic,general_language,general_english,,,candidate,unreviewed,confirm_sense | confirm_primary_stage | add_learner_definition_en | add_learner_meaning_vi | add_forms_and_grammar | add_example_and_media
pv_later_adverb,later,adverb,unspecified,A1,A1,A1_2,cefrj_plus_primary_heuristic,general_language,general_english,,,candidate,unreviewed,confirm_sense | confirm_primary_stage | add_learner_definition_en | add_learner_meaning_vi | add_forms_and_grammar | add_example_and_media
pv_latest_adjective,latest,adjective,unspecified,A2,A2,A2_2,cefrj_plus_primary_heuristic,general_language,general_english,,,candidate,unreviewed,confirm_sense | confirm_primary_stage | add_learner_definition_en | add_learner_meaning_vi | add_forms_and_grammar | add_example_and_media
pv_latter_adverb,latter,adverb,unspecified,A2,A2,A2_1,cefrj_plus_primary_heuristic,general_language,general_english,,,candidate,unreviewed,confirm_sense | confirm_primary_stage | add_learner_definition_en | add_learner_meaning_vi | add_forms_and_grammar | add_example_and_media
pv_latter_pronoun,latter,pronoun,unspecified,A2,A2,A2_1,cefrj_plus_primary_heuristic,general_language,general_english,,,candidate,unreviewed,confirm_sense | confirm_primary_stage | add_learner_definition_en | add_learner_meaning_vi | add_forms_and_grammar | add_example_and_media
pv_laugh_verb,laugh,verb,unspecified,A1,PRE_A1,PRE_A1_2,cefrj_plus_primary_heuristic,general_language,general_english,,,candidate,unreviewed,confirm_sense | confirm_primary_stage | add_learner_definition_en | add_learner_meaning_vi | add_forms_and_grammar | add_example_and_media
pv_law_noun,law,noun,unspecified,A2,A2,A2_2,cefrj_plus_primary_heuristic,global_citizenship,global_studies,,"News, lifestyles and current affairs | Relations with other people",candidate,unreviewed,confirm_sense | confirm_primary_stage | add_learner_definition_en | add_learner_meaning_vi | add_forms_and_grammar | add_example_and_media
pv_lawyer_noun,lawyer,noun,unspecified,A2,A2,A2_2,cefrj_plus_primary_heuristic,jobs_community,general_english,,Work and Jobs | Personal identification,candidate,unreviewed,confirm_sense | confirm_primary_stage | add_learner_definition_en | add_learner_meaning_vi | add_forms_and_grammar | add_example_and_media
pv_lazy_adjective,lazy,adjective,unspecified,A1,PRE_A1,PRE_A1_2,cefrj_plus_primary_heuristic,general_language,general_english,,,candidate,unreviewed,confirm_sense | confirm_primary_stage | add_learner_definition_en | add_learner_meaning_vi | add_forms_and_grammar | add_example_and_media
pv_leader_noun,leader,noun,unspecified,A1,PRE_A1,PRE_A1_2,cefrj_plus_primary_heuristic,jobs_community,general_english,,Work and Jobs | Relations with other people,candidate,unreviewed,confirm_sense | confirm_primary_stage | add_learner_definition_en | add_learner_meaning_vi | add_forms_and_grammar | add_example_and_media
pv_leaf_noun,leaf,noun,unspecified,A1,A1,A1_1,cefrj_plus_primary_heuristic,town_services,general_english,,"Things in the town, shops and shopping",candidate,unreviewed,confirm_sense | confirm_primary_stage | add_learner_definition_en | add_learner_meaning_vi | add_forms_and_grammar | add_example_and_media
pv_learn_verb,learn,verb,unspecified,A1,PRE_A1,PRE_A1_2,cefrj_plus_primary_heuristic,general_language,general_english,,,candidate,unreviewed,confirm_sense | confirm_primary_stage | add_learner_definition_en | add_learner_meaning_vi | add_forms_and_grammar | add_example_and_media
pv_learner_noun,learner,noun,unspecified,A2,A2,A2_2,cefrj_plus_primary_heuristic,school_learning,general_english,,Education | Education,candidate,unreviewed,confirm_sense | confirm_primary_stage | add_learner_definition_en | add_learner_meaning_vi | add_forms_and_grammar | add_example_and_media
pv_least_determiner,least,determiner,unspecified,A2,A2,A2_1,cefrj_plus_primary_heuristic,general_language,general_english,,,candidate,unreviewed,confirm_sense | confirm_primary_stage | add_learner_definition_en | add_learner_meaning_vi | add_forms_and_grammar | add_example_and_media
pv_leave_verb,leave,verb,unspecified,A1,PRE_A1,PRE_A1_1,cefrj_plus_primary_heuristic,general_language,general_english,,,candidate,unreviewed,confirm_sense | confirm_primary_stage | add_learner_definition_en | add_learner_meaning_vi | add_forms_and_grammar | add_example_and_media
pv_left_adjective,left,adjective,unspecified,A1,PRE_A1,PRE_A1_2,cefrj_plus_primary_heuristic,general_language,general_english,,,candidate,unreviewed,confirm_sense | confirm_primary_stage | add_learner_definition_en | add_learner_meaning_vi | add_forms_and_grammar | add_example_and_media
pv_left_adverb,left,adverb,unspecified,A2,A2,A2_2,cefrj_plus_primary_heuristic,general_language,general_english,,,candidate,unreviewed,confirm_sense | confirm_primary_stage | add_learner_definition_en | add_learner_meaning_vi | add_forms_and_grammar | add_example_and_media
pv_left_hand_adjective,left-hand,adjective,unspecified,A2,A2,A2_1,cefrj_plus_primary_heuristic,general_language,general_english,,,candidate,unreviewed,confirm_sense | confirm_primary_stage | add_learner_definition_en | add_learner_meaning_vi | add_forms_and_grammar | add_example_and_media
pv_leg_noun,leg,noun,unspecified,A1,PRE_A1,PRE_A1_2,cefrj_plus_primary_heuristic,body_health,general_english,,Health and body care,candidate,unreviewed,confirm_sense | confirm_primary_stage | add_learner_definition_en | add_learner_meaning_vi | add_forms_and_grammar | add_example_and_media
pv_lemon_noun,lemon,noun,unspecified,A2,A2,A2_1,cefrj_plus_primary_heuristic,food_drink,general_english,,Food and drink,candidate,unreviewed,confirm_sense | confirm_primary_stage | add_learner_definition_en | add_learner_meaning_vi | add_forms_and_grammar | add_example_and_media
pv_less_adverb,less,adverb,unspecified,A2,A2,A2_2,cefrj_plus_primary_heuristic,general_language,general_english,,,candidate,unreviewed,confirm_sense | confirm_primary_stage | add_learner_definition_en | add_learner_meaning_vi | add_forms_and_grammar | add_example_and_media
pv_less_determiner,less,determiner,unspecified,A2,A2,A2_1,cefrj_plus_primary_heuristic,general_language,general_english,,,candidate,unreviewed,confirm_sense | confirm_primary_stage | add_learner_definition_en | add_learner_meaning_vi | add_forms_and_grammar | add_example_and_media
pv_less_pronoun,less,pronoun,unspecified,A2,A2,A2_2,cefrj_plus_primary_heuristic,general_language,general_english,,,candidate,unreviewed,confirm_sense | confirm_primary_stage | add_learner_definition_en | add_learner_meaning_vi | add_forms_and_grammar | add_example_and_media
pv_lesson_noun,lesson,noun,unspecified,A1,PRE_A1,PRE_A1_2,cefrj_plus_primary_heuristic,school_learning,general_english,,Education | Education,candidate,unreviewed,confirm_sense | confirm_primary_stage | add_learner_definition_en | add_learner_meaning_vi | add_forms_and_grammar | add_example_and_media
pv_let_verb,let,verb,unspecified,A1,PRE_A1,PRE_A1_2,cefrj_plus_primary_heuristic,general_language,general_english,,,candidate,unreviewed,confirm_sense | confirm_primary_stage | add_learner_definition_en | add_learner_meaning_vi | add_forms_and_grammar | add_example_and_media
pv_letter_noun,letter,noun,unspecified,A1,PRE_A1,PRE_A1_1,cefrj_plus_primary_heuristic,home_objects,general_english,,Objects and rooms | Services,candidate,unreviewed,confirm_sense | confirm_primary_stage | add_learner_definition_en | add_learner_meaning_vi | add_forms_and_grammar | add_example_and_media
pv_library_noun,library,noun,unspecified,A1,PRE_A1,PRE_A1_2,cefrj_plus_primary_heuristic,town_services,general_english,,"Things in the town, shops and shopping | Free time, entertainment",candidate,unreviewed,confirm_sense | confirm_primary_stage | add_learner_definition_en | add_learner_meaning_vi | add_forms_and_grammar | add_example_and_media
pv_lie_verb,lie,verb,unspecified,A2,A2,A2_1,cefrj_plus_primary_heuristic,general_language,general_english,,,candidate,unreviewed,confirm_sense | confirm_primary_stage | add_learner_definition_en | add_learner_meaning_vi | add_forms_and_grammar | add_example_and_media
pv_life_noun,life,noun,unspecified,A1,A1,A1_2,cefrj_plus_primary_heuristic,general_language,general_english,,,candidate,unreviewed,confirm_sense | confirm_primary_stage | add_learner_definition_en | add_learner_meaning_vi | add_forms_and_grammar | add_example_and_media
pv_lifestyle_noun,lifestyle,noun,unspecified,A2,A2,A2_2,cefrj_plus_primary_heuristic,personal_information,general_english,,Personal information,candidate,unreviewed,confirm_sense | confirm_primary_stage | add_learner_definition_en | add_learner_meaning_vi | add_forms_and_grammar | add_example_and_media
pv_light_adjective,light,adjective,unspecified,A1,PRE_A1,PRE_A1_2,cefrj_plus_primary_heuristic,general_language,general_english,,,candidate,unreviewed,confirm_sense | confirm_primary_stage | add_learner_definition_en | add_learner_meaning_vi | add_forms_and_grammar | add_example_and_media
pv_light_noun,light,noun,unspecified,A1,PRE_A1,PRE_A1_2,cefrj_plus_primary_heuristic,home_environment,general_english,,"House and home, environment",candidate,unreviewed,confirm_sense | confirm_primary_stage | add_learner_definition_en | add_learner_meaning_vi | add_forms_and_grammar | add_example_and_media
pv_like_preposition,like,preposition,unspecified,A1,PRE_A1,PRE_A1_2,cefrj_plus_primary_heuristic,general_language,general_english,,,candidate,unreviewed,confirm_sense | confirm_primary_stage | add_learner_definition_en | add_learner_meaning_vi | add_forms_and_grammar | add_example_and_media
pv_like_verb,like,verb,unspecified,A1,A1,A1_1,cefrj_plus_primary_heuristic,general_language,general_english,,,candidate,unreviewed,confirm_sense | confirm_primary_stage | add_learner_definition_en | add_learner_meaning_vi | add_forms_and_grammar | add_example_and_media
pv_likely_adjective,likely,adjective,unspecified,A2,A2,A2_1,cefrj_plus_primary_heuristic,general_language,general_english,,,candidate,unreviewed,confirm_sense | confirm_primary_stage | add_learner_definition_en | add_learner_meaning_vi | add_forms_and_grammar | add_example_and_media
pv_lily_noun,lily,noun,unspecified,A1,A1,A1_2,cefrj_plus_primary_heuristic,general_language,general_english,,,candidate,unreviewed,confirm_sense | confirm_primary_stage | add_learner_definition_en | add_learner_meaning_vi | add_forms_and_grammar | add_example_and_media
pv_line_noun,line,noun,unspecified,A1,A1,A1_1,cefrj_plus_primary_heuristic,general_language,general_english,,,candidate,unreviewed,confirm_sense | confirm_primary_stage | add_learner_definition_en | add_learner_meaning_vi | add_forms_and_grammar | add_example_and_media
pv_link_noun,link,noun,unspecified,A2,A2,A2_1,primary_curriculum_decision,digital_media,digital_literacy,,,candidate,unreviewed,confirm_sense | confirm_primary_stage | add_learner_definition_en | add_learner_meaning_vi | add_forms_and_grammar | add_example_and_media
pv_lion_noun,lion,noun,unspecified,A1,A1,A1_2,cefrj_plus_primary_heuristic,general_language,general_english,,,candidate,unreviewed,confirm_sense | confirm_primary_stage | add_learner_definition_en | add_learner_meaning_vi | add_forms_and_grammar | add_example_and_media
pv_list_noun,list,noun,unspecified,A1,PRE_A1,PRE_A1_2,cefrj_plus_primary_heuristic,home_objects,general_english,,Objects and rooms,candidate,unreviewed,confirm_sense | confirm_primary_stage | add_learner_definition_en | add_learner_meaning_vi | add_forms_and_grammar | add_example_and_media
pv_listen_verb,listen,verb,unspecified,A1,A1,A1_2,cefrj_plus_primary_heuristic,general_language,general_english,,,candidate,unreviewed,confirm_sense | confirm_primary_stage | add_learner_definition_en | add_learner_meaning_vi | add_forms_and_grammar | add_example_and_media
pv_little_adjective,little,adjective,unspecified,A1,A1,A1_2,cefrj_plus_primary_heuristic,general_language,general_english,,,candidate,unreviewed,confirm_sense | confirm_primary_stage | add_learner_definition_en | add_learner_meaning_vi | add_forms_and_grammar | add_example_and_media
pv_little_adverb,little,adverb,unspecified,A1,PRE_A1,PRE_A1_2,cefrj_plus_primary_heuristic,general_language,general_english,,,candidate,unreviewed,confirm_sense | confirm_primary_stage | add_learner_definition_en | add_learner_meaning_vi | add_forms_and_grammar | add_example_and_media
pv_live_verb,live,verb,unspecified,A1,A1,A1_1,cefrj_plus_primary_heuristic,general_language,general_english,,,candidate,unreviewed,confirm_sense | confirm_primary_stage | add_learner_definition_en | add_learner_meaning_vi | add_forms_and_grammar | add_example_and_media
pv_living_adjective,living,adjective,unspecified,A1,PRE_A1,PRE_A1_2,cefrj_plus_primary_heuristic,general_language,general_english,,,candidate,unreviewed,confirm_sense | confirm_primary_stage | add_learner_definition_en | add_learner_meaning_vi | add_forms_and_grammar | add_example_and_media
pv_living_room_noun,living room,noun,unspecified,A1,PRE_A1,PRE_A1_2,cefrj_plus_primary_heuristic,home_objects,general_english,,"Objects and rooms | House and home, environment",candidate,unreviewed,confirm_sense | confirm_primary_stage | add_learner_definition_en | add_learner_meaning_vi | add_forms_and_grammar | add_example_and_media
pv_local_adjective,local,adjective,unspecified,A2,A2,A2_1,cefrj_plus_primary_heuristic,general_language,general_english,,,candidate,unreviewed,confirm_sense | confirm_primary_stage | add_learner_definition_en | add_learner_meaning_vi | add_forms_and_grammar | add_example_and_media
pv_log_in_verb,log in,verb,unspecified,A2,A2,A2_1,primary_curriculum_decision,platform_navigation,digital_literacy,,,candidate,unreviewed,confirm_sense | confirm_primary_stage | add_learner_definition_en | add_learner_meaning_vi | add_forms_and_grammar | add_example_and_media
pv_logical_adjective,logical,adjective,unspecified,A2,A2,A2_1,cefrj_plus_primary_heuristic,general_language,general_english,,,candidate,unreviewed,confirm_sense | confirm_primary_stage | add_learner_definition_en | add_learner_meaning_vi | add_forms_and_grammar | add_example_and_media
pv_lonely_adjective,lonely,adjective,unspecified,A1,A1,A1_2,cefrj_plus_primary_heuristic,general_language,general_english,,,candidate,unreviewed,confirm_sense | confirm_primary_stage | add_learner_definition_en | add_learner_meaning_vi | add_forms_and_grammar | add_example_and_media
pv_long_adjective,long,adjective,unspecified,A1,PRE_A1,PRE_A1_1,cefrj_plus_primary_heuristic,general_language,general_english,,,candidate,unreviewed,confirm_sense | confirm_primary_stage | add_learner_definition_en | add_learner_meaning_vi | add_forms_and_grammar | add_example_and_media
pv_long_adverb,long,adverb,unspecified,A2,A2,A2_2,cefrj_plus_primary_heuristic,general_language,general_english,,,candidate,unreviewed,confirm_sense | confirm_primary_stage | add_learner_definition_en | add_learner_meaning_vi | add_forms_and_grammar | add_example_and_media
pv_look_noun,look,noun,unspecified,A1,PRE_A1,PRE_A1_2,cefrj_plus_primary_heuristic,general_language,general_english,,,candidate,unreviewed,confirm_sense | confirm_primary_stage | add_learner_definition_en | add_learner_meaning_vi | add_forms_and_grammar | add_example_and_media
pv_look_verb,look,verb,unspecified,A1,A1,A1_2,cefrj_plus_primary_heuristic,general_language,general_english,,,candidate,unreviewed,confirm_sense | confirm_primary_stage | add_learner_definition_en | add_learner_meaning_vi | add_forms_and_grammar | add_example_and_media
pv_loose_adjective,loose,adjective,unspecified,A2,A2,A2_2,cefrj_plus_primary_heuristic,general_language,general_english,,,candidate,unreviewed,confirm_sense | confirm_primary_stage | add_learner_definition_en | add_learner_meaning_vi | add_forms_and_grammar | add_example_and_media
pv_lose_verb,lose,verb,unspecified,A2,A2,A2_2,cefrj_plus_primary_heuristic,general_language,general_english,,,candidate,unreviewed,confirm_sense | confirm_primary_stage | add_learner_definition_en | add_learner_meaning_vi | add_forms_and_grammar | add_example_and_media
pv_lost_adjective,lost,adjective,unspecified,A2,A2,A2_1,cefrj_plus_primary_heuristic,general_language,general_english,,,candidate,unreviewed,confirm_sense | confirm_primary_stage | add_learner_definition_en | add_learner_meaning_vi | add_forms_and_grammar | add_example_and_media
pv_lot_adverb,lot,adverb,unspecified,A1,A1,A1_2,cefrj_plus_primary_heuristic,general_language,general_english,,,candidate,unreviewed,confirm_sense | confirm_primary_stage | add_learner_definition_en | add_learner_meaning_vi | add_forms_and_grammar | add_example_and_media
pv_lot_pronoun,lot,pronoun,unspecified,A1,PRE_A1,PRE_A1_1,cefrj_plus_primary_heuristic,general_language,general_english,,,candidate,unreviewed,confirm_sense | confirm_primary_stage | add_learner_definition_en | add_learner_meaning_vi | add_forms_and_grammar | add_example_and_media
pv_love_noun,love,noun,unspecified,A1,A1,A1_1,cefrj_plus_primary_heuristic,general_language,general_english,,,candidate,unreviewed,confirm_sense | confirm_primary_stage | add_learner_definition_en | add_learner_meaning_vi | add_forms_and_grammar | add_example_and_media
pv_love_verb,love,verb,unspecified,A1,PRE_A1,PRE_A1_2,cefrj_plus_primary_heuristic,general_language,general_english,,,candidate,unreviewed,confirm_sense | confirm_primary_stage | add_learner_definition_en | add_learner_meaning_vi | add_forms_and_grammar | add_example_and_media
pv_lovely_adjective,lovely,adjective,unspecified,A1,A1,A1_2,cefrj_plus_primary_heuristic,general_language,general_english,,,candidate,unreviewed,confirm_sense | confirm_primary_stage | add_learner_definition_en | add_learner_meaning_vi | add_forms_and_grammar | add_example_and_media
pv_lover_noun,lover,noun,unspecified,A2,A2,A2_1,cefrj_plus_primary_heuristic,family_friends,general_english,,Family life | Personal identification,candidate,unreviewed,confirm_sense | confirm_primary_stage | add_learner_definition_en | add_learner_meaning_vi | add_forms_and_grammar | add_example_and_media
pv_low_adjective,low,adjective,unspecified,A2,A2,A2_2,cefrj_plus_primary_heuristic,general_language,general_english,,,candidate,unreviewed,confirm_sense | confirm_primary_stage | add_learner_definition_en | add_learner_meaning_vi | add_forms_and_grammar | add_example_and_media
pv_low_adverb,low,adverb,unspecified,A2,A2,A2_1,cefrj_plus_primary_heuristic,general_language,general_english,,,candidate,unreviewed,confirm_sense | confirm_primary_stage | add_learner_definition_en | add_learner_meaning_vi | add_forms_and_grammar | add_example_and_media
pv_luck_noun,luck,noun,unspecified,A1,A1,A1_2,cefrj_plus_primary_heuristic,general_language,general_english,,,candidate,unreviewed,confirm_sense | confirm_primary_stage | add_learner_definition_en | add_learner_meaning_vi | add_forms_and_grammar | add_example_and_media
pv_luckily_adverb,luckily,adverb,unspecified,A2,A2,A2_1,cefrj_plus_primary_heuristic,general_language,general_english,,,candidate,unreviewed,confirm_sense | confirm_primary_stage | add_learner_definition_en | add_learner_meaning_vi | add_forms_and_grammar | add_example_and_media
pv_lucky_adjective,lucky,adjective,unspecified,A1,A1,A1_2,cefrj_plus_primary_heuristic,general_language,general_english,,,candidate,unreviewed,confirm_sense | confirm_primary_stage | add_learner_definition_en | add_learner_meaning_vi | add_forms_and_grammar | add_example_and_media
pv_lunch_noun,lunch,noun,unspecified,A1,PRE_A1,PRE_A1_2,cefrj_plus_primary_heuristic,food_drink,general_english,,Food and drink | Food and drink,candidate,unreviewed,confirm_sense | confirm_primary_stage | add_learner_definition_en | add_learner_meaning_vi | add_forms_and_grammar | add_example_and_media
pv_lunchtime_noun,lunchtime,noun,unspecified,A2,A2,A2_2,cefrj_plus_primary_heuristic,food_drink,general_english,,Food and drink,candidate,unreviewed,confirm_sense | confirm_primary_stage | add_learner_definition_en | add_learner_meaning_vi | add_forms_and_grammar | add_example_and_media
pv_lyric_adjective,lyric,adjective,unspecified,A2,A2,A2_1,cefrj_plus_primary_heuristic,general_language,general_english,,,candidate,unreviewed,confirm_sense | confirm_primary_stage | add_learner_definition_en | add_learner_meaning_vi | add_forms_and_grammar | add_example_and_media
pv_m_verb,'m,verb,unspecified,A1,A1,A1_1,cefrj_plus_primary_heuristic,general_language,general_english,,,candidate,unreviewed,confirm_sense | confirm_primary_stage | add_learner_definition_en | add_learner_meaning_vi | add_forms_and_grammar | add_example_and_media
pv_machine_noun,machine,noun,unspecified,A1,A1,A1_2,cefrj_plus_primary_heuristic,jobs_community,general_english,,Work and Jobs | Daily life,candidate,unreviewed,confirm_sense | confirm_primary_stage | add_learner_definition_en | add_learner_meaning_vi | add_forms_and_grammar | add_example_and_media
pv_mad_adjective,mad,adjective,unspecified,A2,A2,A2_2,cefrj_plus_primary_heuristic,general_language,general_english,,,candidate,unreviewed,confirm_sense | confirm_primary_stage | add_learner_definition_en | add_learner_meaning_vi | add_forms_and_grammar | add_example_and_media
pv_magazine_noun,magazine,noun,unspecified,A1,PRE_A1,PRE_A1_2,cefrj_plus_primary_heuristic,home_objects,general_english,,"Objects and rooms | Free time, entertainment",candidate,unreviewed,confirm_sense | confirm_primary_stage | add_learner_definition_en | add_learner_meaning_vi | add_forms_and_grammar | add_example_and_media
pv_magic_adjective,magic,adjective,unspecified,A2,A2,A2_1,cefrj_plus_primary_heuristic,general_language,general_english,,,candidate,unreviewed,confirm_sense | confirm_primary_stage | add_learner_definition_en | add_learner_meaning_vi | add_forms_and_grammar | add_example_and_media
pv_mail_noun,mail,noun,unspecified,A1,PRE_A1,PRE_A1_2,cefrj_plus_primary_heuristic,home_objects,general_english,,Objects and rooms | Services,candidate,unreviewed,confirm_sense | confirm_primary_stage | add_learner_definition_en | add_learner_meaning_vi | add_forms_and_grammar | add_example_and_media
pv_mainly_adverb,mainly,adverb,unspecified,A2,A2,A2_1,cefrj_plus_primary_heuristic,general_language,general_english,,,candidate,unreviewed,confirm_sense | confirm_primary_stage | add_learner_definition_en | add_learner_meaning_vi | add_forms_and_grammar | add_example_and_media
pv_major_adjective,major,adjective,unspecified,A2,A2,A2_2,cefrj_plus_primary_heuristic,general_language,general_english,,,candidate,unreviewed,confirm_sense | confirm_primary_stage | add_learner_definition_en | add_learner_meaning_vi | add_forms_and_grammar | add_example_and_media
pv_make_verb,make,verb,unspecified,A1,A1,A1_1,cefrj_plus_primary_heuristic,general_language,general_english,,,candidate,unreviewed,confirm_sense | confirm_primary_stage | add_learner_definition_en | add_learner_meaning_vi | add_forms_and_grammar | add_example_and_media
pv_maker_noun,maker,noun,unspecified,A2,A2,A2_2,cefrj_plus_primary_heuristic,jobs_community,general_english,,Work and Jobs | Personal identification,candidate,unreviewed,confirm_sense | confirm_primary_stage | add_learner_definition_en | add_learner_meaning_vi | add_forms_and_grammar | add_example_and_media
pv_male_noun,male,noun,unspecified,A2,A2,A2_1,cefrj_plus_primary_heuristic,personal_information,general_english,,Personal information | Personal identification,candidate,unreviewed,confirm_sense | confirm_primary_stage | add_learner_definition_en | add_learner_meaning_vi | add_forms_and_grammar | add_example_and_media
pv_man_noun,man,noun,unspecified,A1,PRE_A1,PRE_A1_2,cefrj_plus_primary_heuristic,personal_information,general_english,,Personal information | Personal identification,candidate,unreviewed,confirm_sense | confirm_primary_stage | add_learner_definition_en | add_learner_meaning_vi | add_forms_and_grammar | add_example_and_media
pv_manage_verb,manage,verb,unspecified,A2,A2,A2_2,cefrj_plus_primary_heuristic,general_language,general_english,,,candidate,unreviewed,confirm_sense | confirm_primary_stage | add_learner_definition_en | add_learner_meaning_vi | add_forms_and_grammar | add_example_and_media
pv_manager_noun,manager,noun,unspecified,A2,A2,A2_2,cefrj_plus_primary_heuristic,jobs_community,general_english,,Work and Jobs | Personal identification,candidate,unreviewed,confirm_sense | confirm_primary_stage | add_learner_definition_en | add_learner_meaning_vi | add_forms_and_grammar | add_example_and_media
pv_many_determiner,many,determiner,unspecified,A1,PRE_A1,PRE_A1_2,cefrj_plus_primary_heuristic,general_language,general_english,,,candidate,unreviewed,confirm_sense | confirm_primary_stage | add_learner_definition_en | add_learner_meaning_vi | add_forms_and_grammar | add_example_and_media
pv_many_pronoun,many,pronoun,unspecified,A1,PRE_A1,PRE_A1_1,cefrj_plus_primary_heuristic,general_language,general_english,,,candidate,unreviewed,confirm_sense | confirm_primary_stage | add_learner_definition_en | add_learner_meaning_vi | add_forms_and_grammar | add_example_and_media
pv_map_noun,map,noun,unspecified,A1,A1,A1_2,cefrj_plus_primary_heuristic,home_objects,general_english,,Objects and rooms | Travel,candidate,unreviewed,confirm_sense | confirm_primary_stage | add_learner_definition_en | add_learner_meaning_vi | add_forms_and_grammar | add_example_and_media
pv_march_noun,March,noun,unspecified,A1,PRE_A1,PRE_A1_1,cefrj_plus_primary_heuristic,general_language,general_english,,,candidate,unreviewed,confirm_sense | confirm_primary_stage | add_learner_definition_en | add_learner_meaning_vi | add_forms_and_grammar | add_example_and_media
pv_mark_verb,mark,verb,unspecified,A2,A2,A2_1,cefrj_plus_primary_heuristic,general_language,general_english,,,candidate,unreviewed,confirm_sense | confirm_primary_stage | add_learner_definition_en | add_learner_meaning_vi | add_forms_and_grammar | add_example_and_media
pv_market_noun,market,noun,unspecified,A2,A2,A2_1,cefrj_plus_primary_heuristic,shopping_money,general_english,,Shopping,candidate,unreviewed,confirm_sense | confirm_primary_stage | add_learner_definition_en | add_learner_meaning_vi | add_forms_and_grammar | add_example_and_media
pv_married_adjective,married,adjective,unspecified,A2,A2,A2_1,cefrj_plus_primary_heuristic,general_language,general_english,,,candidate,unreviewed,confirm_sense | confirm_primary_stage | add_learner_definition_en | add_learner_meaning_vi | add_forms_and_grammar | add_example_and_media
pv_marry_verb,marry,verb,unspecified,A2,A2,A2_2,cefrj_plus_primary_heuristic,general_language,general_english,,,candidate,unreviewed,confirm_sense | confirm_primary_stage | add_learner_definition_en | add_learner_meaning_vi | add_forms_and_grammar | add_example_and_media
pv_match_noun,match,noun,unspecified,A1,A1,A1_2,cefrj_plus_primary_heuristic,hobbies_free_time,general_english,,Hobbies and pastimes | Shopping,candidate,unreviewed,confirm_sense | confirm_primary_stage | add_learner_definition_en | add_learner_meaning_vi | add_forms_and_grammar | add_example_and_media
pv_math_noun,math,noun,unspecified,A1,PRE_A1,PRE_A1_1,cefrj_plus_primary_heuristic,school_learning,general_english,maths,Education | Education,candidate,unreviewed,confirm_sense | confirm_primary_stage | add_learner_definition_en | add_learner_meaning_vi | add_forms_and_grammar | add_example_and_media
pv_matter_noun,matter,noun,unspecified,A1,PRE_A1,PRE_A1_2,cefrj_plus_primary_heuristic,general_language,general_english,,,candidate,unreviewed,confirm_sense | confirm_primary_stage | add_learner_definition_en | add_learner_meaning_vi | add_forms_and_grammar | add_example_and_media
pv_matter_verb,matter,verb,unspecified,A2,A2,A2_1,cefrj_plus_primary_heuristic,general_language,general_english,,,candidate,unreviewed,confirm_sense | confirm_primary_stage | add_learner_definition_en | add_learner_meaning_vi | add_forms_and_grammar | add_example_and_media
pv_may_modal,may,modal,unspecified,A1,PRE_A1,PRE_A1_1,cefrj_plus_primary_heuristic,general_language,general_english,,,candidate,unreviewed,confirm_sense | confirm_primary_stage | add_learner_definition_en | add_learner_meaning_vi | add_forms_and_grammar | add_example_and_media
pv_may_noun,May,noun,unspecified,A1,PRE_A1,PRE_A1_2,cefrj_plus_primary_heuristic,general_language,general_english,,,candidate,unreviewed,confirm_sense | confirm_primary_stage | add_learner_definition_en | add_learner_meaning_vi | add_forms_and_grammar | add_example_and_media
pv_maybe_adverb,maybe,adverb,unspecified,A1,PRE_A1,PRE_A1_1,cefrj_plus_primary_heuristic,general_language,general_english,,,candidate,unreviewed,confirm_sense | confirm_primary_stage | add_learner_definition_en | add_learner_meaning_vi | add_forms_and_grammar | add_example_and_media
pv_me_pronoun,me,pronoun,unspecified,A1,PRE_A1,PRE_A1_1,cefrj_plus_primary_heuristic,general_language,general_english,,,candidate,unreviewed,confirm_sense | confirm_primary_stage | add_learner_definition_en | add_learner_meaning_vi | add_forms_and_grammar | add_example_and_media
pv_meal_noun,meal,noun,unspecified,A1,A1,A1_2,cefrj_plus_primary_heuristic,food_drink,general_english,,Food and drink | Food and drink,candidate,unreviewed,confirm_sense | confirm_primary_stage | add_learner_definition_en | add_learner_meaning_vi | add_forms_and_grammar | add_example_and_media
pv_mean_adjective,mean,adjective,unspecified,A2,A2,A2_2,cefrj_plus_primary_heuristic,general_language,general_english,,,candidate,unreviewed,confirm_sense | confirm_primary_stage | add_learner_definition_en | add_learner_meaning_vi | add_forms_and_grammar | add_example_and_media
pv_mean_verb,mean,verb,unspecified,A1,A1,A1_2,cefrj_plus_primary_heuristic,general_language,general_english,,,candidate,unreviewed,confirm_sense | confirm_primary_stage | add_learner_definition_en | add_learner_meaning_vi | add_forms_and_grammar | add_example_and_media
pv_meat_noun,meat,noun,unspecified,A1,A1,A1_2,cefrj_plus_primary_heuristic,food_drink,general_english,,Food and drink | Food and drink,candidate,unreviewed,confirm_sense | confirm_primary_stage | add_learner_definition_en | add_learner_meaning_vi | add_forms_and_grammar | add_example_and_media
pv_medical_adjective,medical,adjective,unspecified,A2,A2,A2_2,cefrj_plus_primary_heuristic,general_language,general_english,,,candidate,unreviewed,confirm_sense | confirm_primary_stage | add_learner_definition_en | add_learner_meaning_vi | add_forms_and_grammar | add_example_and_media
pv_medicine_noun,medicine,noun,unspecified,A1,A1,A1_2,cefrj_plus_primary_heuristic,travel_transport,general_english,,Travel and services vocab | Health and body care,candidate,unreviewed,confirm_sense | confirm_primary_stage | add_learner_definition_en | add_learner_meaning_vi | add_forms_and_grammar | add_example_and_media
pv_meet_verb,meet,verb,unspecified,A1,A1,A1_1,cefrj_plus_primary_heuristic,general_language,general_english,,,candidate,unreviewed,confirm_sense | confirm_primary_stage | add_learner_definition_en | add_learner_meaning_vi | add_forms_and_grammar | add_example_and_media
pv_meeting_noun,meeting,noun,unspecified,A1,A1,A1_2,cefrj_plus_primary_heuristic,social_communication,general_english,,Relations with other people,candidate,unreviewed,confirm_sense | confirm_primary_stage | add_learner_definition_en | add_learner_meaning_vi | add_forms_and_grammar | add_example_and_media
pv_memory_noun,memory,noun,unspecified,A1,A1,A1_1,cefrj_plus_primary_heuristic,general_language,general_english,,,candidate,unreviewed,confirm_sense | confirm_primary_stage | add_learner_definition_en | add_learner_meaning_vi | add_forms_and_grammar | add_example_and_media
pv_menu_noun,menu,noun,unspecified,A1,A1,A1_2,primary_curriculum_decision,platform_navigation,digital_literacy,,,candidate,unreviewed,confirm_sense | confirm_primary_stage | add_learner_definition_en | add_learner_meaning_vi | add_forms_and_grammar | add_example_and_media
pv_merry_adjective,merry,adjective,unspecified,A1,PRE_A1,PRE_A1_1,cefrj_plus_primary_heuristic,general_language,general_english,,,candidate,unreviewed,confirm_sense | confirm_primary_stage | add_learner_definition_en | add_learner_meaning_vi | add_forms_and_grammar | add_example_and_media
pv_message_noun,message,noun,unspecified,A1,A1,A1_2,cefrj_plus_primary_heuristic,digital_media,digital_literacy,,Media | Services,candidate,unreviewed,confirm_sense | confirm_primary_stage | add_learner_definition_en | add_learner_meaning_vi | add_forms_and_grammar | add_example_and_media
pv_middle_adjective,middle,adjective,unspecified,A1,A1,A1_2,cefrj_plus_primary_heuristic,general_language,general_english,,,candidate,unreviewed,confirm_sense | confirm_primary_stage | add_learner_definition_en | add_learner_meaning_vi | add_forms_and_grammar | add_example_and_media
pv_might_modal,might,modal,unspecified,A2,A2,A2_1,cefrj_plus_primary_heuristic,general_language,general_english,,,candidate,unreviewed,confirm_sense | confirm_primary_stage | add_learner_definition_en | add_learner_meaning_vi | add_forms_and_grammar | add_example_and_media
pv_military_adjective,military,adjective,unspecified,A2,A2,A2_2,cefrj_plus_primary_heuristic,general_language,general_english,,,candidate,unreviewed,confirm_sense | confirm_primary_stage | add_learner_definition_en | add_learner_meaning_vi | add_forms_and_grammar | add_example_and_media
pv_milk_noun,milk,noun,unspecified,A1,PRE_A1,PRE_A1_2,cefrj_plus_primary_heuristic,food_drink,general_english,,Food and drink | Food and drink,candidate,unreviewed,confirm_sense | confirm_primary_stage | add_learner_definition_en | add_learner_meaning_vi | add_forms_and_grammar | add_example_and_media
pv_million_number,million,number,unspecified,A2,A2,A2_1,cefrj_plus_primary_heuristic,general_language,general_english,,,candidate,unreviewed,confirm_sense | confirm_primary_stage | add_learner_definition_en | add_learner_meaning_vi | add_forms_and_grammar | add_example_and_media
pv_mind_noun,mind,noun,unspecified,A1,A1,A1_1,cefrj_plus_primary_heuristic,general_language,general_english,,,candidate,unreviewed,confirm_sense | confirm_primary_stage | add_learner_definition_en | add_learner_meaning_vi | add_forms_and_grammar | add_example_and_media
pv_mind_verb,mind,verb,unspecified,A2,A2,A2_1,cefrj_plus_primary_heuristic,general_language,general_english,,,candidate,unreviewed,confirm_sense | confirm_primary_stage | add_learner_definition_en | add_learner_meaning_vi | add_forms_and_grammar | add_example_and_media
pv_mine_pronoun,mine,pronoun,unspecified,A1,PRE_A1,PRE_A1_1,cefrj_plus_primary_heuristic,general_language,general_english,,,candidate,unreviewed,confirm_sense | confirm_primary_stage | add_learner_definition_en | add_learner_meaning_vi | add_forms_and_grammar | add_example_and_media
pv_minute_noun,minute,noun,unspecified,A1,A1,A1_2,cefrj_plus_primary_heuristic,general_language,general_english,,,candidate,unreviewed,confirm_sense | confirm_primary_stage | add_learner_definition_en | add_learner_meaning_vi | add_forms_and_grammar | add_example_and_media
pv_mirror_noun,mirror,noun,unspecified,A2,A2,A2_2,cefrj_plus_primary_heuristic,shopping_money,general_english,,Shopping,candidate,unreviewed,confirm_sense | confirm_primary_stage | add_learner_definition_en | add_learner_meaning_vi | add_forms_and_grammar | add_example_and_media
pv_miss_noun,Miss,noun,unspecified,A1,A1,A1_2,cefrj_plus_primary_heuristic,people_identity,general_english,,Personal identification,candidate,unreviewed,confirm_sense | confirm_primary_stage | add_learner_definition_en | add_learner_meaning_vi | add_forms_and_grammar | add_example_and_media
pv_miss_verb,miss,verb,unspecified,A1,PRE_A1,PRE_A1_2,cefrj_plus_primary_heuristic,general_language,general_english,,,candidate,unreviewed,confirm_sense | confirm_primary_stage | add_learner_definition_en | add_learner_meaning_vi | add_forms_and_grammar | add_example_and_media
pv_missing_adjective,missing,adjective,unspecified,A2,A2,A2_1,cefrj_plus_primary_heuristic,general_language,general_english,,,candidate,unreviewed,confirm_sense | confirm_primary_stage | add_learner_definition_en | add_learner_meaning_vi | add_forms_and_grammar | add_example_and_media
pv_mobile_adjective,mobile,adjective,unspecified,A2,A2,A2_2,cefrj_plus_primary_heuristic,general_language,general_english,,,candidate,unreviewed,confirm_sense | confirm_primary_stage | add_learner_definition_en | add_learner_meaning_vi | add_forms_and_grammar | add_example_and_media
pv_mobile_noun,mobile,noun,unspecified,A1,PRE_A1,PRE_A1_2,cefrj_plus_primary_heuristic,home_objects,general_english,,"Objects and rooms | House and home, environment",candidate,unreviewed,confirm_sense | confirm_primary_stage | add_learner_definition_en | add_learner_meaning_vi | add_forms_and_grammar | add_example_and_media
pv_mobile_phone_noun,mobile phone,noun,unspecified,A1,PRE_A1,PRE_A1_1,cefrj_plus_primary_heuristic,home_objects,general_english,,"Objects and rooms | House and home, environment",candidate,unreviewed,confirm_sense | confirm_primary_stage | add_learner_definition_en | add_learner_meaning_vi | add_forms_and_grammar | add_example_and_media
pv_modern_adjective,modern,adjective,unspecified,A2,A2,A2_1,cefrj_plus_primary_heuristic,general_language,general_english,,,candidate,unreviewed,confirm_sense | confirm_primary_stage | add_learner_definition_en | add_learner_meaning_vi | add_forms_and_grammar | add_example_and_media
pv_mom_noun,mom,noun,unspecified,A1,PRE_A1,PRE_A1_2,cefrj_plus_primary_heuristic,family_friends,general_english,,Family life | Personal identification,candidate,unreviewed,confirm_sense | confirm_primary_stage | add_learner_definition_en | add_learner_meaning_vi | add_forms_and_grammar | add_example_and_media
pv_moment_noun,moment,noun,unspecified,A1,A1,A1_2,cefrj_plus_primary_heuristic,general_language,general_english,,,candidate,unreviewed,confirm_sense | confirm_primary_stage | add_learner_definition_en | add_learner_meaning_vi | add_forms_and_grammar | add_example_and_media
pv_mommy_noun,mommy,noun,unspecified,A1,PRE_A1,PRE_A1_2,cefrj_plus_primary_heuristic,general_language,general_english,mommie,,candidate,unreviewed,confirm_sense | confirm_primary_stage | add_learner_definition_en | add_learner_meaning_vi | add_forms_and_grammar | add_example_and_media
pv_monday_noun,Monday,noun,unspecified,A1,A1,A1_1,cefrj_plus_primary_heuristic,general_language,general_english,,,candidate,unreviewed,confirm_sense | confirm_primary_stage | add_learner_definition_en | add_learner_meaning_vi | add_forms_and_grammar | add_example_and_media
pv_money_noun,money,noun,unspecified,A1,PRE_A1,PRE_A1_2,cefrj_plus_primary_heuristic,shopping_money,general_english,,Shopping | Shopping,candidate,unreviewed,confirm_sense | confirm_primary_stage | add_learner_definition_en | add_learner_meaning_vi | add_forms_and_grammar | add_example_and_media
pv_monkey_noun,monkey,noun,unspecified,A1,PRE_A1,PRE_A1_2,cefrj_plus_primary_heuristic,general_language,general_english,,,candidate,unreviewed,confirm_sense | confirm_primary_stage | add_learner_definition_en | add_learner_meaning_vi | add_forms_and_grammar | add_example_and_media
pv_month_noun,month,noun,unspecified,A1,PRE_A1,PRE_A1_1,cefrj_plus_primary_heuristic,general_language,general_english,,,candidate,unreviewed,confirm_sense | confirm_primary_stage | add_learner_definition_en | add_learner_meaning_vi | add_forms_and_grammar | add_example_and_media
pv_moon_noun,moon,noun,unspecified,A1,A1,A1_1,cefrj_plus_primary_heuristic,general_language,general_english,,,candidate,unreviewed,confirm_sense | confirm_primary_stage | add_learner_definition_en | add_learner_meaning_vi | add_forms_and_grammar | add_example_and_media
pv_more_determiner,more,determiner,unspecified,A1,PRE_A1,PRE_A1_2,cefrj_plus_primary_heuristic,general_language,general_english,,,candidate,unreviewed,confirm_sense | confirm_primary_stage | add_learner_definition_en | add_learner_meaning_vi | add_forms_and_grammar | add_example_and_media
pv_more_pronoun,more,pronoun,unspecified,A1,PRE_A1,PRE_A1_2,cefrj_plus_primary_heuristic,general_language,general_english,,,candidate,unreviewed,confirm_sense | confirm_primary_stage | add_learner_definition_en | add_learner_meaning_vi | add_forms_and_grammar | add_example_and_media
pv_morning_noun,morning,noun,unspecified,A1,A1,A1_2,cefrj_plus_primary_heuristic,general_language,general_english,,,candidate,unreviewed,confirm_sense | confirm_primary_stage | add_learner_definition_en | add_learner_meaning_vi | add_forms_and_grammar | add_example_and_media
pv_mosque_noun,mosque,noun,unspecified,A2,A2,A2_2,cefrj_plus_primary_heuristic,home_environment,general_english,,"House and home, environment",candidate,unreviewed,confirm_sense | confirm_primary_stage | add_learner_definition_en | add_learner_meaning_vi | add_forms_and_grammar | add_example_and_media
pv_most_adverb,most,adverb,unspecified,A2,A2,A2_1,cefrj_plus_primary_heuristic,general_language,general_english,,,candidate,unreviewed,confirm_sense | confirm_primary_stage | add_learner_definition_en | add_learner_meaning_vi | add_forms_and_grammar | add_example_and_media
pv_most_determiner,most,determiner,unspecified,A1,PRE_A1,PRE_A1_1,cefrj_plus_primary_heuristic,general_language,general_english,,,candidate,unreviewed,confirm_sense | confirm_primary_stage | add_learner_definition_en | add_learner_meaning_vi | add_forms_and_grammar | add_example_and_media
pv_most_pronoun,most,pronoun,unspecified,A2,A2,A2_1,cefrj_plus_primary_heuristic,general_language,general_english,,,candidate,unreviewed,confirm_sense | confirm_primary_stage | add_learner_definition_en | add_learner_meaning_vi | add_forms_and_grammar | add_example_and_media
pv_mostly_adverb,mostly,adverb,unspecified,A2,A2,A2_2,cefrj_plus_primary_heuristic,general_language,general_english,,,candidate,unreviewed,confirm_sense | confirm_primary_stage | add_learner_definition_en | add_learner_meaning_vi | add_forms_and_grammar | add_example_and_media
pv_mother_noun,mother,noun,unspecified,A1,PRE_A1,PRE_A1_2,cefrj_plus_primary_heuristic,family_friends,general_english,,Family life | Personal identification,candidate,unreviewed,confirm_sense | confirm_primary_stage | add_learner_definition_en | add_learner_meaning_vi | add_forms_and_grammar | add_example_and_media
pv_motorway_noun,motorway,noun,unspecified,A2,A2,A2_1,cefrj_plus_primary_heuristic,travel_transport,general_english,,Travel,candidate,unreviewed,confirm_sense | confirm_primary_stage | add_learner_definition_en | add_learner_meaning_vi | add_forms_and_grammar | add_example_and_media
pv_mountain_noun,mountain,noun,unspecified,A1,PRE_A1,PRE_A1_1,cefrj_plus_primary_heuristic,world_places,general_english,,"Nationalities and countries | House and home, environment",candidate,unreviewed,confirm_sense | confirm_primary_stage | add_learner_definition_en | add_learner_meaning_vi | add_forms_and_grammar | add_example_and_media
pv_mouse_noun,mouse,noun,unspecified,A1,A1,A1_1,cefrj_plus_primary_heuristic,general_language,general_english,,,candidate,unreviewed,confirm_sense | confirm_primary_stage | add_learner_definition_en | add_learner_meaning_vi | add_forms_and_grammar | add_example_and_media
pv_mouth_noun,mouth,noun,unspecified,A1,PRE_A1,PRE_A1_2,cefrj_plus_primary_heuristic,body_health,general_english,,Health and body care,candidate,unreviewed,confirm_sense | confirm_primary_stage | add_learner_definition_en | add_learner_meaning_vi | add_forms_and_grammar | add_example_and_media
pv_move_noun,move,noun,unspecified,A1,A1,A1_1,cefrj_plus_primary_heuristic,general_language,general_english,,,candidate,unreviewed,confirm_sense | confirm_primary_stage | add_learner_definition_en | add_learner_meaning_vi | add_forms_and_grammar | add_example_and_media
pv_movie_noun,movie,noun,unspecified,A1,A1,A1_2,cefrj_plus_primary_heuristic,arts_media,general_english,,"Film | Hobbies and pastimes | Free time, entertainment",candidate,unreviewed,confirm_sense | confirm_primary_stage | add_learner_definition_en | add_learner_meaning_vi | add_forms_and_grammar | add_example_and_media
pv_mr_noun,Mr.,noun,unspecified,A1,A1,A1_1,cefrj_plus_primary_heuristic,people_identity,general_english,Mr,Personal identification,candidate,unreviewed,confirm_sense | confirm_primary_stage | add_learner_definition_en | add_learner_meaning_vi | add_forms_and_grammar | add_example_and_media
pv_mrs_noun,Mrs.,noun,unspecified,A1,PRE_A1,PRE_A1_2,cefrj_plus_primary_heuristic,people_identity,general_english,Mrs,Personal identification,candidate,unreviewed,confirm_sense | confirm_primary_stage | add_learner_definition_en | add_learner_meaning_vi | add_forms_and_grammar | add_example_and_media
pv_ms_noun,Ms.,noun,unspecified,A2,A2,A2_2,cefrj_plus_primary_heuristic,people_identity,general_english,Ms,Personal identification,candidate,unreviewed,confirm_sense | confirm_primary_stage | add_learner_definition_en | add_learner_meaning_vi | add_forms_and_grammar | add_example_and_media
pv_much_adverb,much,adverb,unspecified,A1,PRE_A1,PRE_A1_2,cefrj_plus_primary_heuristic,general_language,general_english,,,candidate,unreviewed,confirm_sense | confirm_primary_stage | add_learner_definition_en | add_learner_meaning_vi | add_forms_and_grammar | add_example_and_media
pv_much_determiner,much,determiner,unspecified,A1,PRE_A1,PRE_A1_2,cefrj_plus_primary_heuristic,general_language,general_english,,,candidate,unreviewed,confirm_sense | confirm_primary_stage | add_learner_definition_en | add_learner_meaning_vi | add_forms_and_grammar | add_example_and_media
pv_much_pronoun,much,pronoun,unspecified,A1,PRE_A1,PRE_A1_2,cefrj_plus_primary_heuristic,general_language,general_english,,,candidate,unreviewed,confirm_sense | confirm_primary_stage | add_learner_definition_en | add_learner_meaning_vi | add_forms_and_grammar | add_example_and_media
pv_mug_noun,mug,noun,unspecified,A2,A2,A2_2,cefrj_plus_primary_heuristic,shopping_money,general_english,,Shopping,candidate,unreviewed,confirm_sense | confirm_primary_stage | add_learner_definition_en | add_learner_meaning_vi | add_forms_and_grammar | add_example_and_media
pv_mum_noun,mum,noun,unspecified,A1,PRE_A1,PRE_A1_2,cefrj_plus_primary_heuristic,family_friends,general_english,,Family life | Personal identification,candidate,unreviewed,confirm_sense | confirm_primary_stage | add_learner_definition_en | add_learner_meaning_vi | add_forms_and_grammar | add_example_and_media
pv_music_noun,music,noun,unspecified,A1,A1,A1_1,cefrj_plus_primary_heuristic,hobbies_free_time,general_english,,"Hobbies and pastimes | Free time, entertainment",candidate,unreviewed,confirm_sense | confirm_primary_stage | add_learner_definition_en | add_learner_meaning_vi | add_forms_and_grammar | add_example_and_media
pv_musical_adjective,musical,adjective,unspecified,A2,A2,A2_2,cefrj_plus_primary_heuristic,general_language,general_english,,,candidate,unreviewed,confirm_sense | confirm_primary_stage | add_learner_definition_en | add_learner_meaning_vi | add_forms_and_grammar | add_example_and_media
pv_musician_noun,musician,noun,unspecified,A1,A1,A1_2,cefrj_plus_primary_heuristic,jobs_community,general_english,,Work and Jobs | Personal identification,candidate,unreviewed,confirm_sense | confirm_primary_stage | add_learner_definition_en | add_learner_meaning_vi | add_forms_and_grammar | add_example_and_media
pv_must_modal,must,modal,unspecified,A1,PRE_A1,PRE_A1_1,cefrj_plus_primary_heuristic,general_language,general_english,,,candidate,unreviewed,confirm_sense | confirm_primary_stage | add_learner_definition_en | add_learner_meaning_vi | add_forms_and_grammar | add_example_and_media
pv_my_determiner,my,determiner,unspecified,A1,PRE_A1,PRE_A1_1,cefrj_plus_primary_heuristic,general_language,general_english,,,candidate,unreviewed,confirm_sense | confirm_primary_stage | add_learner_definition_en | add_learner_meaning_vi | add_forms_and_grammar | add_example_and_media
pv_myself_pronoun,myself,pronoun,unspecified,A2,A2,A2_2,cefrj_plus_primary_heuristic,general_language,general_english,,,candidate,unreviewed,confirm_sense | confirm_primary_stage | add_learner_definition_en | add_learner_meaning_vi | add_forms_and_grammar | add_example_and_media
pv_name_noun,name,noun,unspecified,A1,PRE_A1,PRE_A1_2,cefrj_plus_primary_heuristic,personal_information,general_english,,Personal information | Personal identification,candidate,unreviewed,confirm_sense | confirm_primary_stage | add_learner_definition_en | add_learner_meaning_vi | add_forms_and_grammar | add_example_and_media
pv_nation_noun,nation,noun,unspecified,A2,A2,A2_2,cefrj_plus_primary_heuristic,world_places,general_english,,Nationalities and countries | Places,candidate,unreviewed,confirm_sense | confirm_primary_stage | add_learner_definition_en | add_learner_meaning_vi | add_forms_and_grammar | add_example_and_media
pv_national_adjective,national,adjective,unspecified,A2,A2,A2_2,cefrj_plus_primary_heuristic,general_language,general_english,,,candidate,unreviewed,confirm_sense | confirm_primary_stage | add_learner_definition_en | add_learner_meaning_vi | add_forms_and_grammar | add_example_and_media
pv_nationality_noun,nationality,noun,unspecified,A1,PRE_A1,PRE_A1_1,cefrj_plus_primary_heuristic,world_places,general_english,,Nationalities and countries | Personal identification,candidate,unreviewed,confirm_sense | confirm_primary_stage | add_learner_definition_en | add_learner_meaning_vi | add_forms_and_grammar | add_example_and_media
pv_native_adjective,native,adjective,unspecified,A2,A2,A2_2,cefrj_plus_primary_heuristic,general_language,general_english,,,candidate,unreviewed,confirm_sense | confirm_primary_stage | add_learner_definition_en | add_learner_meaning_vi | add_forms_and_grammar | add_example_and_media
pv_natural_adjective,natural,adjective,unspecified,A2,A2,A2_1,cefrj_plus_primary_heuristic,general_language,general_english,,,candidate,unreviewed,confirm_sense | confirm_primary_stage | add_learner_definition_en | add_learner_meaning_vi | add_forms_and_grammar | add_example_and_media
pv_nature_noun,nature,noun,unspecified,A1,PRE_A1,PRE_A1_2,primary_curriculum_decision,animals_nature,general_english,,,candidate,unreviewed,confirm_sense | confirm_primary_stage | add_learner_definition_en | add_learner_meaning_vi | add_forms_and_grammar | add_example_and_media
pv_near_preposition,near,preposition,unspecified,A1,PRE_A1,PRE_A1_2,cefrj_plus_primary_heuristic,general_language,general_english,,,candidate,unreviewed,confirm_sense | confirm_primary_stage | add_learner_definition_en | add_learner_meaning_vi | add_forms_and_grammar | add_example_and_media
pv_nearly_adverb,nearly,adverb,unspecified,A2,A2,A2_2,cefrj_plus_primary_heuristic,general_language,general_english,,,candidate,unreviewed,confirm_sense | confirm_primary_stage | add_learner_definition_en | add_learner_meaning_vi | add_forms_and_grammar | add_example_and_media
pv_necessary_adjective,necessary,adjective,unspecified,A2,A2,A2_1,cefrj_plus_primary_heuristic,general_language,general_english,,,candidate,unreviewed,confirm_sense | confirm_primary_stage | add_learner_definition_en | add_learner_meaning_vi | add_forms_and_grammar | add_example_and_media
pv_neck_noun,neck,noun,unspecified,A1,PRE_A1,PRE_A1_2,cefrj_plus_primary_heuristic,body_health,general_english,,Health and body care,candidate,unreviewed,confirm_sense | confirm_primary_stage | add_learner_definition_en | add_learner_meaning_vi | add_forms_and_grammar | add_example_and_media
pv_need_modal,need,modal,unspecified,A1,PRE_A1,PRE_A1_1,cefrj_plus_primary_heuristic,general_language,general_english,,,candidate,unreviewed,confirm_sense | confirm_primary_stage | add_learner_definition_en | add_learner_meaning_vi | add_forms_and_grammar | add_example_and_media
pv_need_verb,need,verb,unspecified,A2,A2,A2_2,cefrj_plus_primary_heuristic,general_language,general_english,,,candidate,unreviewed,confirm_sense | confirm_primary_stage | add_learner_definition_en | add_learner_meaning_vi | add_forms_and_grammar | add_example_and_media
pv_negative_adjective,negative,adjective,unspecified,A2,A2,A2_2,cefrj_plus_primary_heuristic,general_language,general_english,,,candidate,unreviewed,confirm_sense | confirm_primary_stage | add_learner_definition_en | add_learner_meaning_vi | add_forms_and_grammar | add_example_and_media
pv_neighbor_noun,neighbor,noun,unspecified,A1,PRE_A1,PRE_A1_2,cefrj_plus_primary_heuristic,family_friends,general_english,neighbour,Family life | Relations with other people,candidate,unreviewed,confirm_sense | confirm_primary_stage | add_learner_definition_en | add_learner_meaning_vi | add_forms_and_grammar | add_example_and_media
pv_nervous_adjective,nervous,adjective,unspecified,A2,A2,A2_1,cefrj_plus_primary_heuristic,general_language,general_english,,,candidate,unreviewed,confirm_sense | confirm_primary_stage | add_learner_definition_en | add_learner_meaning_vi | add_forms_and_grammar | add_example_and_media
pv_net_adjective,net,adjective,unspecified,A2,A2,A2_2,cefrj_plus_primary_heuristic,general_language,general_english,,,candidate,unreviewed,confirm_sense | confirm_primary_stage | add_learner_definition_en | add_learner_meaning_vi | add_forms_and_grammar | add_example_and_media
pv_never_adverb,never,adverb,unspecified,A1,A1,A1_1,cefrj_plus_primary_heuristic,general_language,general_english,,,candidate,unreviewed,confirm_sense | confirm_primary_stage | add_learner_definition_en | add_learner_meaning_vi | add_forms_and_grammar | add_example_and_media
pv_new_adjective,new,adjective,unspecified,A1,PRE_A1,PRE_A1_2,cefrj_plus_primary_heuristic,general_language,general_english,,,candidate,unreviewed,confirm_sense | confirm_primary_stage | add_learner_definition_en | add_learner_meaning_vi | add_forms_and_grammar | add_example_and_media
pv_news_noun,news,noun,unspecified,A1,PRE_A1,PRE_A1_1,cefrj_plus_primary_heuristic,global_citizenship,global_studies,,"News, lifestyles and current affairs | Free time, entertainment",candidate,unreviewed,confirm_sense | confirm_primary_stage | add_learner_definition_en | add_learner_meaning_vi | add_forms_and_grammar | add_example_and_media
pv_newspaper_noun,newspaper,noun,unspecified,A1,PRE_A1,PRE_A1_2,cefrj_plus_primary_heuristic,home_objects,general_english,,"Objects and rooms | Free time, entertainment",candidate,unreviewed,confirm_sense | confirm_primary_stage | add_learner_definition_en | add_learner_meaning_vi | add_forms_and_grammar | add_example_and_media
pv_next_adverb,next,adverb,unspecified,A2,A2,A2_2,cefrj_plus_primary_heuristic,general_language,general_english,,,candidate,unreviewed,confirm_sense | confirm_primary_stage | add_learner_definition_en | add_learner_meaning_vi | add_forms_and_grammar | add_example_and_media
pv_next_determiner,next,determiner,unspecified,A2,A2,A2_2,cefrj_plus_primary_heuristic,general_language,general_english,,,candidate,unreviewed,confirm_sense | confirm_primary_stage | add_learner_definition_en | add_learner_meaning_vi | add_forms_and_grammar | add_example_and_media
pv_next_to_preposition,next to,preposition,unspecified,A2,A2,A2_1,cefrj_plus_primary_heuristic,general_language,general_english,,,candidate,unreviewed,confirm_sense | confirm_primary_stage | add_learner_definition_en | add_learner_meaning_vi | add_forms_and_grammar | add_example_and_media
pv_nice_adjective,nice,adjective,unspecified,A1,A1,A1_1,cefrj_plus_primary_heuristic,general_language,general_english,,,candidate,unreviewed,confirm_sense | confirm_primary_stage | add_learner_definition_en | add_learner_meaning_vi | add_forms_and_grammar | add_example_and_media
pv_night_noun,night,noun,unspecified,A1,PRE_A1,PRE_A1_2,cefrj_plus_primary_heuristic,general_language,general_english,,,candidate,unreviewed,confirm_sense | confirm_primary_stage | add_learner_definition_en | add_learner_meaning_vi | add_forms_and_grammar | add_example_and_media
pv_nine_number,nine,number,unspecified,A1,PRE_A1,PRE_A1_1,cefrj_plus_primary_heuristic,general_language,general_english,,,candidate,unreviewed,confirm_sense | confirm_primary_stage | add_learner_definition_en | add_learner_meaning_vi | add_forms_and_grammar | add_example_and_media
pv_nineteen_number,nineteen,number,unspecified,A1,PRE_A1,PRE_A1_1,cefrj_plus_primary_heuristic,general_language,general_english,,,candidate,unreviewed,confirm_sense | confirm_primary_stage | add_learner_definition_en | add_learner_meaning_vi | add_forms_and_grammar | add_example_and_media
pv_ninety_number,ninety,number,unspecified,A1,PRE_A1,PRE_A1_2,cefrj_plus_primary_heuristic,general_language,general_english,,,candidate,unreviewed,confirm_sense | confirm_primary_stage | add_learner_definition_en | add_learner_meaning_vi | add_forms_and_grammar | add_example_and_media
pv_no_adverb,no,adverb,unspecified,A1,PRE_A1,PRE_A1_2,cefrj_plus_primary_heuristic,general_language,general_english,,,candidate,unreviewed,confirm_sense | confirm_primary_stage | add_learner_definition_en | add_learner_meaning_vi | add_forms_and_grammar | add_example_and_media
pv_no_determiner,no,determiner,unspecified,A1,PRE_A1,PRE_A1_2,cefrj_plus_primary_heuristic,general_language,general_english,,,candidate,unreviewed,confirm_sense | confirm_primary_stage | add_learner_definition_en | add_learner_meaning_vi | add_forms_and_grammar | add_example_and_media
pv_no_one_pronoun,no one,pronoun,unspecified,A2,A2,A2_1,cefrj_plus_primary_heuristic,general_language,general_english,,,candidate,unreviewed,confirm_sense | confirm_primary_stage | add_learner_definition_en | add_learner_meaning_vi | add_forms_and_grammar | add_example_and_media
pv_nobody_pronoun,nobody,pronoun,unspecified,A2,A2,A2_1,cefrj_plus_primary_heuristic,general_language,general_english,,,candidate,unreviewed,confirm_sense | confirm_primary_stage | add_learner_definition_en | add_learner_meaning_vi | add_forms_and_grammar | add_example_and_media
pv_noise_noun,noise,noun,unspecified,A1,A1,A1_1,cefrj_plus_primary_heuristic,general_language,general_english,,,candidate,unreviewed,confirm_sense | confirm_primary_stage | add_learner_definition_en | add_learner_meaning_vi | add_forms_and_grammar | add_example_and_media
pv_normal_adjective,normal,adjective,unspecified,A2,A2,A2_1,cefrj_plus_primary_heuristic,general_language,general_english,,,candidate,unreviewed,confirm_sense | confirm_primary_stage | add_learner_definition_en | add_learner_meaning_vi | add_forms_and_grammar | add_example_and_media
pv_north_adjective,north,adjective,unspecified,A2,A2,A2_1,cefrj_plus_primary_heuristic,general_language,general_english,,,candidate,unreviewed,confirm_sense | confirm_primary_stage | add_learner_definition_en | add_learner_meaning_vi | add_forms_and_grammar | add_example_and_media
pv_north_adverb,north,adverb,unspecified,A2,A2,A2_1,cefrj_plus_primary_heuristic,general_language,general_english,,,candidate,unreviewed,confirm_sense | confirm_primary_stage | add_learner_definition_en | add_learner_meaning_vi | add_forms_and_grammar | add_example_and_media
pv_nose_noun,nose,noun,unspecified,A1,PRE_A1,PRE_A1_2,cefrj_plus_primary_heuristic,body_health,general_english,,Health and body care,candidate,unreviewed,confirm_sense | confirm_primary_stage | add_learner_definition_en | add_learner_meaning_vi | add_forms_and_grammar | add_example_and_media
pv_not_adverb,not,adverb,unspecified,A1,A1,A1_2,cefrj_plus_primary_heuristic,general_language,general_english,,,candidate,unreviewed,confirm_sense | confirm_primary_stage | add_learner_definition_en | add_learner_meaning_vi | add_forms_and_grammar | add_example_and_media
pv_note_noun,note,noun,unspecified,A1,PRE_A1,PRE_A1_2,cefrj_plus_primary_heuristic,home_objects,general_english,,Objects and rooms | Shopping,candidate,unreviewed,confirm_sense | confirm_primary_stage | add_learner_definition_en | add_learner_meaning_vi | add_forms_and_grammar | add_example_and_media
pv_note_verb,note,verb,unspecified,A1,PRE_A1,PRE_A1_1,cefrj_plus_primary_heuristic,general_language,general_english,,,candidate,unreviewed,confirm_sense | confirm_primary_stage | add_learner_definition_en | add_learner_meaning_vi | add_forms_and_grammar | add_example_and_media
pv_notebook_noun,notebook,noun,unspecified,A1,PRE_A1,PRE_A1_2,cefrj_plus_primary_heuristic,home_objects,general_english,,Objects and rooms | Shopping,candidate,unreviewed,confirm_sense | confirm_primary_stage | add_learner_definition_en | add_learner_meaning_vi | add_forms_and_grammar | add_example_and_media
pv_nothing_pronoun,nothing,pronoun,unspecified,A1,PRE_A1,PRE_A1_1,cefrj_plus_primary_heuristic,general_language,general_english,,,candidate,unreviewed,confirm_sense | confirm_primary_stage | add_learner_definition_en | add_learner_meaning_vi | add_forms_and_grammar | add_example_and_media
pv_noun_noun,noun,noun,unspecified,A2,A2,A2_2,cefrj_plus_primary_heuristic,school_learning,general_english,,Education | Language,candidate,unreviewed,confirm_sense | confirm_primary_stage | add_learner_definition_en | add_learner_meaning_vi | add_forms_and_grammar | add_example_and_media
pv_novel_noun,novel,noun,unspecified,A2,A2,A2_1,cefrj_plus_primary_heuristic,school_learning,general_english,,Education | Education,candidate,unreviewed,confirm_sense | confirm_primary_stage | add_learner_definition_en | add_learner_meaning_vi | add_forms_and_grammar | add_example_and_media
pv_november_noun,November,noun,unspecified,A1,PRE_A1,PRE_A1_1,cefrj_plus_primary_heuristic,general_language,general_english,,,candidate,unreviewed,confirm_sense | confirm_primary_stage | add_learner_definition_en | add_learner_meaning_vi | add_forms_and_grammar | add_example_and_media
pv_now_adverb,now,adverb,unspecified,A1,A1,A1_2,cefrj_plus_primary_heuristic,general_language,general_english,,,candidate,unreviewed,confirm_sense | confirm_primary_stage | add_learner_definition_en | add_learner_meaning_vi | add_forms_and_grammar | add_example_and_media
pv_nowadays_adverb,nowadays,adverb,unspecified,A2,A2,A2_1,cefrj_plus_primary_heuristic,general_language,general_english,,,candidate,unreviewed,confirm_sense | confirm_primary_stage | add_learner_definition_en | add_learner_meaning_vi | add_forms_and_grammar | add_example_and_media
pv_number_noun,number,noun,unspecified,A1,A1,A1_2,cefrj_plus_primary_heuristic,people_identity,general_english,,Personal identification,candidate,unreviewed,confirm_sense | confirm_primary_stage | add_learner_definition_en | add_learner_meaning_vi | add_forms_and_grammar | add_example_and_media
pv_nurse_noun,nurse,noun,unspecified,A1,PRE_A1,PRE_A1_1,cefrj_plus_primary_heuristic,jobs_community,general_english,,Work and Jobs | Travel and services vocab | Personal identification,candidate,unreviewed,confirm_sense | confirm_primary_stage | add_learner_definition_en | add_learner_meaning_vi | add_forms_and_grammar | add_example_and_media
pv_o_clock_adverb,o'clock,adverb,unspecified,A1,PRE_A1,PRE_A1_2,cefrj_plus_primary_heuristic,general_language,general_english,,,candidate,unreviewed,confirm_sense | confirm_primary_stage | add_learner_definition_en | add_learner_meaning_vi | add_forms_and_grammar | add_example_and_media
pv_occupation_noun,occupation,noun,unspecified,A2,A2,A2_1,cefrj_plus_primary_heuristic,people_identity,general_english,,Personal identification,candidate,unreviewed,confirm_sense | confirm_primary_stage | add_learner_definition_en | add_learner_meaning_vi | add_forms_and_grammar | add_example_and_media
pv_october_noun,October,noun,unspecified,A1,PRE_A1,PRE_A1_2,cefrj_plus_primary_heuristic,general_language,general_english,,,candidate,unreviewed,confirm_sense | confirm_primary_stage | add_learner_definition_en | add_learner_meaning_vi | add_forms_and_grammar | add_example_and_media
pv_of_preposition,of,preposition,unspecified,A1,PRE_A1,PRE_A1_2,cefrj_plus_primary_heuristic,general_language,general_english,,,candidate,unreviewed,confirm_sense | confirm_primary_stage | add_learner_definition_en | add_learner_meaning_vi | add_forms_and_grammar | add_example_and_media
pv_off_adjective,off,adjective,unspecified,A1,A1,A1_1,cefrj_plus_primary_heuristic,general_language,general_english,,,candidate,unreviewed,confirm_sense | confirm_primary_stage | add_learner_definition_en | add_learner_meaning_vi | add_forms_and_grammar | add_example_and_media
pv_off_adverb,off,adverb,unspecified,A2,A2,A2_1,cefrj_plus_primary_heuristic,general_language,general_english,,,candidate,unreviewed,confirm_sense | confirm_primary_stage | add_learner_definition_en | add_learner_meaning_vi | add_forms_and_grammar | add_example_and_media
pv_offer_verb,offer,verb,unspecified,A2,A2,A2_1,cefrj_plus_primary_heuristic,general_language,general_english,,,candidate,unreviewed,confirm_sense | confirm_primary_stage | add_learner_definition_en | add_learner_meaning_vi | add_forms_and_grammar | add_example_and_media
pv_office_noun,office,noun,unspecified,A1,A1,A1_2,cefrj_plus_primary_heuristic,town_services,general_english,,"Things in the town, shops and shopping | Services",candidate,unreviewed,confirm_sense | confirm_primary_stage | add_learner_definition_en | add_learner_meaning_vi | add_forms_and_grammar | add_example_and_media
pv_officer_noun,officer,noun,unspecified,A1,A1,A1_2,cefrj_plus_primary_heuristic,jobs_community,general_english,,Work and Jobs | Personal identification,candidate,unreviewed,confirm_sense | confirm_primary_stage | add_learner_definition_en | add_learner_meaning_vi | add_forms_and_grammar | add_example_and_media
pv_official_adjective,official,adjective,unspecified,A2,A2,A2_1,cefrj_plus_primary_heuristic,general_language,general_english,,,candidate,unreviewed,confirm_sense | confirm_primary_stage | add_learner_definition_en | add_learner_meaning_vi | add_forms_and_grammar | add_example_and_media
pv_often_adverb,often,adverb,unspecified,A1,A1,A1_1,cefrj_plus_primary_heuristic,general_language,general_english,,,candidate,unreviewed,confirm_sense | confirm_primary_stage | add_learner_definition_en | add_learner_meaning_vi | add_forms_and_grammar | add_example_and_media
pv_oil_noun,oil,noun,unspecified,A2,A2,A2_1,cefrj_plus_primary_heuristic,home_objects,general_english,,Objects and rooms | Services,candidate,unreviewed,confirm_sense | confirm_primary_stage | add_learner_definition_en | add_learner_meaning_vi | add_forms_and_grammar | add_example_and_media
pv_ok_adjective,OK,adjective,unspecified,A1,PRE_A1,PRE_A1_1,cefrj_plus_primary_heuristic,general_language,general_english,okay,,candidate,unreviewed,confirm_sense | confirm_primary_stage | add_learner_definition_en | add_learner_meaning_vi | add_forms_and_grammar | add_example_and_media
pv_ok_adverb,OK,adverb,unspecified,A1,A1,A1_1,cefrj_plus_primary_heuristic,general_language,general_english,okay,,candidate,unreviewed,confirm_sense | confirm_primary_stage | add_learner_definition_en | add_learner_meaning_vi | add_forms_and_grammar | add_example_and_media
pv_old_adjective,old,adjective,unspecified,A1,PRE_A1,PRE_A1_1,cefrj_plus_primary_heuristic,general_language,general_english,,,candidate,unreviewed,confirm_sense | confirm_primary_stage | add_learner_definition_en | add_learner_meaning_vi | add_forms_and_grammar | add_example_and_media
pv_olympics_noun,Olympics,noun,unspecified,A1,PRE_A1,PRE_A1_2,cefrj_plus_primary_heuristic,global_citizenship,global_studies,,"News, lifestyles and current affairs | Free time, entertainment",candidate,unreviewed,confirm_sense | confirm_primary_stage | add_learner_definition_en | add_learner_meaning_vi | add_forms_and_grammar | add_example_and_media
pv_on_adverb,on,adverb,unspecified,A2,A2,A2_2,cefrj_plus_primary_heuristic,general_language,general_english,,,candidate,unreviewed,confirm_sense | confirm_primary_stage | add_learner_definition_en | add_learner_meaning_vi | add_forms_and_grammar | add_example_and_media
pv_on_preposition,on,preposition,unspecified,A1,PRE_A1,PRE_A1_1,cefrj_plus_primary_heuristic,general_language,general_english,,,candidate,unreviewed,confirm_sense | confirm_primary_stage | add_learner_definition_en | add_learner_meaning_vi | add_forms_and_grammar | add_example_and_media
pv_once_adverb,once,adverb,unspecified,A1,A1,A1_2,cefrj_plus_primary_heuristic,general_language,general_english,,,candidate,unreviewed,confirm_sense | confirm_primary_stage | add_learner_definition_en | add_learner_meaning_vi | add_forms_and_grammar | add_example_and_media
pv_one_determiner,one,determiner,unspecified,A1,PRE_A1,PRE_A1_2,cefrj_plus_primary_heuristic,general_language,general_english,,,candidate,unreviewed,confirm_sense | confirm_primary_stage | add_learner_definition_en | add_learner_meaning_vi | add_forms_and_grammar | add_example_and_media
pv_one_number,one,number,unspecified,A1,PRE_A1,PRE_A1_1,cefrj_plus_primary_heuristic,general_language,general_english,,,candidate,unreviewed,confirm_sense | confirm_primary_stage | add_learner_definition_en | add_learner_meaning_vi | add_forms_and_grammar | add_example_and_media
pv_one_pronoun,one,pronoun,unspecified,A2,A2,A2_1,cefrj_plus_primary_heuristic,general_language,general_english,,,candidate,unreviewed,confirm_sense | confirm_primary_stage | add_learner_definition_en | add_learner_meaning_vi | add_forms_and_grammar | add_example_and_media
pv_onion_noun,onion,noun,unspecified,A2,A2,A2_1,cefrj_plus_primary_heuristic,food_drink,general_english,,Food and drink,candidate,unreviewed,confirm_sense | confirm_primary_stage | add_learner_definition_en | add_learner_meaning_vi | add_forms_and_grammar | add_example_and_media
pv_online_adjective,online,adjective,unspecified,A2,A2,A2_2,cefrj_plus_primary_heuristic,general_language,general_english,,,candidate,unreviewed,confirm_sense | confirm_primary_stage | add_learner_definition_en | add_learner_meaning_vi | add_forms_and_grammar | add_example_and_media
pv_online_adverb,online,adverb,unspecified,A2,A2,A2_2,cefrj_plus_primary_heuristic,general_language,general_english,,,candidate,unreviewed,confirm_sense | confirm_primary_stage | add_learner_definition_en | add_learner_meaning_vi | add_forms_and_grammar | add_example_and_media
pv_only_adjective,only,adjective,unspecified,A1,A1,A1_1,cefrj_plus_primary_heuristic,general_language,general_english,,,candidate,unreviewed,confirm_sense | confirm_primary_stage | add_learner_definition_en | add_learner_meaning_vi | add_forms_and_grammar | add_example_and_media
pv_only_adverb,only,adverb,unspecified,A1,A1,A1_2,cefrj_plus_primary_heuristic,general_language,general_english,,,candidate,unreviewed,confirm_sense | confirm_primary_stage | add_learner_definition_en | add_learner_meaning_vi | add_forms_and_grammar | add_example_and_media
pv_open_adjective,open,adjective,unspecified,A1,A1,A1_2,cefrj_plus_primary_heuristic,general_language,general_english,,,candidate,unreviewed,confirm_sense | confirm_primary_stage | add_learner_definition_en | add_learner_meaning_vi | add_forms_and_grammar | add_example_and_media
pv_open_verb,open,verb,unspecified,A1,A1,A1_2,cefrj_plus_primary_heuristic,general_language,general_english,,,candidate,unreviewed,confirm_sense | confirm_primary_stage | add_learner_definition_en | add_learner_meaning_vi | add_forms_and_grammar | add_example_and_media
pv_opera_noun,opera,noun,unspecified,A1,PRE_A1,PRE_A1_2,cefrj_plus_primary_heuristic,hobbies_free_time,general_english,,"Hobbies and pastimes | Free time, entertainment",candidate,unreviewed,confirm_sense | confirm_primary_stage | add_learner_definition_en | add_learner_meaning_vi | add_forms_and_grammar | add_example_and_media
pv_operate_verb,operate,verb,unspecified,A2,A2,A2_1,cefrj_plus_primary_heuristic,general_language,general_english,,,candidate,unreviewed,confirm_sense | confirm_primary_stage | add_learner_definition_en | add_learner_meaning_vi | add_forms_and_grammar | add_example_and_media
pv_oppose_verb,oppose,verb,unspecified,A2,A2,A2_1,cefrj_plus_primary_heuristic,general_language,general_english,,,candidate,unreviewed,confirm_sense | confirm_primary_stage | add_learner_definition_en | add_learner_meaning_vi | add_forms_and_grammar | add_example_and_media
pv_opposite_adjective,opposite,adjective,unspecified,A2,A2,A2_1,cefrj_plus_primary_heuristic,general_language,general_english,,,candidate,unreviewed,confirm_sense | confirm_primary_stage | add_learner_definition_en | add_learner_meaning_vi | add_forms_and_grammar | add_example_and_media
pv_opposite_preposition,opposite,preposition,unspecified,A2,A2,A2_1,cefrj_plus_primary_heuristic,general_language,general_english,,,candidate,unreviewed,confirm_sense | confirm_primary_stage | add_learner_definition_en | add_learner_meaning_vi | add_forms_and_grammar | add_example_and_media
pv_or_conjunction,or,conjunction,unspecified,A1,PRE_A1,PRE_A1_1,cefrj_plus_primary_heuristic,general_language,general_english,,,candidate,unreviewed,confirm_sense | confirm_primary_stage | add_learner_definition_en | add_learner_meaning_vi | add_forms_and_grammar | add_example_and_media
pv_orange_adjective,orange,adjective,unspecified,A1,PRE_A1,PRE_A1_2,cefrj_plus_primary_heuristic,general_language,general_english,,,candidate,unreviewed,confirm_sense | confirm_primary_stage | add_learner_definition_en | add_learner_meaning_vi | add_forms_and_grammar | add_example_and_media
pv_orange_noun,orange,noun,unspecified,A1,A1,A1_2,cefrj_plus_primary_heuristic,food_drink,general_english,,Food and drink | Food and drink,candidate,unreviewed,confirm_sense | confirm_primary_stage | add_learner_definition_en | add_learner_meaning_vi | add_forms_and_grammar | add_example_and_media
pv_order_noun,order,noun,unspecified,A1,PRE_A1,PRE_A1_2,cefrj_plus_primary_heuristic,shopping_money,general_english,,Shopping,candidate,unreviewed,confirm_sense | confirm_primary_stage | add_learner_definition_en | add_learner_meaning_vi | add_forms_and_grammar | add_example_and_media
pv_order_verb,order,verb,unspecified,A2,A2,A2_1,cefrj_plus_primary_heuristic,general_language,general_english,,,candidate,unreviewed,confirm_sense | confirm_primary_stage | add_learner_definition_en | add_learner_meaning_vi | add_forms_and_grammar | add_example_and_media
pv_original_adjective,original,adjective,unspecified,A2,A2,A2_2,cefrj_plus_primary_heuristic,general_language,general_english,,,candidate,unreviewed,confirm_sense | confirm_primary_stage | add_learner_definition_en | add_learner_meaning_vi | add_forms_and_grammar | add_example_and_media
pv_other_determiner,other,determiner,unspecified,A1,PRE_A1,PRE_A1_2,cefrj_plus_primary_heuristic,general_language,general_english,,,candidate,unreviewed,confirm_sense | confirm_primary_stage | add_learner_definition_en | add_learner_meaning_vi | add_forms_and_grammar | add_example_and_media
pv_other_pronoun,other,pronoun,unspecified,A2,A2,A2_1,cefrj_plus_primary_heuristic,general_language,general_english,,,candidate,unreviewed,confirm_sense | confirm_primary_stage | add_learner_definition_en | add_learner_meaning_vi | add_forms_and_grammar | add_example_and_media
pv_our_determiner,our,determiner,unspecified,A1,PRE_A1,PRE_A1_1,cefrj_plus_primary_heuristic,general_language,general_english,,,candidate,unreviewed,confirm_sense | confirm_primary_stage | add_learner_definition_en | add_learner_meaning_vi | add_forms_and_grammar | add_example_and_media
pv_ours_pronoun,ours,pronoun,unspecified,A1,PRE_A1,PRE_A1_1,cefrj_plus_primary_heuristic,general_language,general_english,,,candidate,unreviewed,confirm_sense | confirm_primary_stage | add_learner_definition_en | add_learner_meaning_vi | add_forms_and_grammar | add_example_and_media
pv_ourselves_pronoun,ourselves,pronoun,unspecified,A2,A2,A2_1,cefrj_plus_primary_heuristic,general_language,general_english,,,candidate,unreviewed,confirm_sense | confirm_primary_stage | add_learner_definition_en | add_learner_meaning_vi | add_forms_and_grammar | add_example_and_media
pv_out_adverb,out,adverb,unspecified,A1,PRE_A1,PRE_A1_2,cefrj_plus_primary_heuristic,general_language,general_english,,,candidate,unreviewed,confirm_sense | confirm_primary_stage | add_learner_definition_en | add_learner_meaning_vi | add_forms_and_grammar | add_example_and_media
pv_out_of_preposition,out of,preposition,unspecified,A2,A2,A2_2,cefrj_plus_primary_heuristic,general_language,general_english,,,candidate,unreviewed,confirm_sense | confirm_primary_stage | add_learner_definition_en | add_learner_meaning_vi | add_forms_and_grammar | add_example_and_media
pv_outside_adverb,outside,adverb,unspecified,A1,A1,A1_2,cefrj_plus_primary_heuristic,general_language,general_english,,,candidate,unreviewed,confirm_sense | confirm_primary_stage | add_learner_definition_en | add_learner_meaning_vi | add_forms_and_grammar | add_example_and_media
pv_outside_preposition,outside,preposition,unspecified,A2,A2,A2_2,cefrj_plus_primary_heuristic,general_language,general_english,,,candidate,unreviewed,confirm_sense | confirm_primary_stage | add_learner_definition_en | add_learner_meaning_vi | add_forms_and_grammar | add_example_and_media
pv_oven_noun,oven,noun,unspecified,A2,A2,A2_1,cefrj_plus_primary_heuristic,home_objects,general_english,,"Objects and rooms | House and home, environment",candidate,unreviewed,confirm_sense | confirm_primary_stage | add_learner_definition_en | add_learner_meaning_vi | add_forms_and_grammar | add_example_and_media
pv_over_adverb,over,adverb,unspecified,A2,A2,A2_2,cefrj_plus_primary_heuristic,general_language,general_english,,,candidate,unreviewed,confirm_sense | confirm_primary_stage | add_learner_definition_en | add_learner_meaning_vi | add_forms_and_grammar | add_example_and_media
pv_over_preposition,over,preposition,unspecified,A1,PRE_A1,PRE_A1_2,cefrj_plus_primary_heuristic,general_language,general_english,,,candidate,unreviewed,confirm_sense | confirm_primary_stage | add_learner_definition_en | add_learner_meaning_vi | add_forms_and_grammar | add_example_and_media
pv_overseas_adverb,overseas,adverb,unspecified,A2,A2,A2_2,cefrj_plus_primary_heuristic,general_language,general_english,,,candidate,unreviewed,confirm_sense | confirm_primary_stage | add_learner_definition_en | add_learner_meaning_vi | add_forms_and_grammar | add_example_and_media
pv_overweight_adjective,overweight,adjective,unspecified,A2,A2,A2_2,cefrj_plus_primary_heuristic,general_language,general_english,,,candidate,unreviewed,confirm_sense | confirm_primary_stage | add_learner_definition_en | add_learner_meaning_vi | add_forms_and_grammar | add_example_and_media
pv_own_adjective,own,adjective,unspecified,A1,A1,A1_2,cefrj_plus_primary_heuristic,general_language,general_english,,,candidate,unreviewed,confirm_sense | confirm_primary_stage | add_learner_definition_en | add_learner_meaning_vi | add_forms_and_grammar | add_example_and_media
pv_own_pronoun,own,pronoun,unspecified,A2,A2,A2_2,cefrj_plus_primary_heuristic,general_language,general_english,,,candidate,unreviewed,confirm_sense | confirm_primary_stage | add_learner_definition_en | add_learner_meaning_vi | add_forms_and_grammar | add_example_and_media
pv_owner_noun,owner,noun,unspecified,A1,A1,A1_2,cefrj_plus_primary_heuristic,jobs_community,general_english,,Work and Jobs | Personal identification,candidate,unreviewed,confirm_sense | confirm_primary_stage | add_learner_definition_en | add_learner_meaning_vi | add_forms_and_grammar | add_example_and_media
pv_p_m_adverb,p.m.,adverb,unspecified,A1,A1,A1_1,cefrj_plus_primary_heuristic,general_language,general_english,P.M. | pm | PM,,candidate,unreviewed,confirm_sense | confirm_primary_stage | add_learner_definition_en | add_learner_meaning_vi | add_forms_and_grammar | add_example_and_media
pv_pacific_adjective,pacific,adjective,unspecified,A2,A2,A2_2,cefrj_plus_primary_heuristic,general_language,general_english,,,candidate,unreviewed,confirm_sense | confirm_primary_stage | add_learner_definition_en | add_learner_meaning_vi | add_forms_and_grammar | add_example_and_media
pv_pack_noun,pack,noun,unspecified,A2,A2,A2_2,cefrj_plus_primary_heuristic,home_objects,general_english,,Objects and rooms | Shopping,candidate,unreviewed,confirm_sense | confirm_primary_stage | add_learner_definition_en | add_learner_meaning_vi | add_forms_and_grammar | add_example_and_media
pv_pack_verb,pack,verb,unspecified,A2,A2,A2_1,cefrj_plus_primary_heuristic,general_language,general_english,,,candidate,unreviewed,confirm_sense | confirm_primary_stage | add_learner_definition_en | add_learner_meaning_vi | add_forms_and_grammar | add_example_and_media
pv_page_noun,page,noun,unspecified,A1,PRE_A1,PRE_A1_2,cefrj_plus_primary_heuristic,stories_reading,general_english,,"Books and literature | Free time, entertainment",candidate,unreviewed,confirm_sense | confirm_primary_stage | add_learner_definition_en | add_learner_meaning_vi | add_forms_and_grammar | add_example_and_media
pv_paint_noun,paint,noun,unspecified,A1,PRE_A1,PRE_A1_2,cefrj_plus_primary_heuristic,school_learning,general_english,,Education | Shopping,candidate,unreviewed,confirm_sense | confirm_primary_stage | add_learner_definition_en | add_learner_meaning_vi | add_forms_and_grammar | add_example_and_media
pv_paint_verb,paint,verb,unspecified,A1,PRE_A1,PRE_A1_2,cefrj_plus_primary_heuristic,general_language,general_english,,,candidate,unreviewed,confirm_sense | confirm_primary_stage | add_learner_definition_en | add_learner_meaning_vi | add_forms_and_grammar | add_example_and_media
pv_painter_noun,painter,noun,unspecified,A2,A2,A2_1,cefrj_plus_primary_heuristic,jobs_community,general_english,,Work and Jobs | Personal identification,candidate,unreviewed,confirm_sense | confirm_primary_stage | add_learner_definition_en | add_learner_meaning_vi | add_forms_and_grammar | add_example_and_media
pv_painting_noun,painting,noun,unspecified,A1,A1,A1_2,cefrj_plus_primary_heuristic,hobbies_free_time,general_english,,"Hobbies and pastimes | Free time, entertainment",candidate,unreviewed,confirm_sense | confirm_primary_stage | add_learner_definition_en | add_learner_meaning_vi | add_forms_and_grammar | add_example_and_media
pv_pair_noun,pair,noun,unspecified,A1,A1,A1_2,cefrj_plus_primary_heuristic,general_language,general_english,,,candidate,unreviewed,confirm_sense | confirm_primary_stage | add_learner_definition_en | add_learner_meaning_vi | add_forms_and_grammar | add_example_and_media
pv_pal_noun,pal,noun,unspecified,A2,A2,A2_2,cefrj_plus_primary_heuristic,personal_information,general_english,,Personal information | Relations with other people,candidate,unreviewed,confirm_sense | confirm_primary_stage | add_learner_definition_en | add_learner_meaning_vi | add_forms_and_grammar | add_example_and_media
pv_palace_noun,palace,noun,unspecified,A1,PRE_A1,PRE_A1_2,cefrj_plus_primary_heuristic,world_places,general_english,,"Nationalities and countries | House and home, environment",candidate,unreviewed,confirm_sense | confirm_primary_stage | add_learner_definition_en | add_learner_meaning_vi | add_forms_and_grammar | add_example_and_media
pv_pan_noun,pan,noun,unspecified,A2,A2,A2_1,cefrj_plus_primary_heuristic,home_objects,general_english,,Objects and rooms | Shopping,candidate,unreviewed,confirm_sense | confirm_primary_stage | add_learner_definition_en | add_learner_meaning_vi | add_forms_and_grammar | add_example_and_media
pv_pants_noun,pants,noun,unspecified,A1,A1,A1_2,cefrj_plus_primary_heuristic,clothes_appearance,general_english,,Clothes | Shopping,candidate,unreviewed,confirm_sense | confirm_primary_stage | add_learner_definition_en | add_learner_meaning_vi | add_forms_and_grammar | add_example_and_media
pv_paper_noun,paper,noun,unspecified,A1,PRE_A1,PRE_A1_2,cefrj_plus_primary_heuristic,home_objects,general_english,,"Objects and rooms | Free time, entertainment",candidate,unreviewed,confirm_sense | confirm_primary_stage | add_learner_definition_en | add_learner_meaning_vi | add_forms_and_grammar | add_example_and_media
pv_paragraph_noun,paragraph,noun,unspecified,A1,PRE_A1,PRE_A1_2,cefrj_plus_primary_heuristic,school_learning,general_english,,Education | Education,candidate,unreviewed,confirm_sense | confirm_primary_stage | add_learner_definition_en | add_learner_meaning_vi | add_forms_and_grammar | add_example_and_media
pv_pardon_noun,pardon,noun,unspecified,A1,A1,A1_1,cefrj_plus_primary_heuristic,general_language,general_english,,,candidate,unreviewed,confirm_sense | confirm_primary_stage | add_learner_definition_en | add_learner_meaning_vi | add_forms_and_grammar | add_example_and_media
pv_parent_noun,parent,noun,unspecified,A1,A1,A1_2,cefrj_plus_primary_heuristic,family_friends,general_english,,Family life | Personal identification,candidate,unreviewed,confirm_sense | confirm_primary_stage | add_learner_definition_en | add_learner_meaning_vi | add_forms_and_grammar | add_example_and_media
pv_park_noun,park,noun,unspecified,A1,A1,A1_1,cefrj_plus_primary_heuristic,town_services,general_english,,"Things in the town, shops and shopping | House and home, environment",candidate,unreviewed,confirm_sense | confirm_primary_stage | add_learner_definition_en | add_learner_meaning_vi | add_forms_and_grammar | add_example_and_media
pv_park_verb,park,verb,unspecified,A2,A2,A2_1,cefrj_plus_primary_heuristic,general_language,general_english,,,candidate,unreviewed,confirm_sense | confirm_primary_stage | add_learner_definition_en | add_learner_meaning_vi | add_forms_and_grammar | add_example_and_media
pv_partner_noun,partner,noun,unspecified,A1,PRE_A1,PRE_A1_2,cefrj_plus_primary_heuristic,family_friends,general_english,,Family life | Personal identification,candidate,unreviewed,confirm_sense | confirm_primary_stage | add_learner_definition_en | add_learner_meaning_vi | add_forms_and_grammar | add_example_and_media
pv_party_noun,party,noun,unspecified,A1,A1,A1_2,cefrj_plus_primary_heuristic,hobbies_free_time,general_english,,"Hobbies and pastimes | Free time, entertainment",candidate,unreviewed,confirm_sense | confirm_primary_stage | add_learner_definition_en | add_learner_meaning_vi | add_forms_and_grammar | add_example_and_media
pv_pass_verb,pass,verb,unspecified,A2,A2,A2_2,cefrj_plus_primary_heuristic,general_language,general_english,,,candidate,unreviewed,confirm_sense | confirm_primary_stage | add_learner_definition_en | add_learner_meaning_vi | add_forms_and_grammar | add_example_and_media
pv_password_noun,password,noun,unspecified,A2,A2,A2_2,primary_curriculum_decision,digital_safety,digital_literacy,,,candidate,unreviewed,confirm_sense | confirm_primary_stage | add_learner_definition_en | add_learner_meaning_vi | add_forms_and_grammar | add_example_and_media
pv_past_adverb,past,adverb,unspecified,A1,A1,A1_1,cefrj_plus_primary_heuristic,general_language,general_english,,,candidate,unreviewed,confirm_sense | confirm_primary_stage | add_learner_definition_en | add_learner_meaning_vi | add_forms_and_grammar | add_example_and_media
pv_past_preposition,past,preposition,unspecified,A1,PRE_A1,PRE_A1_2,cefrj_plus_primary_heuristic,general_language,general_english,,,candidate,unreviewed,confirm_sense | confirm_primary_stage | add_learner_definition_en | add_learner_meaning_vi | add_forms_and_grammar | add_example_and_media
pv_pasta_noun,pasta,noun,unspecified,A2,A2,A2_2,cefrj_plus_primary_heuristic,food_drink,general_english,,Food and drink,candidate,unreviewed,confirm_sense | confirm_primary_stage | add_learner_definition_en | add_learner_meaning_vi | add_forms_and_grammar | add_example_and_media
pv_path_noun,path,noun,unspecified,A2,A2,A2_1,cefrj_plus_primary_heuristic,town_services,general_english,,"Things in the town, shops and shopping | Places",candidate,unreviewed,confirm_sense | confirm_primary_stage | add_learner_definition_en | add_learner_meaning_vi | add_forms_and_grammar | add_example_and_media
pv_pay_noun,pay,noun,unspecified,A1,A1,A1_2,cefrj_plus_primary_heuristic,shopping_money,general_english,,Shopping | Shopping,candidate,unreviewed,confirm_sense | confirm_primary_stage | add_learner_definition_en | add_learner_meaning_vi | add_forms_and_grammar | add_example_and_media
pv_pay_verb,pay,verb,unspecified,A1,A1,A1_2,cefrj_plus_primary_heuristic,general_language,general_english,,,candidate,unreviewed,confirm_sense | confirm_primary_stage | add_learner_definition_en | add_learner_meaning_vi | add_forms_and_grammar | add_example_and_media
pv_peace_noun,peace,noun,unspecified,A1,PRE_A1,PRE_A1_1,cefrj_plus_primary_heuristic,general_language,general_english,,,candidate,unreviewed,confirm_sense | confirm_primary_stage | add_learner_definition_en | add_learner_meaning_vi | add_forms_and_grammar | add_example_and_media
pv_peaceful_adjective,peaceful,adjective,unspecified,A2,A2,A2_2,cefrj_plus_primary_heuristic,general_language,general_english,,,candidate,unreviewed,confirm_sense | confirm_primary_stage | add_learner_definition_en | add_learner_meaning_vi | add_forms_and_grammar | add_example_and_media
pv_pear_noun,pear,noun,unspecified,A2,A2,A2_2,cefrj_plus_primary_heuristic,food_drink,general_english,,Food and drink,candidate,unreviewed,confirm_sense | confirm_primary_stage | add_learner_definition_en | add_learner_meaning_vi | add_forms_and_grammar | add_example_and_media
pv_pen_noun,pen,noun,unspecified,A1,PRE_A1,PRE_A1_2,cefrj_plus_primary_heuristic,home_objects,general_english,,Objects and rooms | Shopping,candidate,unreviewed,confirm_sense | confirm_primary_stage | add_learner_definition_en | add_learner_meaning_vi | add_forms_and_grammar | add_example_and_media
pv_pencil_noun,pencil,noun,unspecified,A1,PRE_A1,PRE_A1_1,cefrj_plus_primary_heuristic,home_objects,general_english,,Objects and rooms | Shopping,candidate,unreviewed,confirm_sense | confirm_primary_stage | add_learner_definition_en | add_learner_meaning_vi | add_forms_and_grammar | add_example_and_media
pv_people_noun,people,noun,unspecified,A1,A1,A1_1,cefrj_plus_primary_heuristic,general_language,general_english,,,candidate,unreviewed,confirm_sense | confirm_primary_stage | add_learner_definition_en | add_learner_meaning_vi | add_forms_and_grammar | add_example_and_media
pv_pepper_noun,pepper,noun,unspecified,A2,A2,A2_1,cefrj_plus_primary_heuristic,food_drink,general_english,,Food and drink,candidate,unreviewed,confirm_sense | confirm_primary_stage | add_learner_definition_en | add_learner_meaning_vi | add_forms_and_grammar | add_example_and_media
pv_percentage_noun,percentage,noun,unspecified,A2,A2,A2_2,primary_curriculum_decision,math_measurement,academic_clil,,,candidate,unreviewed,confirm_sense | confirm_primary_stage | add_learner_definition_en | add_learner_meaning_vi | add_forms_and_grammar | add_example_and_media
pv_perfect_adjective,perfect,adjective,unspecified,A2,A2,A2_1,cefrj_plus_primary_heuristic,general_language,general_english,,,candidate,unreviewed,confirm_sense | confirm_primary_stage | add_learner_definition_en | add_learner_meaning_vi | add_forms_and_grammar | add_example_and_media
pv_perfectly_adverb,perfectly,adverb,unspecified,A2,A2,A2_1,cefrj_plus_primary_heuristic,general_language,general_english,,,candidate,unreviewed,confirm_sense | confirm_primary_stage | add_learner_definition_en | add_learner_meaning_vi | add_forms_and_grammar | add_example_and_media
pv_perform_verb,perform,verb,unspecified,A2,A2,A2_2,cefrj_plus_primary_heuristic,general_language,general_english,,,candidate,unreviewed,confirm_sense | confirm_primary_stage | add_learner_definition_en | add_learner_meaning_vi | add_forms_and_grammar | add_example_and_media
pv_perfume_noun,perfume,noun,unspecified,A2,A2,A2_1,cefrj_plus_primary_heuristic,shopping_money,general_english,,Shopping,candidate,unreviewed,confirm_sense | confirm_primary_stage | add_learner_definition_en | add_learner_meaning_vi | add_forms_and_grammar | add_example_and_media
pv_perhaps_adverb,perhaps,adverb,unspecified,A2,A2,A2_2,cefrj_plus_primary_heuristic,general_language,general_english,,,candidate,unreviewed,confirm_sense | confirm_primary_stage | add_learner_definition_en | add_learner_meaning_vi | add_forms_and_grammar | add_example_and_media
pv_period_noun,period,noun,unspecified,A1,A1,A1_2,cefrj_plus_primary_heuristic,general_language,general_english,,,candidate,unreviewed,confirm_sense | confirm_primary_stage | add_learner_definition_en | add_learner_meaning_vi | add_forms_and_grammar | add_example_and_media
pv_persist_verb,persist,verb,unspecified,A2,A2,A2_1,primary_curriculum_decision,social_emotional,social_emotional,,,candidate,unreviewed,confirm_sense | confirm_primary_stage | add_learner_definition_en | add_learner_meaning_vi | add_forms_and_grammar | add_example_and_media
pv_person_noun,person,noun,unspecified,A1,A1,A1_2,cefrj_plus_primary_heuristic,people_identity,general_english,,Personal identification,candidate,unreviewed,confirm_sense | confirm_primary_stage | add_learner_definition_en | add_learner_meaning_vi | add_forms_and_grammar | add_example_and_media
pv_personal_adjective,personal,adjective,unspecified,A1,A1,A1_2,cefrj_plus_primary_heuristic,general_language,general_english,,,candidate,unreviewed,confirm_sense | confirm_primary_stage | add_learner_definition_en | add_learner_meaning_vi | add_forms_and_grammar | add_example_and_media
pv_pet_noun,pet,noun,unspecified,A1,PRE_A1,PRE_A1_2,cefrj_plus_primary_heuristic,family_friends,general_english,,Family life,candidate,unreviewed,confirm_sense | confirm_primary_stage | add_learner_definition_en | add_learner_meaning_vi | add_forms_and_grammar | add_example_and_media
pv_phone_noun,phone,noun,unspecified,A1,PRE_A1,PRE_A1_2,cefrj_plus_primary_heuristic,home_objects,general_english,,Objects and rooms | Services,candidate,unreviewed,confirm_sense | confirm_primary_stage | add_learner_definition_en | add_learner_meaning_vi | add_forms_and_grammar | add_example_and_media
pv_phone_verb,phone,verb,unspecified,A1,PRE_A1,PRE_A1_2,cefrj_plus_primary_heuristic,general_language,general_english,,,candidate,unreviewed,confirm_sense | confirm_primary_stage | add_learner_definition_en | add_learner_meaning_vi | add_forms_and_grammar | add_example_and_media
pv_photo_noun,photo,noun,unspecified,A1,A1,A1_2,cefrj_plus_primary_heuristic,home_objects,general_english,,"Objects and rooms | Free time, entertainment",candidate,unreviewed,confirm_sense | confirm_primary_stage | add_learner_definition_en | add_learner_meaning_vi | add_forms_and_grammar | add_example_and_media
pv_physical_adjective,physical,adjective,unspecified,A2,A2,A2_1,cefrj_plus_primary_heuristic,general_language,general_english,,,candidate,unreviewed,confirm_sense | confirm_primary_stage | add_learner_definition_en | add_learner_meaning_vi | add_forms_and_grammar | add_example_and_media
pv_physically_adverb,physically,adverb,unspecified,A2,A2,A2_2,cefrj_plus_primary_heuristic,general_language,general_english,,,candidate,unreviewed,confirm_sense | confirm_primary_stage | add_learner_definition_en | add_learner_meaning_vi | add_forms_and_grammar | add_example_and_media
pv_piano_noun,piano,noun,unspecified,A1,A1,A1_2,cefrj_plus_primary_heuristic,hobbies_free_time,general_english,,"Hobbies and pastimes | Free time, entertainment",candidate,unreviewed,confirm_sense | confirm_primary_stage | add_learner_definition_en | add_learner_meaning_vi | add_forms_and_grammar | add_example_and_media
pv_pick_verb,pick,verb,unspecified,A1,A1,A1_2,cefrj_plus_primary_heuristic,general_language,general_english,,,candidate,unreviewed,confirm_sense | confirm_primary_stage | add_learner_definition_en | add_learner_meaning_vi | add_forms_and_grammar | add_example_and_media
pv_picnic_noun,picnic,noun,unspecified,A1,A1,A1_1,cefrj_plus_primary_heuristic,hobbies_free_time,general_english,,"Leisure activities | Free time, entertainment",candidate,unreviewed,confirm_sense | confirm_primary_stage | add_learner_definition_en | add_learner_meaning_vi | add_forms_and_grammar | add_example_and_media
pv_picture_noun,picture,noun,unspecified,A1,A1,A1_2,cefrj_plus_primary_heuristic,hobbies_free_time,general_english,,"Hobbies and pastimes | Free time, entertainment",candidate,unreviewed,confirm_sense | confirm_primary_stage | add_learner_definition_en | add_learner_meaning_vi | add_forms_and_grammar | add_example_and_media
pv_pie_chart_noun,pie chart,noun,unspecified,A2,A2,A2_1,primary_curriculum_decision,math_measurement,academic_clil,,,candidate,unreviewed,confirm_sense | confirm_primary_stage | add_learner_definition_en | add_learner_meaning_vi | add_forms_and_grammar | add_example_and_media
pv_piece_noun,piece,noun,unspecified,A1,PRE_A1,PRE_A1_2,cefrj_plus_primary_heuristic,general_language,general_english,,,candidate,unreviewed,confirm_sense | confirm_primary_stage | add_learner_definition_en | add_learner_meaning_vi | add_forms_and_grammar | add_example_and_media
pv_pig_noun,pig,noun,unspecified,A1,PRE_A1,PRE_A1_2,cefrj_plus_primary_heuristic,general_language,general_english,,,candidate,unreviewed,confirm_sense | confirm_primary_stage | add_learner_definition_en | add_learner_meaning_vi | add_forms_and_grammar | add_example_and_media
pv_pile_noun,pile,noun,unspecified,A2,A2,A2_1,cefrj_plus_primary_heuristic,language_learning,general_english,,Collocation | Language,candidate,unreviewed,confirm_sense | confirm_primary_stage | add_learner_definition_en | add_learner_meaning_vi | add_forms_and_grammar | add_example_and_media
pv_pink_adjective,pink,adjective,unspecified,A1,PRE_A1,PRE_A1_1,cefrj_plus_primary_heuristic,general_language,general_english,,,candidate,unreviewed,confirm_sense | confirm_primary_stage | add_learner_definition_en | add_learner_meaning_vi | add_forms_and_grammar | add_example_and_media
pv_pizza_noun,pizza,noun,unspecified,A1,PRE_A1,PRE_A1_2,cefrj_plus_primary_heuristic,food_drink,general_english,,Food and drink | Food and drink,candidate,unreviewed,confirm_sense | confirm_primary_stage | add_learner_definition_en | add_learner_meaning_vi | add_forms_and_grammar | add_example_and_media
pv_place_noun,place,noun,unspecified,A1,A1,A1_2,cefrj_plus_primary_heuristic,world_places,general_english,,Places,candidate,unreviewed,confirm_sense | confirm_primary_stage | add_learner_definition_en | add_learner_meaning_vi | add_forms_and_grammar | add_example_and_media
pv_plan_noun,plan,noun,unspecified,A1,A1,A1_2,cefrj_plus_primary_heuristic,holidays_celebrations,general_english,,Holidays,candidate,unreviewed,confirm_sense | confirm_primary_stage | add_learner_definition_en | add_learner_meaning_vi | add_forms_and_grammar | add_example_and_media
pv_plane_noun,plane,noun,unspecified,A1,PRE_A1,PRE_A1_1,cefrj_plus_primary_heuristic,travel_transport,general_english,,Ways of travelling | Travel,candidate,unreviewed,confirm_sense | confirm_primary_stage | add_learner_definition_en | add_learner_meaning_vi | add_forms_and_grammar | add_example_and_media
pv_plastic_adjective,plastic,adjective,unspecified,A2,A2,A2_1,cefrj_plus_primary_heuristic,general_language,general_english,,,candidate,unreviewed,confirm_sense | confirm_primary_stage | add_learner_definition_en | add_learner_meaning_vi | add_forms_and_grammar | add_example_and_media
pv_play_noun,play,noun,unspecified,A1,A1,A1_2,cefrj_plus_primary_heuristic,hobbies_free_time,general_english,,"Hobbies and pastimes | Free time, entertainment",candidate,unreviewed,confirm_sense | confirm_primary_stage | add_learner_definition_en | add_learner_meaning_vi | add_forms_and_grammar | add_example_and_media
pv_play_verb,play,verb,unspecified,A1,PRE_A1,PRE_A1_2,cefrj_plus_primary_heuristic,general_language,general_english,,,candidate,unreviewed,confirm_sense | confirm_primary_stage | add_learner_definition_en | add_learner_meaning_vi | add_forms_and_grammar | add_example_and_media
pv_player_noun,player,noun,unspecified,A1,A1,A1_2,cefrj_plus_primary_heuristic,hobbies_free_time,general_english,,Hobbies and pastimes | Personal identification,candidate,unreviewed,confirm_sense | confirm_primary_stage | add_learner_definition_en | add_learner_meaning_vi | add_forms_and_grammar | add_example_and_media
pv_playful_adjective,playful,adjective,unspecified,A2,A2,A2_1,cefrj_plus_primary_heuristic,general_language,general_english,,,candidate,unreviewed,confirm_sense | confirm_primary_stage | add_learner_definition_en | add_learner_meaning_vi | add_forms_and_grammar | add_example_and_media
pv_pleasant_adjective,pleasant,adjective,unspecified,A2,A2,A2_2,cefrj_plus_primary_heuristic,general_language,general_english,,,candidate,unreviewed,confirm_sense | confirm_primary_stage | add_learner_definition_en | add_learner_meaning_vi | add_forms_and_grammar | add_example_and_media
pv_please_adverb,please,adverb,unspecified,A1,A1,A1_2,cefrj_plus_primary_heuristic,general_language,general_english,,,candidate,unreviewed,confirm_sense | confirm_primary_stage | add_learner_definition_en | add_learner_meaning_vi | add_forms_and_grammar | add_example_and_media
pv_pleased_adjective,pleased,adjective,unspecified,A2,A2,A2_1,cefrj_plus_primary_heuristic,general_language,general_english,,,candidate,unreviewed,confirm_sense | confirm_primary_stage | add_learner_definition_en | add_learner_meaning_vi | add_forms_and_grammar | add_example_and_media
pv_pleasure_noun,pleasure,noun,unspecified,A1,A1,A1_2,cefrj_plus_primary_heuristic,general_language,general_english,,,candidate,unreviewed,confirm_sense | confirm_primary_stage | add_learner_definition_en | add_learner_meaning_vi | add_forms_and_grammar | add_example_and_media
pv_plus_preposition,plus,preposition,unspecified,A2,A2,A2_1,cefrj_plus_primary_heuristic,general_language,general_english,,,candidate,unreviewed,confirm_sense | confirm_primary_stage | add_learner_definition_en | add_learner_meaning_vi | add_forms_and_grammar | add_example_and_media
pv_pocket_noun,pocket,noun,unspecified,A1,PRE_A1,PRE_A1_2,cefrj_plus_primary_heuristic,clothes_appearance,general_english,,"Clothes | Free time, entertainment",candidate,unreviewed,confirm_sense | confirm_primary_stage | add_learner_definition_en | add_learner_meaning_vi | add_forms_and_grammar | add_example_and_media
pv_poem_noun,poem,noun,unspecified,A1,PRE_A1,PRE_A1_1,cefrj_plus_primary_heuristic,school_learning,general_english,,Education | Education,candidate,unreviewed,confirm_sense | confirm_primary_stage | add_learner_definition_en | add_learner_meaning_vi | add_forms_and_grammar | add_example_and_media
pv_point_noun,point,noun,unspecified,A1,A1,A1_1,cefrj_plus_primary_heuristic,general_language,general_english,,,candidate,unreviewed,confirm_sense | confirm_primary_stage | add_learner_definition_en | add_learner_meaning_vi | add_forms_and_grammar | add_example_and_media
pv_point_verb,point,verb,unspecified,A2,A2,A2_2,cefrj_plus_primary_heuristic,general_language,general_english,,,candidate,unreviewed,confirm_sense | confirm_primary_stage | add_learner_definition_en | add_learner_meaning_vi | add_forms_and_grammar | add_example_and_media
pv_points_noun,points,noun,unspecified,A1,A1,A1_2,primary_curriculum_decision,platform_navigation,digital_literacy,,,candidate,unreviewed,confirm_sense | confirm_primary_stage | add_learner_definition_en | add_learner_meaning_vi | add_forms_and_grammar | add_example_and_media
pv_police_noun,police,noun,unspecified,A2,A2,A2_2,cefrj_plus_primary_heuristic,social_communication,general_english,,Relations with other people,candidate,unreviewed,confirm_sense | confirm_primary_stage | add_learner_definition_en | add_learner_meaning_vi | add_forms_and_grammar | add_example_and_media
pv_policeman_noun,policeman,noun,unspecified,A2,A2,A2_2,cefrj_plus_primary_heuristic,social_communication,general_english,,Relations with other people,candidate,unreviewed,confirm_sense | confirm_primary_stage | add_learner_definition_en | add_learner_meaning_vi | add_forms_and_grammar | add_example_and_media
pv_polite_adjective,polite,adjective,unspecified,A2,A2,A2_2,cefrj_plus_primary_heuristic,general_language,general_english,,,candidate,unreviewed,confirm_sense | confirm_primary_stage | add_learner_definition_en | add_learner_meaning_vi | add_forms_and_grammar | add_example_and_media
pv_political_adjective,political,adjective,unspecified,A2,A2,A2_1,cefrj_plus_primary_heuristic,general_language,general_english,,,candidate,unreviewed,confirm_sense | confirm_primary_stage | add_learner_definition_en | add_learner_meaning_vi | add_forms_and_grammar | add_example_and_media
pv_pollute_verb,pollute,verb,unspecified,A2,A2,A2_2,cefrj_plus_primary_heuristic,general_language,general_english,,,candidate,unreviewed,confirm_sense | confirm_primary_stage | add_learner_definition_en | add_learner_meaning_vi | add_forms_and_grammar | add_example_and_media
pv_pollution_noun,pollution,noun,unspecified,A1,A1,A1_1,cefrj_plus_primary_heuristic,global_citizenship,global_studies,,"News, lifestyles and current affairs | House and home, environment",candidate,unreviewed,confirm_sense | confirm_primary_stage | add_learner_definition_en | add_learner_meaning_vi | add_forms_and_grammar | add_example_and_media
pv_pool_noun,pool,noun,unspecified,A1,A1,A1_2,cefrj_plus_primary_heuristic,town_services,general_english,,"Things in the town, shops and shopping | Free time, entertainment",candidate,unreviewed,confirm_sense | confirm_primary_stage | add_learner_definition_en | add_learner_meaning_vi | add_forms_and_grammar | add_example_and_media
pv_poor_adjective,poor,adjective,unspecified,A1,A1,A1_2,cefrj_plus_primary_heuristic,general_language,general_english,,,candidate,unreviewed,confirm_sense | confirm_primary_stage | add_learner_definition_en | add_learner_meaning_vi | add_forms_and_grammar | add_example_and_media
pv_pop_noun,pop,noun,unspecified,A1,A1,A1_2,cefrj_plus_primary_heuristic,hobbies_free_time,general_english,,"Free time, entertainment",candidate,unreviewed,confirm_sense | confirm_primary_stage | add_learner_definition_en | add_learner_meaning_vi | add_forms_and_grammar | add_example_and_media
pv_popular_adjective,popular,adjective,unspecified,A2,A2,A2_2,cefrj_plus_primary_heuristic,general_language,general_english,,,candidate,unreviewed,confirm_sense | confirm_primary_stage | add_learner_definition_en | add_learner_meaning_vi | add_forms_and_grammar | add_example_and_media
pv_portrait_noun,portrait,noun,unspecified,A2,A2,A2_2,cefrj_plus_primary_heuristic,arts_music,general_english,,"Arts | Free time, entertainment",candidate,unreviewed,confirm_sense | confirm_primary_stage | add_learner_definition_en | add_learner_meaning_vi | add_forms_and_grammar | add_example_and_media
pv_possible_adjective,possible,adjective,unspecified,A2,A2,A2_2,cefrj_plus_primary_heuristic,general_language,general_english,,,candidate,unreviewed,confirm_sense | confirm_primary_stage | add_learner_definition_en | add_learner_meaning_vi | add_forms_and_grammar | add_example_and_media
pv_possibly_adverb,possibly,adverb,unspecified,A2,A2,A2_2,cefrj_plus_primary_heuristic,general_language,general_english,,,candidate,unreviewed,confirm_sense | confirm_primary_stage | add_learner_definition_en | add_learner_meaning_vi | add_forms_and_grammar | add_example_and_media
pv_post_noun,post,noun,unspecified,A1,PRE_A1,PRE_A1_1,cefrj_plus_primary_heuristic,town_services,general_english,,"Things in the town, shops and shopping | Services",candidate,unreviewed,confirm_sense | confirm_primary_stage | add_learner_definition_en | add_learner_meaning_vi | add_forms_and_grammar | add_example_and_media
pv_post_verb,post,verb,unspecified,A2,A2,A2_1,cefrj_plus_primary_heuristic,general_language,general_english,,,candidate,unreviewed,confirm_sense | confirm_primary_stage | add_learner_definition_en | add_learner_meaning_vi | add_forms_and_grammar | add_example_and_media
pv_poster_noun,poster,noun,unspecified,A1,A1,A1_2,cefrj_plus_primary_heuristic,town_services,general_english,,"Things in the town, shops and shopping | Free time, entertainment",candidate,unreviewed,confirm_sense | confirm_primary_stage | add_learner_definition_en | add_learner_meaning_vi | add_forms_and_grammar | add_example_and_media
pv_potato_noun,potato,noun,unspecified,A1,PRE_A1,PRE_A1_2,cefrj_plus_primary_heuristic,food_drink,general_english,,Food and drink | Food and drink,candidate,unreviewed,confirm_sense | confirm_primary_stage | add_learner_definition_en | add_learner_meaning_vi | add_forms_and_grammar | add_example_and_media
pv_practice_noun,practice,noun,unspecified,A1,A1,A1_2,cefrj_plus_primary_heuristic,hobbies_free_time,general_english,,Hobbies and pastimes,candidate,unreviewed,confirm_sense | confirm_primary_stage | add_learner_definition_en | add_learner_meaning_vi | add_forms_and_grammar | add_example_and_media
pv_practice_verb,practice,verb,unspecified,A1,A1,A1_2,cefrj_plus_primary_heuristic,general_language,general_english,practise,,candidate,unreviewed,confirm_sense | confirm_primary_stage | add_learner_definition_en | add_learner_meaning_vi | add_forms_and_grammar | add_example_and_media
pv_pray_verb,pray,verb,unspecified,A1,PRE_A1,PRE_A1_2,cefrj_plus_primary_heuristic,general_language,general_english,,,candidate,unreviewed,confirm_sense | confirm_primary_stage | add_learner_definition_en | add_learner_meaning_vi | add_forms_and_grammar | add_example_and_media
pv_precise_adjective,precise,adjective,unspecified,A2,A2,A2_1,cefrj_plus_primary_heuristic,general_language,general_english,,,candidate,unreviewed,confirm_sense | confirm_primary_stage | add_learner_definition_en | add_learner_meaning_vi | add_forms_and_grammar | add_example_and_media
pv_predict_verb,predict,verb,unspecified,A2,A2,A2_1,cefrj_plus_primary_heuristic,general_language,general_english,,,candidate,unreviewed,confirm_sense | confirm_primary_stage | add_learner_definition_en | add_learner_meaning_vi | add_forms_and_grammar | add_example_and_media
pv_prefer_verb,prefer,verb,unspecified,A2,A2,A2_2,cefrj_plus_primary_heuristic,general_language,general_english,,,candidate,unreviewed,confirm_sense | confirm_primary_stage | add_learner_definition_en | add_learner_meaning_vi | add_forms_and_grammar | add_example_and_media
pv_prepare_verb,prepare,verb,unspecified,A2,A2,A2_1,cefrj_plus_primary_heuristic,general_language,general_english,,,candidate,unreviewed,confirm_sense | confirm_primary_stage | add_learner_definition_en | add_learner_meaning_vi | add_forms_and_grammar | add_example_and_media
pv_present_noun,present,noun,unspecified,A1,PRE_A1,PRE_A1_1,cefrj_plus_primary_heuristic,shopping_money,general_english,,Shopping,candidate,unreviewed,confirm_sense | confirm_primary_stage | add_learner_definition_en | add_learner_meaning_vi | add_forms_and_grammar | add_example_and_media
pv_pretend_verb,pretend,verb,unspecified,A2,A2,A2_1,cefrj_plus_primary_heuristic,general_language,general_english,,,candidate,unreviewed,confirm_sense | confirm_primary_stage | add_learner_definition_en | add_learner_meaning_vi | add_forms_and_grammar | add_example_and_media
pv_pretty_adjective,pretty,adjective,unspecified,A1,A1,A1_1,cefrj_plus_primary_heuristic,general_language,general_english,,,candidate,unreviewed,confirm_sense | confirm_primary_stage | add_learner_definition_en | add_learner_meaning_vi | add_forms_and_grammar | add_example_and_media
pv_pretty_adverb,pretty,adverb,unspecified,A2,A2,A2_2,cefrj_plus_primary_heuristic,general_language,general_english,,,candidate,unreviewed,confirm_sense | confirm_primary_stage | add_learner_definition_en | add_learner_meaning_vi | add_forms_and_grammar | add_example_and_media
pv_prevent_verb,prevent,verb,unspecified,A2,A2,A2_1,cefrj_plus_primary_heuristic,general_language,general_english,,,candidate,unreviewed,confirm_sense | confirm_primary_stage | add_learner_definition_en | add_learner_meaning_vi | add_forms_and_grammar | add_example_and_media
pv_price_noun,price,noun,unspecified,A1,PRE_A1,PRE_A1_2,cefrj_plus_primary_heuristic,shopping_money,general_english,,Shopping | Shopping,candidate,unreviewed,confirm_sense | confirm_primary_stage | add_learner_definition_en | add_learner_meaning_vi | add_forms_and_grammar | add_example_and_media
pv_prince_noun,prince,noun,unspecified,A1,A1,A1_1,cefrj_plus_primary_heuristic,world_places,general_english,,Nationalities and countries | Relations with other people,candidate,unreviewed,confirm_sense | confirm_primary_stage | add_learner_definition_en | add_learner_meaning_vi | add_forms_and_grammar | add_example_and_media
pv_princess_noun,princess,noun,unspecified,A1,PRE_A1,PRE_A1_2,cefrj_plus_primary_heuristic,world_places,general_english,,Nationalities and countries | Relations with other people,candidate,unreviewed,confirm_sense | confirm_primary_stage | add_learner_definition_en | add_learner_meaning_vi | add_forms_and_grammar | add_example_and_media
pv_principal_adjective,principal,adjective,unspecified,A2,A2,A2_1,cefrj_plus_primary_heuristic,general_language,general_english,,,candidate,unreviewed,confirm_sense | confirm_primary_stage | add_learner_definition_en | add_learner_meaning_vi | add_forms_and_grammar | add_example_and_media
pv_print_verb,print,verb,unspecified,A2,A2,A2_2,cefrj_plus_primary_heuristic,general_language,general_english,,,candidate,unreviewed,confirm_sense | confirm_primary_stage | add_learner_definition_en | add_learner_meaning_vi | add_forms_and_grammar | add_example_and_media
pv_private_adjective,private,adjective,unspecified,A2,A2,A2_2,cefrj_plus_primary_heuristic,general_language,general_english,,,candidate,unreviewed,confirm_sense | confirm_primary_stage | add_learner_definition_en | add_learner_meaning_vi | add_forms_and_grammar | add_example_and_media
pv_probably_adverb,probably,adverb,unspecified,A2,A2,A2_2,cefrj_plus_primary_heuristic,general_language,general_english,,,candidate,unreviewed,confirm_sense | confirm_primary_stage | add_learner_definition_en | add_learner_meaning_vi | add_forms_and_grammar | add_example_and_media
pv_problem_noun,problem,noun,unspecified,A1,A1,A1_2,cefrj_plus_primary_heuristic,social_communication,general_english,,Relations with other people,candidate,unreviewed,confirm_sense | confirm_primary_stage | add_learner_definition_en | add_learner_meaning_vi | add_forms_and_grammar | add_example_and_media
pv_produce_verb,produce,verb,unspecified,A2,A2,A2_2,cefrj_plus_primary_heuristic,general_language,general_english,,,candidate,unreviewed,confirm_sense | confirm_primary_stage | add_learner_definition_en | add_learner_meaning_vi | add_forms_and_grammar | add_example_and_media
pv_product_noun,product,noun,unspecified,A2,A2,A2_1,cefrj_plus_primary_heuristic,jobs_community,general_english,,Work and Jobs | Shopping,candidate,unreviewed,confirm_sense | confirm_primary_stage | add_learner_definition_en | add_learner_meaning_vi | add_forms_and_grammar | add_example_and_media
pv_production_noun,production,noun,unspecified,A2,A2,A2_2,cefrj_plus_primary_heuristic,jobs_community,general_english,,Work and Jobs,candidate,unreviewed,confirm_sense | confirm_primary_stage | add_learner_definition_en | add_learner_meaning_vi | add_forms_and_grammar | add_example_and_media
pv_program_noun,program,noun,unspecified,A1,PRE_A1,PRE_A1_2,cefrj_plus_primary_heuristic,hobbies_free_time,general_english,programme,"Hobbies and pastimes | Free time, entertainment",candidate,unreviewed,confirm_sense | confirm_primary_stage | add_learner_definition_en | add_learner_meaning_vi | add_forms_and_grammar | add_example_and_media
pv_pronounce_verb,pronounce,verb,unspecified,A2,A2,A2_2,cefrj_plus_primary_heuristic,general_language,general_english,,,candidate,unreviewed,confirm_sense | confirm_primary_stage | add_learner_definition_en | add_learner_meaning_vi | add_forms_and_grammar | add_example_and_media
pv_proper_adjective,proper,adjective,unspecified,A2,A2,A2_1,cefrj_plus_primary_heuristic,general_language,general_english,,,candidate,unreviewed,confirm_sense | confirm_primary_stage | add_learner_definition_en | add_learner_meaning_vi | add_forms_and_grammar | add_example_and_media
pv_provide_verb,provide,verb,unspecified,A2,A2,A2_2,cefrj_plus_primary_heuristic,general_language,general_english,,,candidate,unreviewed,confirm_sense | confirm_primary_stage | add_learner_definition_en | add_learner_meaning_vi | add_forms_and_grammar | add_example_and_media
pv_public_noun,public,noun,unspecified,A2,A2,A2_1,cefrj_plus_primary_heuristic,global_citizenship,global_studies,,"News, lifestyles and current affairs",candidate,unreviewed,confirm_sense | confirm_primary_stage | add_learner_definition_en | add_learner_meaning_vi | add_forms_and_grammar | add_example_and_media
pv_publish_verb,publish,verb,unspecified,A2,A2,A2_1,cefrj_plus_primary_heuristic,general_language,general_english,,,candidate,unreviewed,confirm_sense | confirm_primary_stage | add_learner_definition_en | add_learner_meaning_vi | add_forms_and_grammar | add_example_and_media
pv_pull_verb,pull,verb,unspecified,A2,A2,A2_1,cefrj_plus_primary_heuristic,general_language,general_english,,,candidate,unreviewed,confirm_sense | confirm_primary_stage | add_learner_definition_en | add_learner_meaning_vi | add_forms_and_grammar | add_example_and_media
pv_purple_adjective,purple,adjective,unspecified,A2,A2,A2_2,cefrj_plus_primary_heuristic,general_language,general_english,,,candidate,unreviewed,confirm_sense | confirm_primary_stage | add_learner_definition_en | add_learner_meaning_vi | add_forms_and_grammar | add_example_and_media
pv_purple_noun,purple,noun,unspecified,A1,PRE_A1,PRE_A1_2,cefrj_plus_primary_heuristic,colors_shapes,general_english,,Colours,candidate,unreviewed,confirm_sense | confirm_primary_stage | add_learner_definition_en | add_learner_meaning_vi | add_forms_and_grammar | add_example_and_media
pv_pursue_verb,pursue,verb,unspecified,A2,A2,A2_2,cefrj_plus_primary_heuristic,general_language,general_english,,,candidate,unreviewed,confirm_sense | confirm_primary_stage | add_learner_definition_en | add_learner_meaning_vi | add_forms_and_grammar | add_example_and_media
pv_push_verb,push,verb,unspecified,A1,A1,A1_2,cefrj_plus_primary_heuristic,general_language,general_english,,,candidate,unreviewed,confirm_sense | confirm_primary_stage | add_learner_definition_en | add_learner_meaning_vi | add_forms_and_grammar | add_example_and_media
pv_put_verb,put,verb,unspecified,A1,A1,A1_1,cefrj_plus_primary_heuristic,general_language,general_english,,,candidate,unreviewed,confirm_sense | confirm_primary_stage | add_learner_definition_en | add_learner_meaning_vi | add_forms_and_grammar | add_example_and_media
pv_quarter_noun,quarter,noun,unspecified,A1,A1,A1_1,cefrj_plus_primary_heuristic,general_language,general_english,,,candidate,unreviewed,confirm_sense | confirm_primary_stage | add_learner_definition_en | add_learner_meaning_vi | add_forms_and_grammar | add_example_and_media
pv_queen_noun,queen,noun,unspecified,A2,A2,A2_2,cefrj_plus_primary_heuristic,social_communication,general_english,,Relations with other people,candidate,unreviewed,confirm_sense | confirm_primary_stage | add_learner_definition_en | add_learner_meaning_vi | add_forms_and_grammar | add_example_and_media
pv_question_noun,question,noun,unspecified,A1,A1,A1_1,cefrj_plus_primary_heuristic,language_learning,general_english,,Language,candidate,unreviewed,confirm_sense | confirm_primary_stage | add_learner_definition_en | add_learner_meaning_vi | add_forms_and_grammar | add_example_and_media
pv_quick_adjective,quick,adjective,unspecified,A2,A2,A2_1,cefrj_plus_primary_heuristic,general_language,general_english,,,candidate,unreviewed,confirm_sense | confirm_primary_stage | add_learner_definition_en | add_learner_meaning_vi | add_forms_and_grammar | add_example_and_media
pv_quickly_adverb,quickly,adverb,unspecified,A1,PRE_A1,PRE_A1_1,cefrj_plus_primary_heuristic,general_language,general_english,,,candidate,unreviewed,confirm_sense | confirm_primary_stage | add_learner_definition_en | add_learner_meaning_vi | add_forms_and_grammar | add_example_and_media
pv_quiet_adjective,quiet,adjective,unspecified,A1,PRE_A1,PRE_A1_2,cefrj_plus_primary_heuristic,general_language,general_english,,,candidate,unreviewed,confirm_sense | confirm_primary_stage | add_learner_definition_en | add_learner_meaning_vi | add_forms_and_grammar | add_example_and_media
pv_quietly_adverb,quietly,adverb,unspecified,A2,A2,A2_2,cefrj_plus_primary_heuristic,general_language,general_english,,,candidate,unreviewed,confirm_sense | confirm_primary_stage | add_learner_definition_en | add_learner_meaning_vi | add_forms_and_grammar | add_example_and_media
pv_quit_verb,quit,verb,unspecified,A2,A2,A2_1,cefrj_plus_primary_heuristic,general_language,general_english,,,candidate,unreviewed,confirm_sense | confirm_primary_stage | add_learner_definition_en | add_learner_meaning_vi | add_forms_and_grammar | add_example_and_media
pv_quite_adverb,quite,adverb,unspecified,A2,A2,A2_2,cefrj_plus_primary_heuristic,general_language,general_english,,,candidate,unreviewed,confirm_sense | confirm_primary_stage | add_learner_definition_en | add_learner_meaning_vi | add_forms_and_grammar | add_example_and_media
pv_rabbit_noun,rabbit,noun,unspecified,A1,A1,A1_2,cefrj_plus_primary_heuristic,general_language,general_english,,,candidate,unreviewed,confirm_sense | confirm_primary_stage | add_learner_definition_en | add_learner_meaning_vi | add_forms_and_grammar | add_example_and_media
pv_racket_noun,racket,noun,unspecified,A2,A2,A2_1,cefrj_plus_primary_heuristic,hobbies_free_time,general_english,,"Free time, entertainment",candidate,unreviewed,confirm_sense | confirm_primary_stage | add_learner_definition_en | add_learner_meaning_vi | add_forms_and_grammar | add_example_and_media
pv_radio_noun,radio,noun,unspecified,A1,PRE_A1,PRE_A1_2,cefrj_plus_primary_heuristic,home_objects,general_english,,"Objects and rooms | Free time, entertainment",candidate,unreviewed,confirm_sense | confirm_primary_stage | add_learner_definition_en | add_learner_meaning_vi | add_forms_and_grammar | add_example_and_media
pv_rain_noun,rain,noun,unspecified,A1,A1,A1_1,cefrj_plus_primary_heuristic,digital_media,digital_literacy,,Media | Weather,candidate,unreviewed,confirm_sense | confirm_primary_stage | add_learner_definition_en | add_learner_meaning_vi | add_forms_and_grammar | add_example_and_media
pv_rain_verb,rain,verb,unspecified,A1,A1,A1_2,cefrj_plus_primary_heuristic,general_language,general_english,,,candidate,unreviewed,confirm_sense | confirm_primary_stage | add_learner_definition_en | add_learner_meaning_vi | add_forms_and_grammar | add_example_and_media
pv_raincoat_noun,raincoat,noun,unspecified,A2,A2,A2_1,cefrj_plus_primary_heuristic,shopping_money,general_english,,Shopping,candidate,unreviewed,confirm_sense | confirm_primary_stage | add_learner_definition_en | add_learner_meaning_vi | add_forms_and_grammar | add_example_and_media
pv_rainy_adjective,rainy,adjective,unspecified,A1,A1,A1_2,cefrj_plus_primary_heuristic,general_language,general_english,,,candidate,unreviewed,confirm_sense | confirm_primary_stage | add_learner_definition_en | add_learner_meaning_vi | add_forms_and_grammar | add_example_and_media
pv_raise_verb,raise,verb,unspecified,A2,A2,A2_1,cefrj_plus_primary_heuristic,general_language,general_english,,,candidate,unreviewed,confirm_sense | confirm_primary_stage | add_learner_definition_en | add_learner_meaning_vi | add_forms_and_grammar | add_example_and_media
pv_rap_noun,rap,noun,unspecified,A2,A2,A2_1,cefrj_plus_primary_heuristic,hobbies_free_time,general_english,,"Free time, entertainment",candidate,unreviewed,confirm_sense | confirm_primary_stage | add_learner_definition_en | add_learner_meaning_vi | add_forms_and_grammar | add_example_and_media
pv_rat_noun,rat,noun,unspecified,A1,PRE_A1,PRE_A1_2,cefrj_plus_primary_heuristic,general_language,general_english,,,candidate,unreviewed,confirm_sense | confirm_primary_stage | add_learner_definition_en | add_learner_meaning_vi | add_forms_and_grammar | add_example_and_media
pv_raw_adjective,raw,adjective,unspecified,A2,A2,A2_1,cefrj_plus_primary_heuristic,general_language,general_english,,,candidate,unreviewed,confirm_sense | confirm_primary_stage | add_learner_definition_en | add_learner_meaning_vi | add_forms_and_grammar | add_example_and_media
pv_ray_noun,ray,noun,unspecified,A2,A2,A2_2,cefrj_plus_primary_heuristic,global_citizenship,global_studies,,"News, lifestyles and current affairs",candidate,unreviewed,confirm_sense | confirm_primary_stage | add_learner_definition_en | add_learner_meaning_vi | add_forms_and_grammar | add_example_and_media
pv_re_verb,'re,verb,unspecified,A1,A1,A1_2,cefrj_plus_primary_heuristic,general_language,general_english,,,candidate,unreviewed,confirm_sense | confirm_primary_stage | add_learner_definition_en | add_learner_meaning_vi | add_forms_and_grammar | add_example_and_media
pv_reach_verb,reach,verb,unspecified,A2,A2,A2_2,cefrj_plus_primary_heuristic,general_language,general_english,,,candidate,unreviewed,confirm_sense | confirm_primary_stage | add_learner_definition_en | add_learner_meaning_vi | add_forms_and_grammar | add_example_and_media
pv_read_verb,read,verb,unspecified,A1,A1,A1_1,cefrj_plus_primary_heuristic,general_language,general_english,,,candidate,unreviewed,confirm_sense | confirm_primary_stage | add_learner_definition_en | add_learner_meaning_vi | add_forms_and_grammar | add_example_and_media
pv_reader_noun,reader,noun,unspecified,A1,A1,A1_2,cefrj_plus_primary_heuristic,hobbies_free_time,general_english,,"Hobbies and pastimes | Free time, entertainment",candidate,unreviewed,confirm_sense | confirm_primary_stage | add_learner_definition_en | add_learner_meaning_vi | add_forms_and_grammar | add_example_and_media
pv_reading_noun,reading,noun,unspecified,A1,PRE_A1,PRE_A1_2,cefrj_plus_primary_heuristic,hobbies_free_time,general_english,,"Hobbies and pastimes | Free time, entertainment",candidate,unreviewed,confirm_sense | confirm_primary_stage | add_learner_definition_en | add_learner_meaning_vi | add_forms_and_grammar | add_example_and_media
pv_ready_adjective,ready,adjective,unspecified,A1,A1,A1_2,cefrj_plus_primary_heuristic,general_language,general_english,,,candidate,unreviewed,confirm_sense | confirm_primary_stage | add_learner_definition_en | add_learner_meaning_vi | add_forms_and_grammar | add_example_and_media
pv_real_adjective,real,adjective,unspecified,A1,A1,A1_2,cefrj_plus_primary_heuristic,general_language,general_english,,,candidate,unreviewed,confirm_sense | confirm_primary_stage | add_learner_definition_en | add_learner_meaning_vi | add_forms_and_grammar | add_example_and_media
pv_real_adverb,real,adverb,unspecified,A1,A1,A1_2,cefrj_plus_primary_heuristic,general_language,general_english,,,candidate,unreviewed,confirm_sense | confirm_primary_stage | add_learner_definition_en | add_learner_meaning_vi | add_forms_and_grammar | add_example_and_media
pv_really_adverb,really,adverb,unspecified,A1,A1,A1_2,cefrj_plus_primary_heuristic,general_language,general_english,,,candidate,unreviewed,confirm_sense | confirm_primary_stage | add_learner_definition_en | add_learner_meaning_vi | add_forms_and_grammar | add_example_and_media
pv_reason_noun,reason,noun,unspecified,A1,PRE_A1,PRE_A1_2,cefrj_plus_primary_heuristic,general_language,general_english,,,candidate,unreviewed,confirm_sense | confirm_primary_stage | add_learner_definition_en | add_learner_meaning_vi | add_forms_and_grammar | add_example_and_media
pv_receive_verb,receive,verb,unspecified,A2,A2,A2_1,cefrj_plus_primary_heuristic,general_language,general_english,,,candidate,unreviewed,confirm_sense | confirm_primary_stage | add_learner_definition_en | add_learner_meaning_vi | add_forms_and_grammar | add_example_and_media
pv_recent_adjective,recent,adjective,unspecified,A2,A2,A2_1,cefrj_plus_primary_heuristic,general_language,general_english,,,candidate,unreviewed,confirm_sense | confirm_primary_stage | add_learner_definition_en | add_learner_meaning_vi | add_forms_and_grammar | add_example_and_media
pv_recently_adverb,recently,adverb,unspecified,A2,A2,A2_1,cefrj_plus_primary_heuristic,general_language,general_english,,,candidate,unreviewed,confirm_sense | confirm_primary_stage | add_learner_definition_en | add_learner_meaning_vi | add_forms_and_grammar | add_example_and_media
pv_record_verb,record,verb,unspecified,A2,A2,A2_2,cefrj_plus_primary_heuristic,general_language,general_english,,,candidate,unreviewed,confirm_sense | confirm_primary_stage | add_learner_definition_en | add_learner_meaning_vi | add_forms_and_grammar | add_example_and_media
pv_recycle_verb,recycle,verb,unspecified,A2,A2,A2_2,primary_curriculum_decision,environment_sustainability,global_studies,,,candidate,unreviewed,confirm_sense | confirm_primary_stage | add_learner_definition_en | add_learner_meaning_vi | add_forms_and_grammar | add_example_and_media
pv_recycling_noun,recycling,noun,unspecified,A2,A2,A2_1,primary_curriculum_decision,environment_sustainability,global_studies,,,candidate,unreviewed,confirm_sense | confirm_primary_stage | add_learner_definition_en | add_learner_meaning_vi | add_forms_and_grammar | add_example_and_media
pv_red_adjective,red,adjective,unspecified,A1,A1,A1_2,cefrj_plus_primary_heuristic,general_language,general_english,,,candidate,unreviewed,confirm_sense | confirm_primary_stage | add_learner_definition_en | add_learner_meaning_vi | add_forms_and_grammar | add_example_and_media
pv_refer_verb,refer,verb,unspecified,A2,A2,A2_1,cefrj_plus_primary_heuristic,general_language,general_english,,,candidate,unreviewed,confirm_sense | confirm_primary_stage | add_learner_definition_en | add_learner_meaning_vi | add_forms_and_grammar | add_example_and_media
pv_reflect_verb,reflect,verb,unspecified,A2,A2,A2_2,cefrj_plus_primary_heuristic,general_language,general_english,,,candidate,unreviewed,confirm_sense | confirm_primary_stage | add_learner_definition_en | add_learner_meaning_vi | add_forms_and_grammar | add_example_and_media
pv_regret_verb,regret,verb,unspecified,A2,A2,A2_2,cefrj_plus_primary_heuristic,general_language,general_english,,,candidate,unreviewed,confirm_sense | confirm_primary_stage | add_learner_definition_en | add_learner_meaning_vi | add_forms_and_grammar | add_example_and_media
pv_regular_adjective,regular,adjective,unspecified,A2,A2,A2_2,cefrj_plus_primary_heuristic,general_language,general_english,,,candidate,unreviewed,confirm_sense | confirm_primary_stage | add_learner_definition_en | add_learner_meaning_vi | add_forms_and_grammar | add_example_and_media
pv_regularly_adverb,regularly,adverb,unspecified,A2,A2,A2_1,cefrj_plus_primary_heuristic,general_language,general_english,,,candidate,unreviewed,confirm_sense | confirm_primary_stage | add_learner_definition_en | add_learner_meaning_vi | add_forms_and_grammar | add_example_and_media
pv_relaxed_adjective,relaxed,adjective,unspecified,A2,A2,A2_1,cefrj_plus_primary_heuristic,general_language,general_english,,,candidate,unreviewed,confirm_sense | confirm_primary_stage | add_learner_definition_en | add_learner_meaning_vi | add_forms_and_grammar | add_example_and_media
pv_remember_verb,remember,verb,unspecified,A1,A1,A1_1,cefrj_plus_primary_heuristic,general_language,general_english,,,candidate,unreviewed,confirm_sense | confirm_primary_stage | add_learner_definition_en | add_learner_meaning_vi | add_forms_and_grammar | add_example_and_media
pv_remind_verb,remind,verb,unspecified,A2,A2,A2_1,cefrj_plus_primary_heuristic,general_language,general_english,,,candidate,unreviewed,confirm_sense | confirm_primary_stage | add_learner_definition_en | add_learner_meaning_vi | add_forms_and_grammar | add_example_and_media
pv_remote_adjective,remote,adjective,unspecified,A2,A2,A2_1,cefrj_plus_primary_heuristic,general_language,general_english,,,candidate,unreviewed,confirm_sense | confirm_primary_stage | add_learner_definition_en | add_learner_meaning_vi | add_forms_and_grammar | add_example_and_media
pv_renewable_energy_noun,renewable energy,noun,unspecified,A2,A2,A2_2,primary_curriculum_decision,environment_sustainability,global_studies,,,candidate,unreviewed,confirm_sense | confirm_primary_stage | add_learner_definition_en | add_learner_meaning_vi | add_forms_and_grammar | add_example_and_media
pv_rent_noun,rent,noun,unspecified,A2,A2,A2_1,cefrj_plus_primary_heuristic,travel_transport,general_english,,Travel and services vocab | Services,candidate,unreviewed,confirm_sense | confirm_primary_stage | add_learner_definition_en | add_learner_meaning_vi | add_forms_and_grammar | add_example_and_media
pv_rent_verb,rent,verb,unspecified,A2,A2,A2_2,cefrj_plus_primary_heuristic,general_language,general_english,,,candidate,unreviewed,confirm_sense | confirm_primary_stage | add_learner_definition_en | add_learner_meaning_vi | add_forms_and_grammar | add_example_and_media
pv_repair_noun,repair,noun,unspecified,A2,A2,A2_2,cefrj_plus_primary_heuristic,travel_transport,general_english,,Travel and services vocab,candidate,unreviewed,confirm_sense | confirm_primary_stage | add_learner_definition_en | add_learner_meaning_vi | add_forms_and_grammar | add_example_and_media
pv_repair_verb,repair,verb,unspecified,A2,A2,A2_2,cefrj_plus_primary_heuristic,general_language,general_english,,,candidate,unreviewed,confirm_sense | confirm_primary_stage | add_learner_definition_en | add_learner_meaning_vi | add_forms_and_grammar | add_example_and_media
pv_repeat_verb,repeat,verb,unspecified,A1,A1,A1_1,cefrj_plus_primary_heuristic,general_language,general_english,,,candidate,unreviewed,confirm_sense | confirm_primary_stage | add_learner_definition_en | add_learner_meaning_vi | add_forms_and_grammar | add_example_and_media
pv_replace_verb,replace,verb,unspecified,A2,A2,A2_1,cefrj_plus_primary_heuristic,general_language,general_english,,,candidate,unreviewed,confirm_sense | confirm_primary_stage | add_learner_definition_en | add_learner_meaning_vi | add_forms_and_grammar | add_example_and_media
pv_reporter_noun,reporter,noun,unspecified,A1,A1,A1_2,cefrj_plus_primary_heuristic,jobs_community,general_english,,Work and Jobs | Media | Personal identification,candidate,unreviewed,confirm_sense | confirm_primary_stage | add_learner_definition_en | add_learner_meaning_vi | add_forms_and_grammar | add_example_and_media
pv_research_noun,research,noun,unspecified,A2,A2,A2_2,cefrj_plus_primary_heuristic,school_learning,general_english,,Education | Education,candidate,unreviewed,confirm_sense | confirm_primary_stage | add_learner_definition_en | add_learner_meaning_vi | add_forms_and_grammar | add_example_and_media
pv_restaurant_noun,restaurant,noun,unspecified,A1,A1,A1_2,cefrj_plus_primary_heuristic,town_services,general_english,,"Things in the town, shops and shopping | Food and drink",candidate,unreviewed,confirm_sense | confirm_primary_stage | add_learner_definition_en | add_learner_meaning_vi | add_forms_and_grammar | add_example_and_media
pv_result_noun,result,noun,unspecified,A1,A1,A1_1,cefrj_plus_primary_heuristic,general_language,general_english,,,candidate,unreviewed,confirm_sense | confirm_primary_stage | add_learner_definition_en | add_learner_meaning_vi | add_forms_and_grammar | add_example_and_media
pv_retire_verb,retire,verb,unspecified,A2,A2,A2_1,cefrj_plus_primary_heuristic,general_language,general_english,,,candidate,unreviewed,confirm_sense | confirm_primary_stage | add_learner_definition_en | add_learner_meaning_vi | add_forms_and_grammar | add_example_and_media
pv_retired_adjective,retired,adjective,unspecified,A2,A2,A2_2,cefrj_plus_primary_heuristic,general_language,general_english,,,candidate,unreviewed,confirm_sense | confirm_primary_stage | add_learner_definition_en | add_learner_meaning_vi | add_forms_and_grammar | add_example_and_media
pv_reveal_verb,reveal,verb,unspecified,A2,A2,A2_1,cefrj_plus_primary_heuristic,general_language,general_english,,,candidate,unreviewed,confirm_sense | confirm_primary_stage | add_learner_definition_en | add_learner_meaning_vi | add_forms_and_grammar | add_example_and_media
pv_review_noun,review,noun,unspecified,A1,PRE_A1,PRE_A1_2,cefrj_plus_primary_heuristic,school_learning,general_english,,Education,candidate,unreviewed,confirm_sense | confirm_primary_stage | add_learner_definition_en | add_learner_meaning_vi | add_forms_and_grammar | add_example_and_media
pv_rhythm_noun,rhythm,noun,unspecified,A2,A2,A2_1,cefrj_plus_primary_heuristic,arts_music,general_english,,"Arts | Free time, entertainment",candidate,unreviewed,confirm_sense | confirm_primary_stage | add_learner_definition_en | add_learner_meaning_vi | add_forms_and_grammar | add_example_and_media
pv_ribbon_noun,ribbon,noun,unspecified,A1,A1,A1_1,cefrj_plus_primary_heuristic,general_language,general_english,,,candidate,unreviewed,confirm_sense | confirm_primary_stage | add_learner_definition_en | add_learner_meaning_vi | add_forms_and_grammar | add_example_and_media
pv_rice_noun,rice,noun,unspecified,A1,PRE_A1,PRE_A1_1,cefrj_plus_primary_heuristic,food_drink,general_english,,Food and drink | Food and drink,candidate,unreviewed,confirm_sense | confirm_primary_stage | add_learner_definition_en | add_learner_meaning_vi | add_forms_and_grammar | add_example_and_media
pv_rich_adjective,rich,adjective,unspecified,A1,A1,A1_2,cefrj_plus_primary_heuristic,general_language,general_english,,,candidate,unreviewed,confirm_sense | confirm_primary_stage | add_learner_definition_en | add_learner_meaning_vi | add_forms_and_grammar | add_example_and_media
pv_ride_noun,ride,noun,unspecified,A1,A1,A1_2,cefrj_plus_primary_heuristic,travel_transport,general_english,,Ways of travelling | Travel,candidate,unreviewed,confirm_sense | confirm_primary_stage | add_learner_definition_en | add_learner_meaning_vi | add_forms_and_grammar | add_example_and_media
pv_ride_verb,ride,verb,unspecified,A1,A1,A1_2,cefrj_plus_primary_heuristic,general_language,general_english,,,candidate,unreviewed,confirm_sense | confirm_primary_stage | add_learner_definition_en | add_learner_meaning_vi | add_forms_and_grammar | add_example_and_media
pv_right_adjective,right,adjective,unspecified,A1,A1,A1_1,cefrj_plus_primary_heuristic,general_language,general_english,,,candidate,unreviewed,confirm_sense | confirm_primary_stage | add_learner_definition_en | add_learner_meaning_vi | add_forms_and_grammar | add_example_and_media
pv_right_adverb,right,adverb,unspecified,A1,PRE_A1,PRE_A1_1,cefrj_plus_primary_heuristic,general_language,general_english,,,candidate,unreviewed,confirm_sense | confirm_primary_stage | add_learner_definition_en | add_learner_meaning_vi | add_forms_and_grammar | add_example_and_media
pv_right_hand_adjective,right-hand,adjective,unspecified,A2,A2,A2_1,cefrj_plus_primary_heuristic,general_language,general_english,,,candidate,unreviewed,confirm_sense | confirm_primary_stage | add_learner_definition_en | add_learner_meaning_vi | add_forms_and_grammar | add_example_and_media
pv_ring_noun,ring,noun,unspecified,A2,A2,A2_2,cefrj_plus_primary_heuristic,clothes_appearance,general_english,,Clothes | Shopping,candidate,unreviewed,confirm_sense | confirm_primary_stage | add_learner_definition_en | add_learner_meaning_vi | add_forms_and_grammar | add_example_and_media
pv_ring_verb,ring,verb,unspecified,A1,PRE_A1,PRE_A1_2,cefrj_plus_primary_heuristic,general_language,general_english,,,candidate,unreviewed,confirm_sense | confirm_primary_stage | add_learner_definition_en | add_learner_meaning_vi | add_forms_and_grammar | add_example_and_media
pv_river_noun,river,noun,unspecified,A1,A1,A1_2,cefrj_plus_primary_heuristic,town_services,general_english,,"Things in the town, shops and shopping | House and home, environment",candidate,unreviewed,confirm_sense | confirm_primary_stage | add_learner_definition_en | add_learner_meaning_vi | add_forms_and_grammar | add_example_and_media
pv_roast_verb,roast,verb,unspecified,A2,A2,A2_2,cefrj_plus_primary_heuristic,general_language,general_english,,,candidate,unreviewed,confirm_sense | confirm_primary_stage | add_learner_definition_en | add_learner_meaning_vi | add_forms_and_grammar | add_example_and_media
pv_role_noun,role,noun,unspecified,A1,A1,A1_2,cefrj_plus_primary_heuristic,general_language,general_english,,,candidate,unreviewed,confirm_sense | confirm_primary_stage | add_learner_definition_en | add_learner_meaning_vi | add_forms_and_grammar | add_example_and_media
pv_romantic_adjective,romantic,adjective,unspecified,A2,A2,A2_1,cefrj_plus_primary_heuristic,general_language,general_english,,,candidate,unreviewed,confirm_sense | confirm_primary_stage | add_learner_definition_en | add_learner_meaning_vi | add_forms_and_grammar | add_example_and_media
pv_roof_noun,roof,noun,unspecified,A2,A2,A2_1,cefrj_plus_primary_heuristic,home_objects,general_english,,"Objects and rooms | House and home, environment",candidate,unreviewed,confirm_sense | confirm_primary_stage | add_learner_definition_en | add_learner_meaning_vi | add_forms_and_grammar | add_example_and_media
pv_room_noun,room,noun,unspecified,A1,PRE_A1,PRE_A1_1,cefrj_plus_primary_heuristic,home_objects,general_english,,"Objects and rooms | House and home, environment",candidate,unreviewed,confirm_sense | confirm_primary_stage | add_learner_definition_en | add_learner_meaning_vi | add_forms_and_grammar | add_example_and_media
pv_rose_noun,rose,noun,unspecified,A1,A1,A1_2,cefrj_plus_primary_heuristic,general_language,general_english,,,candidate,unreviewed,confirm_sense | confirm_primary_stage | add_learner_definition_en | add_learner_meaning_vi | add_forms_and_grammar | add_example_and_media
pv_roughly_adverb,roughly,adverb,unspecified,A2,A2,A2_2,cefrj_plus_primary_heuristic,general_language,general_english,,,candidate,unreviewed,confirm_sense | confirm_primary_stage | add_learner_definition_en | add_learner_meaning_vi | add_forms_and_grammar | add_example_and_media
pv_round_adverb,round,adverb,unspecified,A2,A2,A2_2,cefrj_plus_primary_heuristic,general_language,general_english,,,candidate,unreviewed,confirm_sense | confirm_primary_stage | add_learner_definition_en | add_learner_meaning_vi | add_forms_and_grammar | add_example_and_media
pv_roundabout_noun,roundabout,noun,unspecified,A2,A2,A2_1,cefrj_plus_primary_heuristic,travel_transport,general_english,,Travel,candidate,unreviewed,confirm_sense | confirm_primary_stage | add_learner_definition_en | add_learner_meaning_vi | add_forms_and_grammar | add_example_and_media
pv_row_noun,row,noun,unspecified,A1,PRE_A1,PRE_A1_1,cefrj_plus_primary_heuristic,travel_transport,general_english,,Travel,candidate,unreviewed,confirm_sense | confirm_primary_stage | add_learner_definition_en | add_learner_meaning_vi | add_forms_and_grammar | add_example_and_media
pv_royal_adjective,royal,adjective,unspecified,A2,A2,A2_1,cefrj_plus_primary_heuristic,general_language,general_english,,,candidate,unreviewed,confirm_sense | confirm_primary_stage | add_learner_definition_en | add_learner_meaning_vi | add_forms_and_grammar | add_example_and_media
pv_rude_adjective,rude,adjective,unspecified,A1,A1,A1_2,cefrj_plus_primary_heuristic,general_language,general_english,,,candidate,unreviewed,confirm_sense | confirm_primary_stage | add_learner_definition_en | add_learner_meaning_vi | add_forms_and_grammar | add_example_and_media
pv_ruin_verb,ruin,verb,unspecified,A2,A2,A2_1,cefrj_plus_primary_heuristic,general_language,general_english,,,candidate,unreviewed,confirm_sense | confirm_primary_stage | add_learner_definition_en | add_learner_meaning_vi | add_forms_and_grammar | add_example_and_media
pv_rule_noun,rule,noun,unspecified,A1,A1,A1_1,cefrj_plus_primary_heuristic,general_language,general_english,,,candidate,unreviewed,confirm_sense | confirm_primary_stage | add_learner_definition_en | add_learner_meaning_vi | add_forms_and_grammar | add_example_and_media
pv_ruler_noun,ruler,noun,unspecified,A1,PRE_A1,PRE_A1_2,cefrj_plus_primary_heuristic,shopping_money,general_english,,Shopping,candidate,unreviewed,confirm_sense | confirm_primary_stage | add_learner_definition_en | add_learner_meaning_vi | add_forms_and_grammar | add_example_and_media
pv_run_noun,run,noun,unspecified,A1,A1,A1_2,cefrj_plus_primary_heuristic,hobbies_free_time,general_english,,"Hobbies and pastimes | Free time, entertainment",candidate,unreviewed,confirm_sense | confirm_primary_stage | add_learner_definition_en | add_learner_meaning_vi | add_forms_and_grammar | add_example_and_media
pv_run_verb,run,verb,unspecified,A1,A1,A1_2,cefrj_plus_primary_heuristic,general_language,general_english,,,candidate,unreviewed,confirm_sense | confirm_primary_stage | add_learner_definition_en | add_learner_meaning_vi | add_forms_and_grammar | add_example_and_media
pv_s_verb,'s,verb,unspecified,A1,PRE_A1,PRE_A1_2,cefrj_plus_primary_heuristic,general_language,general_english,,,candidate,unreviewed,confirm_sense | confirm_primary_stage | add_learner_definition_en | add_learner_meaning_vi | add_forms_and_grammar | add_example_and_media
pv_sad_adjective,sad,adjective,unspecified,A1,PRE_A1,PRE_A1_2,cefrj_plus_primary_heuristic,general_language,general_english,,,candidate,unreviewed,confirm_sense | confirm_primary_stage | add_learner_definition_en | add_learner_meaning_vi | add_forms_and_grammar | add_example_and_media
pv_sadly_adverb,sadly,adverb,unspecified,A2,A2,A2_2,cefrj_plus_primary_heuristic,general_language,general_english,,,candidate,unreviewed,confirm_sense | confirm_primary_stage | add_learner_definition_en | add_learner_meaning_vi | add_forms_and_grammar | add_example_and_media
pv_safe_adjective,safe,adjective,unspecified,A2,A2,A2_2,cefrj_plus_primary_heuristic,general_language,general_english,,,candidate,unreviewed,confirm_sense | confirm_primary_stage | add_learner_definition_en | add_learner_meaning_vi | add_forms_and_grammar | add_example_and_media
pv_sailor_noun,sailor,noun,unspecified,A1,A1,A1_1,cefrj_plus_primary_heuristic,jobs_community,general_english,,Work and Jobs | Personal identification,candidate,unreviewed,confirm_sense | confirm_primary_stage | add_learner_definition_en | add_learner_meaning_vi | add_forms_and_grammar | add_example_and_media
pv_salad_noun,salad,noun,unspecified,A1,PRE_A1,PRE_A1_2,cefrj_plus_primary_heuristic,food_drink,general_english,,Food and drink | Food and drink,candidate,unreviewed,confirm_sense | confirm_primary_stage | add_learner_definition_en | add_learner_meaning_vi | add_forms_and_grammar | add_example_and_media
pv_sale_noun,sale,noun,unspecified,A1,A1,A1_2,cefrj_plus_primary_heuristic,shopping_money,general_english,,Shopping | Shopping,candidate,unreviewed,confirm_sense | confirm_primary_stage | add_learner_definition_en | add_learner_meaning_vi | add_forms_and_grammar | add_example_and_media
pv_same_adjective,same,adjective,unspecified,A1,PRE_A1,PRE_A1_2,cefrj_plus_primary_heuristic,general_language,general_english,,,candidate,unreviewed,confirm_sense | confirm_primary_stage | add_learner_definition_en | add_learner_meaning_vi | add_forms_and_grammar | add_example_and_media
pv_same_adverb,same,adverb,unspecified,A1,A1,A1_2,cefrj_plus_primary_heuristic,general_language,general_english,,,candidate,unreviewed,confirm_sense | confirm_primary_stage | add_learner_definition_en | add_learner_meaning_vi | add_forms_and_grammar | add_example_and_media
pv_same_pronoun,same,pronoun,unspecified,A1,PRE_A1,PRE_A1_2,cefrj_plus_primary_heuristic,general_language,general_english,,,candidate,unreviewed,confirm_sense | confirm_primary_stage | add_learner_definition_en | add_learner_meaning_vi | add_forms_and_grammar | add_example_and_media
pv_sandwich_noun,sandwich,noun,unspecified,A1,PRE_A1,PRE_A1_2,cefrj_plus_primary_heuristic,food_drink,general_english,,Food and drink | Food and drink,candidate,unreviewed,confirm_sense | confirm_primary_stage | add_learner_definition_en | add_learner_meaning_vi | add_forms_and_grammar | add_example_and_media
pv_sandy_adjective,sandy,adjective,unspecified,A2,A2,A2_1,cefrj_plus_primary_heuristic,general_language,general_english,,,candidate,unreviewed,confirm_sense | confirm_primary_stage | add_learner_definition_en | add_learner_meaning_vi | add_forms_and_grammar | add_example_and_media
pv_satisfy_verb,satisfy,verb,unspecified,A2,A2,A2_2,cefrj_plus_primary_heuristic,general_language,general_english,,,candidate,unreviewed,confirm_sense | confirm_primary_stage | add_learner_definition_en | add_learner_meaning_vi | add_forms_and_grammar | add_example_and_media
pv_saturday_noun,Saturday,noun,unspecified,A1,A1,A1_2,cefrj_plus_primary_heuristic,general_language,general_english,,,candidate,unreviewed,confirm_sense | confirm_primary_stage | add_learner_definition_en | add_learner_meaning_vi | add_forms_and_grammar | add_example_and_media
pv_sauce_noun,sauce,noun,unspecified,A2,A2,A2_1,cefrj_plus_primary_heuristic,food_drink,general_english,,Food and drink,candidate,unreviewed,confirm_sense | confirm_primary_stage | add_learner_definition_en | add_learner_meaning_vi | add_forms_and_grammar | add_example_and_media
pv_save_verb,save,verb,unspecified,A1,A1,A1_2,cefrj_plus_primary_heuristic,general_language,general_english,,,candidate,unreviewed,confirm_sense | confirm_primary_stage | add_learner_definition_en | add_learner_meaning_vi | add_forms_and_grammar | add_example_and_media
pv_saw_noun,saw,noun,unspecified,A1,PRE_A1,PRE_A1_2,cefrj_plus_primary_heuristic,home_objects,general_english,,Objects and rooms,candidate,unreviewed,confirm_sense | confirm_primary_stage | add_learner_definition_en | add_learner_meaning_vi | add_forms_and_grammar | add_example_and_media
pv_say_verb,say,verb,unspecified,A1,PRE_A1,PRE_A1_1,cefrj_plus_primary_heuristic,general_language,general_english,,,candidate,unreviewed,confirm_sense | confirm_primary_stage | add_learner_definition_en | add_learner_meaning_vi | add_forms_and_grammar | add_example_and_media
pv_scarf_noun,scarf,noun,unspecified,A2,A2,A2_1,cefrj_plus_primary_heuristic,shopping_money,general_english,,Shopping,candidate,unreviewed,confirm_sense | confirm_primary_stage | add_learner_definition_en | add_learner_meaning_vi | add_forms_and_grammar | add_example_and_media
pv_scene_noun,scene,noun,unspecified,A2,A2,A2_2,cefrj_plus_primary_heuristic,stories_reading,general_english,,"Books and literature | Free time, entertainment",candidate,unreviewed,confirm_sense | confirm_primary_stage | add_learner_definition_en | add_learner_meaning_vi | add_forms_and_grammar | add_example_and_media
pv_schedule_noun,schedule,noun,unspecified,A2,A2,A2_2,cefrj_plus_primary_heuristic,travel_transport,general_english,,Travel and services vocab | Daily life,candidate,unreviewed,confirm_sense | confirm_primary_stage | add_learner_definition_en | add_learner_meaning_vi | add_forms_and_grammar | add_example_and_media
pv_school_noun,school,noun,unspecified,A1,A1,A1_2,cefrj_plus_primary_heuristic,town_services,general_english,,"Things in the town, shops and shopping",candidate,unreviewed,confirm_sense | confirm_primary_stage | add_learner_definition_en | add_learner_meaning_vi | add_forms_and_grammar | add_example_and_media
pv_science_noun,science,noun,unspecified,A1,PRE_A1,PRE_A1_2,cefrj_plus_primary_heuristic,school_learning,general_english,,Education | Education,candidate,unreviewed,confirm_sense | confirm_primary_stage | add_learner_definition_en | add_learner_meaning_vi | add_forms_and_grammar | add_example_and_media
pv_scientific_adjective,scientific,adjective,unspecified,A2,A2,A2_1,cefrj_plus_primary_heuristic,general_language,general_english,,,candidate,unreviewed,confirm_sense | confirm_primary_stage | add_learner_definition_en | add_learner_meaning_vi | add_forms_and_grammar | add_example_and_media
pv_scientist_noun,scientist,noun,unspecified,A1,A1,A1_2,cefrj_plus_primary_heuristic,jobs_community,general_english,,Work and Jobs | Personal identification,candidate,unreviewed,confirm_sense | confirm_primary_stage | add_learner_definition_en | add_learner_meaning_vi | add_forms_and_grammar | add_example_and_media
pv_scissors_noun,scissors,noun,unspecified,A2,A2,A2_1,cefrj_plus_primary_heuristic,shopping_money,general_english,,Shopping,candidate,unreviewed,confirm_sense | confirm_primary_stage | add_learner_definition_en | add_learner_meaning_vi | add_forms_and_grammar | add_example_and_media
pv_score_noun,score,noun,unspecified,A1,A1,A1_2,primary_curriculum_decision,platform_navigation,digital_literacy,,,candidate,unreviewed,confirm_sense | confirm_primary_stage | add_learner_definition_en | add_learner_meaning_vi | add_forms_and_grammar | add_example_and_media
pv_scroll_verb,scroll,verb,unspecified,A2,A2,A2_2,primary_curriculum_decision,digital_media,digital_literacy,,,candidate,unreviewed,confirm_sense | confirm_primary_stage | add_learner_definition_en | add_learner_meaning_vi | add_forms_and_grammar | add_example_and_media
pv_sea_noun,sea,noun,unspecified,A1,PRE_A1,PRE_A1_2,cefrj_plus_primary_heuristic,world_places,general_english,,"Nationalities and countries | House and home, environment",candidate,unreviewed,confirm_sense | confirm_primary_stage | add_learner_definition_en | add_learner_meaning_vi | add_forms_and_grammar | add_example_and_media
pv_seafood_noun,seafood,noun,unspecified,A2,A2,A2_1,cefrj_plus_primary_heuristic,food_drink,general_english,,Food and drink | Food and drink,candidate,unreviewed,confirm_sense | confirm_primary_stage | add_learner_definition_en | add_learner_meaning_vi | add_forms_and_grammar | add_example_and_media
pv_seaside_noun,seaside,noun,unspecified,A2,A2,A2_1,cefrj_plus_primary_heuristic,world_places,general_english,,Nationalities and countries | Places,candidate,unreviewed,confirm_sense | confirm_primary_stage | add_learner_definition_en | add_learner_meaning_vi | add_forms_and_grammar | add_example_and_media
pv_seat_noun,seat,noun,unspecified,A1,PRE_A1,PRE_A1_2,cefrj_plus_primary_heuristic,home_objects,general_english,,"Objects and rooms | Free time, entertainment",candidate,unreviewed,confirm_sense | confirm_primary_stage | add_learner_definition_en | add_learner_meaning_vi | add_forms_and_grammar | add_example_and_media
pv_second_adjective,second,adjective,unspecified,A1,PRE_A1,PRE_A1_2,cefrj_plus_primary_heuristic,general_language,general_english,,,candidate,unreviewed,confirm_sense | confirm_primary_stage | add_learner_definition_en | add_learner_meaning_vi | add_forms_and_grammar | add_example_and_media
pv_second_pronoun,second,pronoun,unspecified,A2,A2,A2_2,cefrj_plus_primary_heuristic,general_language,general_english,,,candidate,unreviewed,confirm_sense | confirm_primary_stage | add_learner_definition_en | add_learner_meaning_vi | add_forms_and_grammar | add_example_and_media
pv_secretary_noun,secretary,noun,unspecified,A2,A2,A2_1,cefrj_plus_primary_heuristic,people_identity,general_english,,Personal identification,candidate,unreviewed,confirm_sense | confirm_primary_stage | add_learner_definition_en | add_learner_meaning_vi | add_forms_and_grammar | add_example_and_media
pv_section_noun,section,noun,unspecified,A1,A1,A1_1,cefrj_plus_primary_heuristic,general_language,general_english,,,candidate,unreviewed,confirm_sense | confirm_primary_stage | add_learner_definition_en | add_learner_meaning_vi | add_forms_and_grammar | add_example_and_media
pv_see_verb,see,verb,unspecified,A1,PRE_A1,PRE_A1_2,cefrj_plus_primary_heuristic,general_language,general_english,,,candidate,unreviewed,confirm_sense | confirm_primary_stage | add_learner_definition_en | add_learner_meaning_vi | add_forms_and_grammar | add_example_and_media
pv_seek_verb,seek,verb,unspecified,A2,A2,A2_2,cefrj_plus_primary_heuristic,general_language,general_english,,,candidate,unreviewed,confirm_sense | confirm_primary_stage | add_learner_definition_en | add_learner_meaning_vi | add_forms_and_grammar | add_example_and_media
pv_seem_verb,seem,verb,unspecified,A2,A2,A2_1,cefrj_plus_primary_heuristic,general_language,general_english,,,candidate,unreviewed,confirm_sense | confirm_primary_stage | add_learner_definition_en | add_learner_meaning_vi | add_forms_and_grammar | add_example_and_media
pv_self_awareness_noun,self-awareness,noun,unspecified,A2,A2,A2_2,primary_curriculum_decision,social_emotional,social_emotional,,,candidate,unreviewed,confirm_sense | confirm_primary_stage | add_learner_definition_en | add_learner_meaning_vi | add_forms_and_grammar | add_example_and_media
pv_self_noun,self,noun,unspecified,A1,A1,A1_2,cefrj_plus_primary_heuristic,general_language,general_english,,,candidate,unreviewed,confirm_sense | confirm_primary_stage | add_learner_definition_en | add_learner_meaning_vi | add_forms_and_grammar | add_example_and_media
pv_sell_verb,sell,verb,unspecified,A1,A1,A1_2,cefrj_plus_primary_heuristic,general_language,general_english,,,candidate,unreviewed,confirm_sense | confirm_primary_stage | add_learner_definition_en | add_learner_meaning_vi | add_forms_and_grammar | add_example_and_media
pv_semester_noun,semester,noun,unspecified,A2,A2,A2_1,cefrj_plus_primary_heuristic,school_learning,general_english,,Education | Education,candidate,unreviewed,confirm_sense | confirm_primary_stage | add_learner_definition_en | add_learner_meaning_vi | add_forms_and_grammar | add_example_and_media
pv_send_verb,send,verb,unspecified,A2,A2,A2_1,cefrj_plus_primary_heuristic,general_language,general_english,,,candidate,unreviewed,confirm_sense | confirm_primary_stage | add_learner_definition_en | add_learner_meaning_vi | add_forms_and_grammar | add_example_and_media
pv_senior_adjective,senior,adjective,unspecified,A2,A2,A2_2,cefrj_plus_primary_heuristic,general_language,general_english,,,candidate,unreviewed,confirm_sense | confirm_primary_stage | add_learner_definition_en | add_learner_meaning_vi | add_forms_and_grammar | add_example_and_media
pv_sentence_noun,sentence,noun,unspecified,A1,PRE_A1,PRE_A1_1,cefrj_plus_primary_heuristic,school_learning,general_english,,Education | Education,candidate,unreviewed,confirm_sense | confirm_primary_stage | add_learner_definition_en | add_learner_meaning_vi | add_forms_and_grammar | add_example_and_media
pv_separate_adjective,separate,adjective,unspecified,A2,A2,A2_2,cefrj_plus_primary_heuristic,general_language,general_english,,,candidate,unreviewed,confirm_sense | confirm_primary_stage | add_learner_definition_en | add_learner_meaning_vi | add_forms_and_grammar | add_example_and_media
pv_september_noun,September,noun,unspecified,A1,A1,A1_1,cefrj_plus_primary_heuristic,general_language,general_english,,,candidate,unreviewed,confirm_sense | confirm_primary_stage | add_learner_definition_en | add_learner_meaning_vi | add_forms_and_grammar | add_example_and_media
pv_seriously_adverb,seriously,adverb,unspecified,A2,A2,A2_1,cefrj_plus_primary_heuristic,general_language,general_english,,,candidate,unreviewed,confirm_sense | confirm_primary_stage | add_learner_definition_en | add_learner_meaning_vi | add_forms_and_grammar | add_example_and_media
pv_serve_verb,serve,verb,unspecified,A2,A2,A2_2,cefrj_plus_primary_heuristic,general_language,general_english,,,candidate,unreviewed,confirm_sense | confirm_primary_stage | add_learner_definition_en | add_learner_meaning_vi | add_forms_and_grammar | add_example_and_media
pv_set_verb,set,verb,unspecified,A1,PRE_A1,PRE_A1_1,cefrj_plus_primary_heuristic,general_language,general_english,,,candidate,unreviewed,confirm_sense | confirm_primary_stage | add_learner_definition_en | add_learner_meaning_vi | add_forms_and_grammar | add_example_and_media
pv_settings_noun,settings,noun,unspecified,A2,A2,A2_2,primary_curriculum_decision,platform_navigation,digital_literacy,,,candidate,unreviewed,confirm_sense | confirm_primary_stage | add_learner_definition_en | add_learner_meaning_vi | add_forms_and_grammar | add_example_and_media
pv_seven_number,seven,number,unspecified,A1,PRE_A1,PRE_A1_2,cefrj_plus_primary_heuristic,general_language,general_english,,,candidate,unreviewed,confirm_sense | confirm_primary_stage | add_learner_definition_en | add_learner_meaning_vi | add_forms_and_grammar | add_example_and_media
pv_seventeen_number,seventeen,number,unspecified,A1,PRE_A1,PRE_A1_2,cefrj_plus_primary_heuristic,general_language,general_english,,,candidate,unreviewed,confirm_sense | confirm_primary_stage | add_learner_definition_en | add_learner_meaning_vi | add_forms_and_grammar | add_example_and_media
pv_seventy_number,seventy,number,unspecified,A1,PRE_A1,PRE_A1_2,cefrj_plus_primary_heuristic,general_language,general_english,,,candidate,unreviewed,confirm_sense | confirm_primary_stage | add_learner_definition_en | add_learner_meaning_vi | add_forms_and_grammar | add_example_and_media
pv_several_determiner,several,determiner,unspecified,A2,A2,A2_2,cefrj_plus_primary_heuristic,general_language,general_english,,,candidate,unreviewed,confirm_sense | confirm_primary_stage | add_learner_definition_en | add_learner_meaning_vi | add_forms_and_grammar | add_example_and_media
pv_several_pronoun,several,pronoun,unspecified,A2,A2,A2_2,cefrj_plus_primary_heuristic,general_language,general_english,,,candidate,unreviewed,confirm_sense | confirm_primary_stage | add_learner_definition_en | add_learner_meaning_vi | add_forms_and_grammar | add_example_and_media
pv_sew_verb,sew,verb,unspecified,A2,A2,A2_1,cefrj_plus_primary_heuristic,general_language,general_english,,,candidate,unreviewed,confirm_sense | confirm_primary_stage | add_learner_definition_en | add_learner_meaning_vi | add_forms_and_grammar | add_example_and_media
pv_shake_noun,shake,noun,unspecified,A1,PRE_A1,PRE_A1_1,cefrj_plus_primary_heuristic,general_language,general_english,,,candidate,unreviewed,confirm_sense | confirm_primary_stage | add_learner_definition_en | add_learner_meaning_vi | add_forms_and_grammar | add_example_and_media
pv_shall_modal,shall,modal,unspecified,A2,A2,A2_2,cefrj_plus_primary_heuristic,general_language,general_english,,,candidate,unreviewed,confirm_sense | confirm_primary_stage | add_learner_definition_en | add_learner_meaning_vi | add_forms_and_grammar | add_example_and_media
pv_shampoo_noun,shampoo,noun,unspecified,A2,A2,A2_1,cefrj_plus_primary_heuristic,home_objects,general_english,,Objects and rooms | Shopping,candidate,unreviewed,confirm_sense | confirm_primary_stage | add_learner_definition_en | add_learner_meaning_vi | add_forms_and_grammar | add_example_and_media
pv_share_verb,share,verb,unspecified,A1,A1,A1_1,cefrj_plus_primary_heuristic,general_language,general_english,,,candidate,unreviewed,confirm_sense | confirm_primary_stage | add_learner_definition_en | add_learner_meaning_vi | add_forms_and_grammar | add_example_and_media
pv_she_pronoun,she,pronoun,unspecified,A1,PRE_A1,PRE_A1_1,cefrj_plus_primary_heuristic,general_language,general_english,,,candidate,unreviewed,confirm_sense | confirm_primary_stage | add_learner_definition_en | add_learner_meaning_vi | add_forms_and_grammar | add_example_and_media
pv_sheep_noun,sheep,noun,unspecified,A1,PRE_A1,PRE_A1_2,cefrj_plus_primary_heuristic,general_language,general_english,,,candidate,unreviewed,confirm_sense | confirm_primary_stage | add_learner_definition_en | add_learner_meaning_vi | add_forms_and_grammar | add_example_and_media
pv_shelf_noun,shelf,noun,unspecified,A1,PRE_A1,PRE_A1_2,cefrj_plus_primary_heuristic,home_objects,general_english,,"Objects and rooms | Free time, entertainment",candidate,unreviewed,confirm_sense | confirm_primary_stage | add_learner_definition_en | add_learner_meaning_vi | add_forms_and_grammar | add_example_and_media
pv_shine_verb,shine,verb,unspecified,A2,A2,A2_1,cefrj_plus_primary_heuristic,general_language,general_english,,,candidate,unreviewed,confirm_sense | confirm_primary_stage | add_learner_definition_en | add_learner_meaning_vi | add_forms_and_grammar | add_example_and_media
pv_ship_noun,ship,noun,unspecified,A1,PRE_A1,PRE_A1_2,cefrj_plus_primary_heuristic,travel_transport,general_english,,Ways of travelling | Travel,candidate,unreviewed,confirm_sense | confirm_primary_stage | add_learner_definition_en | add_learner_meaning_vi | add_forms_and_grammar | add_example_and_media
pv_shirt_noun,shirt,noun,unspecified,A1,A1,A1_2,cefrj_plus_primary_heuristic,clothes_appearance,general_english,,Clothes | Shopping,candidate,unreviewed,confirm_sense | confirm_primary_stage | add_learner_definition_en | add_learner_meaning_vi | add_forms_and_grammar | add_example_and_media
pv_shoe_noun,shoe,noun,unspecified,A1,A1,A1_2,cefrj_plus_primary_heuristic,clothes_appearance,general_english,,Clothes | Shopping,candidate,unreviewed,confirm_sense | confirm_primary_stage | add_learner_definition_en | add_learner_meaning_vi | add_forms_and_grammar | add_example_and_media
pv_shop_noun,shop,noun,unspecified,A1,PRE_A1,PRE_A1_1,cefrj_plus_primary_heuristic,town_services,general_english,,"Things in the town, shops and shopping | Daily life",candidate,unreviewed,confirm_sense | confirm_primary_stage | add_learner_definition_en | add_learner_meaning_vi | add_forms_and_grammar | add_example_and_media
pv_shopping_noun,shopping,noun,unspecified,A1,A1,A1_2,cefrj_plus_primary_heuristic,shopping_money,general_english,,Shopping | Shopping,candidate,unreviewed,confirm_sense | confirm_primary_stage | add_learner_definition_en | add_learner_meaning_vi | add_forms_and_grammar | add_example_and_media
pv_short_adjective,short,adjective,unspecified,A1,A1,A1_1,cefrj_plus_primary_heuristic,general_language,general_english,,,candidate,unreviewed,confirm_sense | confirm_primary_stage | add_learner_definition_en | add_learner_meaning_vi | add_forms_and_grammar | add_example_and_media
pv_short_adverb,short,adverb,unspecified,A1,A1,A1_2,cefrj_plus_primary_heuristic,general_language,general_english,,,candidate,unreviewed,confirm_sense | confirm_primary_stage | add_learner_definition_en | add_learner_meaning_vi | add_forms_and_grammar | add_example_and_media
pv_should_modal,should,modal,unspecified,A1,PRE_A1,PRE_A1_2,cefrj_plus_primary_heuristic,general_language,general_english,,,candidate,unreviewed,confirm_sense | confirm_primary_stage | add_learner_definition_en | add_learner_meaning_vi | add_forms_and_grammar | add_example_and_media
pv_shoulder_noun,shoulder,noun,unspecified,A1,PRE_A1,PRE_A1_1,cefrj_plus_primary_heuristic,body_health,general_english,,Health and body care,candidate,unreviewed,confirm_sense | confirm_primary_stage | add_learner_definition_en | add_learner_meaning_vi | add_forms_and_grammar | add_example_and_media
pv_show_verb,show,verb,unspecified,A1,A1,A1_1,cefrj_plus_primary_heuristic,general_language,general_english,,,candidate,unreviewed,confirm_sense | confirm_primary_stage | add_learner_definition_en | add_learner_meaning_vi | add_forms_and_grammar | add_example_and_media
pv_shower_noun,shower,noun,unspecified,A1,A1,A1_2,cefrj_plus_primary_heuristic,home_objects,general_english,,"Objects and rooms | House and home, environment",candidate,unreviewed,confirm_sense | confirm_primary_stage | add_learner_definition_en | add_learner_meaning_vi | add_forms_and_grammar | add_example_and_media
pv_shy_adjective,shy,adjective,unspecified,A1,PRE_A1,PRE_A1_1,cefrj_plus_primary_heuristic,general_language,general_english,,,candidate,unreviewed,confirm_sense | confirm_primary_stage | add_learner_definition_en | add_learner_meaning_vi | add_forms_and_grammar | add_example_and_media
pv_sick_adjective,sick,adjective,unspecified,A1,PRE_A1,PRE_A1_2,cefrj_plus_primary_heuristic,general_language,general_english,,,candidate,unreviewed,confirm_sense | confirm_primary_stage | add_learner_definition_en | add_learner_meaning_vi | add_forms_and_grammar | add_example_and_media
pv_side_noun,side,noun,unspecified,A1,PRE_A1,PRE_A1_2,cefrj_plus_primary_heuristic,general_language,general_english,,,candidate,unreviewed,confirm_sense | confirm_primary_stage | add_learner_definition_en | add_learner_meaning_vi | add_forms_and_grammar | add_example_and_media
pv_sight_noun,sight,noun,unspecified,A1,A1,A1_2,cefrj_plus_primary_heuristic,general_language,general_english,,,candidate,unreviewed,confirm_sense | confirm_primary_stage | add_learner_definition_en | add_learner_meaning_vi | add_forms_and_grammar | add_example_and_media
pv_sign_noun,sign,noun,unspecified,A1,PRE_A1,PRE_A1_2,cefrj_plus_primary_heuristic,personal_information,general_english,,Personal information | Personal identification,candidate,unreviewed,confirm_sense | confirm_primary_stage | add_learner_definition_en | add_learner_meaning_vi | add_forms_and_grammar | add_example_and_media
pv_silently_adverb,silently,adverb,unspecified,A2,A2,A2_1,cefrj_plus_primary_heuristic,general_language,general_english,,,candidate,unreviewed,confirm_sense | confirm_primary_stage | add_learner_definition_en | add_learner_meaning_vi | add_forms_and_grammar | add_example_and_media
pv_silver_adjective,silver,adjective,unspecified,A2,A2,A2_2,cefrj_plus_primary_heuristic,general_language,general_english,,,candidate,unreviewed,confirm_sense | confirm_primary_stage | add_learner_definition_en | add_learner_meaning_vi | add_forms_and_grammar | add_example_and_media
pv_similar_adjective,similar,adjective,unspecified,A2,A2,A2_1,cefrj_plus_primary_heuristic,general_language,general_english,,,candidate,unreviewed,confirm_sense | confirm_primary_stage | add_learner_definition_en | add_learner_meaning_vi | add_forms_and_grammar | add_example_and_media
pv_since_preposition,since,preposition,unspecified,A2,A2,A2_1,cefrj_plus_primary_heuristic,general_language,general_english,,,candidate,unreviewed,confirm_sense | confirm_primary_stage | add_learner_definition_en | add_learner_meaning_vi | add_forms_and_grammar | add_example_and_media
pv_sing_verb,sing,verb,unspecified,A1,A1,A1_2,cefrj_plus_primary_heuristic,general_language,general_english,,,candidate,unreviewed,confirm_sense | confirm_primary_stage | add_learner_definition_en | add_learner_meaning_vi | add_forms_and_grammar | add_example_and_media
pv_singer_noun,singer,noun,unspecified,A1,PRE_A1,PRE_A1_2,cefrj_plus_primary_heuristic,jobs_community,general_english,,Work and Jobs | Hobbies and pastimes | Personal identification,candidate,unreviewed,confirm_sense | confirm_primary_stage | add_learner_definition_en | add_learner_meaning_vi | add_forms_and_grammar | add_example_and_media
pv_single_adjective,single,adjective,unspecified,A2,A2,A2_1,cefrj_plus_primary_heuristic,general_language,general_english,,,candidate,unreviewed,confirm_sense | confirm_primary_stage | add_learner_definition_en | add_learner_meaning_vi | add_forms_and_grammar | add_example_and_media
pv_singular_adjective,singular,adjective,unspecified,A2,A2,A2_1,cefrj_plus_primary_heuristic,general_language,general_english,,,candidate,unreviewed,confirm_sense | confirm_primary_stage | add_learner_definition_en | add_learner_meaning_vi | add_forms_and_grammar | add_example_and_media
pv_singular_noun,singular,noun,unspecified,A2,A2,A2_1,cefrj_plus_primary_heuristic,language_learning,general_english,,Language,candidate,unreviewed,confirm_sense | confirm_primary_stage | add_learner_definition_en | add_learner_meaning_vi | add_forms_and_grammar | add_example_and_media
pv_sir_noun,sir,noun,unspecified,A1,A1,A1_2,cefrj_plus_primary_heuristic,travel_transport,general_english,,Travel and services vocab | Personal identification,candidate,unreviewed,confirm_sense | confirm_primary_stage | add_learner_definition_en | add_learner_meaning_vi | add_forms_and_grammar | add_example_and_media
pv_sister_noun,sister,noun,unspecified,A1,PRE_A1,PRE_A1_1,cefrj_plus_primary_heuristic,family_friends,general_english,,Family life | Personal identification,candidate,unreviewed,confirm_sense | confirm_primary_stage | add_learner_definition_en | add_learner_meaning_vi | add_forms_and_grammar | add_example_and_media
pv_sit_verb,sit,verb,unspecified,A1,A1,A1_1,cefrj_plus_primary_heuristic,general_language,general_english,,,candidate,unreviewed,confirm_sense | confirm_primary_stage | add_learner_definition_en | add_learner_meaning_vi | add_forms_and_grammar | add_example_and_media
pv_site_noun,site,noun,unspecified,A1,A1,A1_2,cefrj_plus_primary_heuristic,general_language,general_english,,,candidate,unreviewed,confirm_sense | confirm_primary_stage | add_learner_definition_en | add_learner_meaning_vi | add_forms_and_grammar | add_example_and_media
pv_six_number,six,number,unspecified,A1,PRE_A1,PRE_A1_1,cefrj_plus_primary_heuristic,general_language,general_english,,,candidate,unreviewed,confirm_sense | confirm_primary_stage | add_learner_definition_en | add_learner_meaning_vi | add_forms_and_grammar | add_example_and_media
pv_sixteen_number,sixteen,number,unspecified,A1,PRE_A1,PRE_A1_2,cefrj_plus_primary_heuristic,general_language,general_english,,,candidate,unreviewed,confirm_sense | confirm_primary_stage | add_learner_definition_en | add_learner_meaning_vi | add_forms_and_grammar | add_example_and_media
pv_sixty_number,sixty,number,unspecified,A1,PRE_A1,PRE_A1_1,cefrj_plus_primary_heuristic,general_language,general_english,,,candidate,unreviewed,confirm_sense | confirm_primary_stage | add_learner_definition_en | add_learner_meaning_vi | add_forms_and_grammar | add_example_and_media
pv_size_noun,size,noun,unspecified,A1,PRE_A1,PRE_A1_1,cefrj_plus_primary_heuristic,clothes_appearance,general_english,,"Clothes | Free time, entertainment",candidate,unreviewed,confirm_sense | confirm_primary_stage | add_learner_definition_en | add_learner_meaning_vi | add_forms_and_grammar | add_example_and_media
pv_skate_noun,skate,noun,unspecified,A2,A2,A2_1,cefrj_plus_primary_heuristic,hobbies_free_time,general_english,,"Free time, entertainment",candidate,unreviewed,confirm_sense | confirm_primary_stage | add_learner_definition_en | add_learner_meaning_vi | add_forms_and_grammar | add_example_and_media
pv_skiing_noun,skiing,noun,unspecified,A2,A2,A2_2,cefrj_plus_primary_heuristic,hobbies_free_time,general_english,,"Leisure activities | Free time, entertainment",candidate,unreviewed,confirm_sense | confirm_primary_stage | add_learner_definition_en | add_learner_meaning_vi | add_forms_and_grammar | add_example_and_media
pv_skill_noun,skill,noun,unspecified,A1,A1,A1_2,cefrj_plus_primary_heuristic,general_language,general_english,,,candidate,unreviewed,confirm_sense | confirm_primary_stage | add_learner_definition_en | add_learner_meaning_vi | add_forms_and_grammar | add_example_and_media
pv_skirt_noun,skirt,noun,unspecified,A1,PRE_A1,PRE_A1_1,cefrj_plus_primary_heuristic,clothes_appearance,general_english,,Clothes | Shopping,candidate,unreviewed,confirm_sense | confirm_primary_stage | add_learner_definition_en | add_learner_meaning_vi | add_forms_and_grammar | add_example_and_media
pv_sky_noun,sky,noun,unspecified,A1,PRE_A1,PRE_A1_1,cefrj_plus_primary_heuristic,home_environment,general_english,,"House and home, environment",candidate,unreviewed,confirm_sense | confirm_primary_stage | add_learner_definition_en | add_learner_meaning_vi | add_forms_and_grammar | add_example_and_media
pv_sleep_verb,sleep,verb,unspecified,A1,PRE_A1,PRE_A1_2,cefrj_plus_primary_heuristic,general_language,general_english,,,candidate,unreviewed,confirm_sense | confirm_primary_stage | add_learner_definition_en | add_learner_meaning_vi | add_forms_and_grammar | add_example_and_media
pv_sleepless_adjective,sleepless,adjective,unspecified,A2,A2,A2_1,cefrj_plus_primary_heuristic,general_language,general_english,,,candidate,unreviewed,confirm_sense | confirm_primary_stage | add_learner_definition_en | add_learner_meaning_vi | add_forms_and_grammar | add_example_and_media
pv_slice_noun,slice,noun,unspecified,A2,A2,A2_1,cefrj_plus_primary_heuristic,food_drink,general_english,,Food and drink | Food and drink,candidate,unreviewed,confirm_sense | confirm_primary_stage | add_learner_definition_en | add_learner_meaning_vi | add_forms_and_grammar | add_example_and_media
pv_slim_adjective,slim,adjective,unspecified,A2,A2,A2_1,cefrj_plus_primary_heuristic,general_language,general_english,,,candidate,unreviewed,confirm_sense | confirm_primary_stage | add_learner_definition_en | add_learner_meaning_vi | add_forms_and_grammar | add_example_and_media
pv_slow_adjective,slow,adjective,unspecified,A1,A1,A1_2,cefrj_plus_primary_heuristic,general_language,general_english,,,candidate,unreviewed,confirm_sense | confirm_primary_stage | add_learner_definition_en | add_learner_meaning_vi | add_forms_and_grammar | add_example_and_media
pv_small_adjective,small,adjective,unspecified,A1,A1,A1_2,cefrj_plus_primary_heuristic,general_language,general_english,,,candidate,unreviewed,confirm_sense | confirm_primary_stage | add_learner_definition_en | add_learner_meaning_vi | add_forms_and_grammar | add_example_and_media
pv_smart_adjective,smart,adjective,unspecified,A1,A1,A1_1,cefrj_plus_primary_heuristic,general_language,general_english,,,candidate,unreviewed,confirm_sense | confirm_primary_stage | add_learner_definition_en | add_learner_meaning_vi | add_forms_and_grammar | add_example_and_media
pv_smell_noun,smell,noun,unspecified,A1,PRE_A1,PRE_A1_2,cefrj_plus_primary_heuristic,food_drink,general_english,,Food and drink,candidate,unreviewed,confirm_sense | confirm_primary_stage | add_learner_definition_en | add_learner_meaning_vi | add_forms_and_grammar | add_example_and_media
pv_smile_noun,smile,noun,unspecified,A1,A1,A1_1,cefrj_plus_primary_heuristic,general_language,general_english,,,candidate,unreviewed,confirm_sense | confirm_primary_stage | add_learner_definition_en | add_learner_meaning_vi | add_forms_and_grammar | add_example_and_media
pv_smith_noun,smith,noun,unspecified,A1,A1,A1_2,cefrj_plus_primary_heuristic,jobs_community,general_english,,Work and Jobs | Personal identification,candidate,unreviewed,confirm_sense | confirm_primary_stage | add_learner_definition_en | add_learner_meaning_vi | add_forms_and_grammar | add_example_and_media
pv_smoking_noun,smoking,noun,unspecified,A1,PRE_A1,PRE_A1_1,cefrj_plus_primary_heuristic,hobbies_free_time,general_english,,"Hobbies and pastimes | Free time, entertainment",candidate,unreviewed,confirm_sense | confirm_primary_stage | add_learner_definition_en | add_learner_meaning_vi | add_forms_and_grammar | add_example_and_media
pv_smooth_adjective,smooth,adjective,unspecified,A2,A2,A2_1,cefrj_plus_primary_heuristic,general_language,general_english,,,candidate,unreviewed,confirm_sense | confirm_primary_stage | add_learner_definition_en | add_learner_meaning_vi | add_forms_and_grammar | add_example_and_media
pv_smoothly_adverb,smoothly,adverb,unspecified,A2,A2,A2_2,cefrj_plus_primary_heuristic,general_language,general_english,,,candidate,unreviewed,confirm_sense | confirm_primary_stage | add_learner_definition_en | add_learner_meaning_vi | add_forms_and_grammar | add_example_and_media
pv_snake_noun,snake,noun,unspecified,A1,PRE_A1,PRE_A1_2,cefrj_plus_primary_heuristic,general_language,general_english,,,candidate,unreviewed,confirm_sense | confirm_primary_stage | add_learner_definition_en | add_learner_meaning_vi | add_forms_and_grammar | add_example_and_media
pv_snow_noun,snow,noun,unspecified,A1,PRE_A1,PRE_A1_2,cefrj_plus_primary_heuristic,digital_media,digital_literacy,,Media | Weather,candidate,unreviewed,confirm_sense | confirm_primary_stage | add_learner_definition_en | add_learner_meaning_vi | add_forms_and_grammar | add_example_and_media
pv_snow_verb,snow,verb,unspecified,A2,A2,A2_2,cefrj_plus_primary_heuristic,general_language,general_english,,,candidate,unreviewed,confirm_sense | confirm_primary_stage | add_learner_definition_en | add_learner_meaning_vi | add_forms_and_grammar | add_example_and_media
pv_snowy_adjective,snowy,adjective,unspecified,A1,PRE_A1,PRE_A1_1,cefrj_plus_primary_heuristic,general_language,general_english,,,candidate,unreviewed,confirm_sense | confirm_primary_stage | add_learner_definition_en | add_learner_meaning_vi | add_forms_and_grammar | add_example_and_media
pv_so_adverb,so,adverb,unspecified,A2,A2,A2_1,cefrj_plus_primary_heuristic,general_language,general_english,,,candidate,unreviewed,confirm_sense | confirm_primary_stage | add_learner_definition_en | add_learner_meaning_vi | add_forms_and_grammar | add_example_and_media
pv_so_conjunction,so,conjunction,unspecified,A1,PRE_A1,PRE_A1_2,cefrj_plus_primary_heuristic,general_language,general_english,,,candidate,unreviewed,confirm_sense | confirm_primary_stage | add_learner_definition_en | add_learner_meaning_vi | add_forms_and_grammar | add_example_and_media
pv_soap_noun,soap,noun,unspecified,A2,A2,A2_2,cefrj_plus_primary_heuristic,shopping_money,general_english,,Shopping,candidate,unreviewed,confirm_sense | confirm_primary_stage | add_learner_definition_en | add_learner_meaning_vi | add_forms_and_grammar | add_example_and_media
pv_soccer_noun,soccer,noun,unspecified,A1,A1,A1_1,cefrj_plus_primary_heuristic,hobbies_free_time,general_english,,"Leisure activities | Free time, entertainment",candidate,unreviewed,confirm_sense | confirm_primary_stage | add_learner_definition_en | add_learner_meaning_vi | add_forms_and_grammar | add_example_and_media
pv_social_adjective,social,adjective,unspecified,A1,PRE_A1,PRE_A1_1,cefrj_plus_primary_heuristic,general_language,general_english,,,candidate,unreviewed,confirm_sense | confirm_primary_stage | add_learner_definition_en | add_learner_meaning_vi | add_forms_and_grammar | add_example_and_media
pv_society_noun,society,noun,unspecified,A2,A2,A2_2,cefrj_plus_primary_heuristic,world_places,general_english,,Nationalities and countries | Places,candidate,unreviewed,confirm_sense | confirm_primary_stage | add_learner_definition_en | add_learner_meaning_vi | add_forms_and_grammar | add_example_and_media
pv_sock_noun,sock,noun,unspecified,A2,A2,A2_1,cefrj_plus_primary_heuristic,shopping_money,general_english,,Shopping,candidate,unreviewed,confirm_sense | confirm_primary_stage | add_learner_definition_en | add_learner_meaning_vi | add_forms_and_grammar | add_example_and_media
pv_soda_noun,soda,noun,unspecified,A2,A2,A2_2,cefrj_plus_primary_heuristic,food_drink,general_english,,Food and drink | Food and drink,candidate,unreviewed,confirm_sense | confirm_primary_stage | add_learner_definition_en | add_learner_meaning_vi | add_forms_and_grammar | add_example_and_media
pv_sofa_noun,sofa,noun,unspecified,A1,PRE_A1,PRE_A1_1,cefrj_plus_primary_heuristic,home_objects,general_english,,"Objects and rooms | House and home, environment",candidate,unreviewed,confirm_sense | confirm_primary_stage | add_learner_definition_en | add_learner_meaning_vi | add_forms_and_grammar | add_example_and_media
pv_soft_adjective,soft,adjective,unspecified,A2,A2,A2_1,cefrj_plus_primary_heuristic,general_language,general_english,,,candidate,unreviewed,confirm_sense | confirm_primary_stage | add_learner_definition_en | add_learner_meaning_vi | add_forms_and_grammar | add_example_and_media
pv_softly_adverb,softly,adverb,unspecified,A2,A2,A2_2,cefrj_plus_primary_heuristic,general_language,general_english,,,candidate,unreviewed,confirm_sense | confirm_primary_stage | add_learner_definition_en | add_learner_meaning_vi | add_forms_and_grammar | add_example_and_media
pv_software_noun,software,noun,unspecified,A2,A2,A2_2,cefrj_plus_primary_heuristic,hobbies_free_time,general_english,,"Technical and legal language | Free time, entertainment",candidate,unreviewed,confirm_sense | confirm_primary_stage | add_learner_definition_en | add_learner_meaning_vi | add_forms_and_grammar | add_example_and_media
pv_soldier_noun,soldier,noun,unspecified,A2,A2,A2_1,cefrj_plus_primary_heuristic,global_citizenship,global_studies,,"News, lifestyles and current affairs | Relations with other people",candidate,unreviewed,confirm_sense | confirm_primary_stage | add_learner_definition_en | add_learner_meaning_vi | add_forms_and_grammar | add_example_and_media
pv_solve_verb,solve,verb,unspecified,A1,A1,A1_1,cefrj_plus_primary_heuristic,general_language,general_english,,,candidate,unreviewed,confirm_sense | confirm_primary_stage | add_learner_definition_en | add_learner_meaning_vi | add_forms_and_grammar | add_example_and_media
pv_some_determiner,some,determiner,unspecified,A1,PRE_A1,PRE_A1_2,cefrj_plus_primary_heuristic,general_language,general_english,,,candidate,unreviewed,confirm_sense | confirm_primary_stage | add_learner_definition_en | add_learner_meaning_vi | add_forms_and_grammar | add_example_and_media
pv_some_pronoun,some,pronoun,unspecified,A1,PRE_A1,PRE_A1_1,cefrj_plus_primary_heuristic,general_language,general_english,,,candidate,unreviewed,confirm_sense | confirm_primary_stage | add_learner_definition_en | add_learner_meaning_vi | add_forms_and_grammar | add_example_and_media
pv_somebody_pronoun,somebody,pronoun,unspecified,A2,A2,A2_1,cefrj_plus_primary_heuristic,general_language,general_english,,,candidate,unreviewed,confirm_sense | confirm_primary_stage | add_learner_definition_en | add_learner_meaning_vi | add_forms_and_grammar | add_example_and_media
pv_someday_adverb,someday,adverb,unspecified,A2,A2,A2_2,cefrj_plus_primary_heuristic,general_language,general_english,,,candidate,unreviewed,confirm_sense | confirm_primary_stage | add_learner_definition_en | add_learner_meaning_vi | add_forms_and_grammar | add_example_and_media
pv_someone_pronoun,someone,pronoun,unspecified,A1,PRE_A1,PRE_A1_1,cefrj_plus_primary_heuristic,general_language,general_english,,,candidate,unreviewed,confirm_sense | confirm_primary_stage | add_learner_definition_en | add_learner_meaning_vi | add_forms_and_grammar | add_example_and_media
pv_something_pronoun,something,pronoun,unspecified,A1,PRE_A1,PRE_A1_2,cefrj_plus_primary_heuristic,general_language,general_english,,,candidate,unreviewed,confirm_sense | confirm_primary_stage | add_learner_definition_en | add_learner_meaning_vi | add_forms_and_grammar | add_example_and_media
pv_somewhere_adverb,somewhere,adverb,unspecified,A2,A2,A2_2,cefrj_plus_primary_heuristic,general_language,general_english,,,candidate,unreviewed,confirm_sense | confirm_primary_stage | add_learner_definition_en | add_learner_meaning_vi | add_forms_and_grammar | add_example_and_media
pv_son_noun,son,noun,unspecified,A1,PRE_A1,PRE_A1_2,cefrj_plus_primary_heuristic,family_friends,general_english,,Family life | Personal identification,candidate,unreviewed,confirm_sense | confirm_primary_stage | add_learner_definition_en | add_learner_meaning_vi | add_forms_and_grammar | add_example_and_media
pv_song_noun,song,noun,unspecified,A1,A1,A1_2,cefrj_plus_primary_heuristic,hobbies_free_time,general_english,,"Hobbies and pastimes | Free time, entertainment",candidate,unreviewed,confirm_sense | confirm_primary_stage | add_learner_definition_en | add_learner_meaning_vi | add_forms_and_grammar | add_example_and_media
pv_soon_adverb,soon,adverb,unspecified,A1,A1,A1_2,cefrj_plus_primary_heuristic,general_language,general_english,,,candidate,unreviewed,confirm_sense | confirm_primary_stage | add_learner_definition_en | add_learner_meaning_vi | add_forms_and_grammar | add_example_and_media
pv_sorry_adjective,sorry,adjective,unspecified,A1,PRE_A1,PRE_A1_2,cefrj_plus_primary_heuristic,general_language,general_english,,,candidate,unreviewed,confirm_sense | confirm_primary_stage | add_learner_definition_en | add_learner_meaning_vi | add_forms_and_grammar | add_example_and_media
pv_sound_verb,sound,verb,unspecified,A2,A2,A2_1,cefrj_plus_primary_heuristic,general_language,general_english,,,candidate,unreviewed,confirm_sense | confirm_primary_stage | add_learner_definition_en | add_learner_meaning_vi | add_forms_and_grammar | add_example_and_media
pv_soup_noun,soup,noun,unspecified,A1,PRE_A1,PRE_A1_1,cefrj_plus_primary_heuristic,food_drink,general_english,,Food and drink | Food and drink,candidate,unreviewed,confirm_sense | confirm_primary_stage | add_learner_definition_en | add_learner_meaning_vi | add_forms_and_grammar | add_example_and_media
pv_south_adjective,south,adjective,unspecified,A2,A2,A2_1,cefrj_plus_primary_heuristic,general_language,general_english,,,candidate,unreviewed,confirm_sense | confirm_primary_stage | add_learner_definition_en | add_learner_meaning_vi | add_forms_and_grammar | add_example_and_media
pv_south_adverb,south,adverb,unspecified,A2,A2,A2_2,cefrj_plus_primary_heuristic,general_language,general_english,,,candidate,unreviewed,confirm_sense | confirm_primary_stage | add_learner_definition_en | add_learner_meaning_vi | add_forms_and_grammar | add_example_and_media
pv_spaceship_noun,spaceship,noun,unspecified,A2,A2,A2_1,cefrj_plus_primary_heuristic,global_citizenship,global_studies,,"News, lifestyles and current affairs | Travel",candidate,unreviewed,confirm_sense | confirm_primary_stage | add_learner_definition_en | add_learner_meaning_vi | add_forms_and_grammar | add_example_and_media
pv_spaghetti_noun,spaghetti,noun,unspecified,A2,A2,A2_1,cefrj_plus_primary_heuristic,food_drink,general_english,,Food and drink | Food and drink,candidate,unreviewed,confirm_sense | confirm_primary_stage | add_learner_definition_en | add_learner_meaning_vi | add_forms_and_grammar | add_example_and_media
pv_speak_verb,speak,verb,unspecified,A1,A1,A1_2,cefrj_plus_primary_heuristic,general_language,general_english,,,candidate,unreviewed,confirm_sense | confirm_primary_stage | add_learner_definition_en | add_learner_meaning_vi | add_forms_and_grammar | add_example_and_media
pv_speaker_noun,speaker,noun,unspecified,A2,A2,A2_2,cefrj_plus_primary_heuristic,people_identity,general_english,,Personal identification,candidate,unreviewed,confirm_sense | confirm_primary_stage | add_learner_definition_en | add_learner_meaning_vi | add_forms_and_grammar | add_example_and_media
pv_special_adjective,special,adjective,unspecified,A1,A1,A1_2,cefrj_plus_primary_heuristic,general_language,general_english,,,candidate,unreviewed,confirm_sense | confirm_primary_stage | add_learner_definition_en | add_learner_meaning_vi | add_forms_and_grammar | add_example_and_media
pv_species_noun,species,noun,unspecified,A2,A2,A2_2,primary_curriculum_decision,animals_nature,general_english,,,candidate,unreviewed,confirm_sense | confirm_primary_stage | add_learner_definition_en | add_learner_meaning_vi | add_forms_and_grammar | add_example_and_media
pv_speech_noun,speech,noun,unspecified,A1,PRE_A1,PRE_A1_2,cefrj_plus_primary_heuristic,global_citizenship,global_studies,,"News, lifestyles and current affairs",candidate,unreviewed,confirm_sense | confirm_primary_stage | add_learner_definition_en | add_learner_meaning_vi | add_forms_and_grammar | add_example_and_media
pv_spell_noun,spell,noun,unspecified,A1,A1,A1_2,cefrj_plus_primary_heuristic,general_language,general_english,,,candidate,unreviewed,confirm_sense | confirm_primary_stage | add_learner_definition_en | add_learner_meaning_vi | add_forms_and_grammar | add_example_and_media
pv_spell_verb,spell,verb,unspecified,A2,A2,A2_1,cefrj_plus_primary_heuristic,general_language,general_english,,,candidate,unreviewed,confirm_sense | confirm_primary_stage | add_learner_definition_en | add_learner_meaning_vi | add_forms_and_grammar | add_example_and_media
pv_spend_verb,spend,verb,unspecified,A1,PRE_A1,PRE_A1_2,cefrj_plus_primary_heuristic,general_language,general_english,,,candidate,unreviewed,confirm_sense | confirm_primary_stage | add_learner_definition_en | add_learner_meaning_vi | add_forms_and_grammar | add_example_and_media
pv_spill_verb,spill,verb,unspecified,A2,A2,A2_2,cefrj_plus_primary_heuristic,general_language,general_english,,,candidate,unreviewed,confirm_sense | confirm_primary_stage | add_learner_definition_en | add_learner_meaning_vi | add_forms_and_grammar | add_example_and_media
pv_split_adjective,split,adjective,unspecified,A2,A2,A2_1,cefrj_plus_primary_heuristic,general_language,general_english,,,candidate,unreviewed,confirm_sense | confirm_primary_stage | add_learner_definition_en | add_learner_meaning_vi | add_forms_and_grammar | add_example_and_media
pv_spoon_noun,spoon,noun,unspecified,A2,A2,A2_1,cefrj_plus_primary_heuristic,shopping_money,general_english,,Shopping,candidate,unreviewed,confirm_sense | confirm_primary_stage | add_learner_definition_en | add_learner_meaning_vi | add_forms_and_grammar | add_example_and_media
pv_sport_noun,sport,noun,unspecified,A1,A1,A1_2,cefrj_plus_primary_heuristic,hobbies_free_time,general_english,,"Hobbies and lifestyles | Free time, entertainment",candidate,unreviewed,confirm_sense | confirm_primary_stage | add_learner_definition_en | add_learner_meaning_vi | add_forms_and_grammar | add_example_and_media
pv_spot_noun,spot,noun,unspecified,A1,PRE_A1,PRE_A1_2,cefrj_plus_primary_heuristic,general_language,general_english,,,candidate,unreviewed,confirm_sense | confirm_primary_stage | add_learner_definition_en | add_learner_meaning_vi | add_forms_and_grammar | add_example_and_media
pv_spring_noun,spring,noun,unspecified,A1,PRE_A1,PRE_A1_1,cefrj_plus_primary_heuristic,general_language,general_english,,,candidate,unreviewed,confirm_sense | confirm_primary_stage | add_learner_definition_en | add_learner_meaning_vi | add_forms_and_grammar | add_example_and_media
pv_spy_noun,spy,noun,unspecified,A1,A1,A1_1,cefrj_plus_primary_heuristic,people_identity,general_english,,Personal identification,candidate,unreviewed,confirm_sense | confirm_primary_stage | add_learner_definition_en | add_learner_meaning_vi | add_forms_and_grammar | add_example_and_media
pv_square_adjective,square,adjective,unspecified,A2,A2,A2_1,cefrj_plus_primary_heuristic,general_language,general_english,,,candidate,unreviewed,confirm_sense | confirm_primary_stage | add_learner_definition_en | add_learner_meaning_vi | add_forms_and_grammar | add_example_and_media
pv_staff_noun,staff,noun,unspecified,A2,A2,A2_2,cefrj_plus_primary_heuristic,people_identity,general_english,,Personal identification,candidate,unreviewed,confirm_sense | confirm_primary_stage | add_learner_definition_en | add_learner_meaning_vi | add_forms_and_grammar | add_example_and_media
pv_stage_noun,stage,noun,unspecified,A1,PRE_A1,PRE_A1_2,primary_curriculum_decision,platform_navigation,digital_literacy,,,candidate,unreviewed,confirm_sense | confirm_primary_stage | add_learner_definition_en | add_learner_meaning_vi | add_forms_and_grammar | add_example_and_media
pv_stair_noun,stair,noun,unspecified,A2,A2,A2_2,cefrj_plus_primary_heuristic,home_objects,general_english,,"Objects and rooms | House and home, environment",candidate,unreviewed,confirm_sense | confirm_primary_stage | add_learner_definition_en | add_learner_meaning_vi | add_forms_and_grammar | add_example_and_media
pv_stamp_noun,stamp,noun,unspecified,A2,A2,A2_2,cefrj_plus_primary_heuristic,social_communication,general_english,,Relations with other people,candidate,unreviewed,confirm_sense | confirm_primary_stage | add_learner_definition_en | add_learner_meaning_vi | add_forms_and_grammar | add_example_and_media
pv_stand_noun,stand,noun,unspecified,A1,A1,A1_1,cefrj_plus_primary_heuristic,general_language,general_english,,,candidate,unreviewed,confirm_sense | confirm_primary_stage | add_learner_definition_en | add_learner_meaning_vi | add_forms_and_grammar | add_example_and_media
pv_stand_verb,stand,verb,unspecified,A2,A2,A2_2,cefrj_plus_primary_heuristic,general_language,general_english,,,candidate,unreviewed,confirm_sense | confirm_primary_stage | add_learner_definition_en | add_learner_meaning_vi | add_forms_and_grammar | add_example_and_media
pv_star_noun,star,noun,unspecified,A1,A1,A1_2,cefrj_plus_primary_heuristic,hobbies_free_time,general_english,,"Free time, entertainment",candidate,unreviewed,confirm_sense | confirm_primary_stage | add_learner_definition_en | add_learner_meaning_vi | add_forms_and_grammar | add_example_and_media
pv_start_noun,start,noun,unspecified,A1,A1,A1_2,cefrj_plus_primary_heuristic,general_language,general_english,,,candidate,unreviewed,confirm_sense | confirm_primary_stage | add_learner_definition_en | add_learner_meaning_vi | add_forms_and_grammar | add_example_and_media
pv_start_verb,start,verb,unspecified,A1,A1,A1_1,cefrj_plus_primary_heuristic,general_language,general_english,,,candidate,unreviewed,confirm_sense | confirm_primary_stage | add_learner_definition_en | add_learner_meaning_vi | add_forms_and_grammar | add_example_and_media
pv_statement_noun,statement,noun,unspecified,A2,A2,A2_2,cefrj_plus_primary_heuristic,global_citizenship,global_studies,,"News, lifestyles and current affairs",candidate,unreviewed,confirm_sense | confirm_primary_stage | add_learner_definition_en | add_learner_meaning_vi | add_forms_and_grammar | add_example_and_media
pv_station_noun,station,noun,unspecified,A1,A1,A1_2,cefrj_plus_primary_heuristic,town_services,general_english,,"Things in the town, shops and shopping | Travel",candidate,unreviewed,confirm_sense | confirm_primary_stage | add_learner_definition_en | add_learner_meaning_vi | add_forms_and_grammar | add_example_and_media
pv_statue_noun,statue,noun,unspecified,A2,A2,A2_1,cefrj_plus_primary_heuristic,town_services,general_english,,"Things in the town, shops and shopping",candidate,unreviewed,confirm_sense | confirm_primary_stage | add_learner_definition_en | add_learner_meaning_vi | add_forms_and_grammar | add_example_and_media
pv_stay_verb,stay,verb,unspecified,A1,PRE_A1,PRE_A1_2,cefrj_plus_primary_heuristic,general_language,general_english,,,candidate,unreviewed,confirm_sense | confirm_primary_stage | add_learner_definition_en | add_learner_meaning_vi | add_forms_and_grammar | add_example_and_media
pv_steal_verb,steal,verb,unspecified,A2,A2,A2_1,cefrj_plus_primary_heuristic,general_language,general_english,,,candidate,unreviewed,confirm_sense | confirm_primary_stage | add_learner_definition_en | add_learner_meaning_vi | add_forms_and_grammar | add_example_and_media
pv_step_verb,step,verb,unspecified,A1,A1,A1_2,cefrj_plus_primary_heuristic,general_language,general_english,,,candidate,unreviewed,confirm_sense | confirm_primary_stage | add_learner_definition_en | add_learner_meaning_vi | add_forms_and_grammar | add_example_and_media
pv_still_adjective,still,adjective,unspecified,A1,A1,A1_2,cefrj_plus_primary_heuristic,general_language,general_english,,,candidate,unreviewed,confirm_sense | confirm_primary_stage | add_learner_definition_en | add_learner_meaning_vi | add_forms_and_grammar | add_example_and_media
pv_stomach_noun,stomach,noun,unspecified,A2,A2,A2_2,cefrj_plus_primary_heuristic,travel_transport,general_english,,Travel and services vocab | Health and body care,candidate,unreviewed,confirm_sense | confirm_primary_stage | add_learner_definition_en | add_learner_meaning_vi | add_forms_and_grammar | add_example_and_media
pv_stone_noun,stone,noun,unspecified,A1,A1,A1_2,cefrj_plus_primary_heuristic,general_language,general_english,,,candidate,unreviewed,confirm_sense | confirm_primary_stage | add_learner_definition_en | add_learner_meaning_vi | add_forms_and_grammar | add_example_and_media
pv_stop_noun,stop,noun,unspecified,A1,A1,A1_2,cefrj_plus_primary_heuristic,general_language,general_english,,,candidate,unreviewed,confirm_sense | confirm_primary_stage | add_learner_definition_en | add_learner_meaning_vi | add_forms_and_grammar | add_example_and_media
pv_stop_verb,stop,verb,unspecified,A1,A1,A1_1,cefrj_plus_primary_heuristic,general_language,general_english,,,candidate,unreviewed,confirm_sense | confirm_primary_stage | add_learner_definition_en | add_learner_meaning_vi | add_forms_and_grammar | add_example_and_media
pv_store_noun,store,noun,unspecified,A1,A1,A1_2,cefrj_plus_primary_heuristic,town_services,general_english,,"Things in the town, shops and shopping",candidate,unreviewed,confirm_sense | confirm_primary_stage | add_learner_definition_en | add_learner_meaning_vi | add_forms_and_grammar | add_example_and_media
pv_story_noun,story,noun,unspecified,A1,PRE_A1,PRE_A1_2,cefrj_plus_primary_heuristic,stories_reading,general_english,,"Books and literature | Free time, entertainment",candidate,unreviewed,confirm_sense | confirm_primary_stage | add_learner_definition_en | add_learner_meaning_vi | add_forms_and_grammar | add_example_and_media
pv_stove_noun,stove,noun,unspecified,A2,A2,A2_1,cefrj_plus_primary_heuristic,home_objects,general_english,,"Objects and rooms | House and home, environment",candidate,unreviewed,confirm_sense | confirm_primary_stage | add_learner_definition_en | add_learner_meaning_vi | add_forms_and_grammar | add_example_and_media
pv_straight_adjective,straight,adjective,unspecified,A2,A2,A2_2,cefrj_plus_primary_heuristic,general_language,general_english,,,candidate,unreviewed,confirm_sense | confirm_primary_stage | add_learner_definition_en | add_learner_meaning_vi | add_forms_and_grammar | add_example_and_media
pv_straight_adverb,straight,adverb,unspecified,A1,A1,A1_1,cefrj_plus_primary_heuristic,general_language,general_english,,,candidate,unreviewed,confirm_sense | confirm_primary_stage | add_learner_definition_en | add_learner_meaning_vi | add_forms_and_grammar | add_example_and_media
pv_strange_adjective,strange,adjective,unspecified,A1,A1,A1_1,cefrj_plus_primary_heuristic,general_language,general_english,,,candidate,unreviewed,confirm_sense | confirm_primary_stage | add_learner_definition_en | add_learner_meaning_vi | add_forms_and_grammar | add_example_and_media
pv_street_noun,street,noun,unspecified,A1,A1,A1_2,cefrj_plus_primary_heuristic,town_services,general_english,,"Things in the town, shops and shopping | House and home, environment",candidate,unreviewed,confirm_sense | confirm_primary_stage | add_learner_definition_en | add_learner_meaning_vi | add_forms_and_grammar | add_example_and_media
pv_strict_adjective,strict,adjective,unspecified,A1,A1,A1_2,cefrj_plus_primary_heuristic,general_language,general_english,,,candidate,unreviewed,confirm_sense | confirm_primary_stage | add_learner_definition_en | add_learner_meaning_vi | add_forms_and_grammar | add_example_and_media
pv_strong_adjective,strong,adjective,unspecified,A1,PRE_A1,PRE_A1_2,cefrj_plus_primary_heuristic,general_language,general_english,,,candidate,unreviewed,confirm_sense | confirm_primary_stage | add_learner_definition_en | add_learner_meaning_vi | add_forms_and_grammar | add_example_and_media
pv_strongly_adverb,strongly,adverb,unspecified,A2,A2,A2_1,cefrj_plus_primary_heuristic,general_language,general_english,,,candidate,unreviewed,confirm_sense | confirm_primary_stage | add_learner_definition_en | add_learner_meaning_vi | add_forms_and_grammar | add_example_and_media
pv_student_noun,student,noun,unspecified,A1,PRE_A1,PRE_A1_2,cefrj_plus_primary_heuristic,school_learning,general_english,,Education | Education,candidate,unreviewed,confirm_sense | confirm_primary_stage | add_learner_definition_en | add_learner_meaning_vi | add_forms_and_grammar | add_example_and_media
pv_study_noun,study,noun,unspecified,A2,A2,A2_1,cefrj_plus_primary_heuristic,school_learning,general_english,,Education | Education,candidate,unreviewed,confirm_sense | confirm_primary_stage | add_learner_definition_en | add_learner_meaning_vi | add_forms_and_grammar | add_example_and_media
pv_study_verb,study,verb,unspecified,A1,A1,A1_2,cefrj_plus_primary_heuristic,general_language,general_english,,,candidate,unreviewed,confirm_sense | confirm_primary_stage | add_learner_definition_en | add_learner_meaning_vi | add_forms_and_grammar | add_example_and_media
pv_subject_noun,subject,noun,unspecified,A1,A1,A1_2,cefrj_plus_primary_heuristic,school_learning,general_english,,Education,candidate,unreviewed,confirm_sense | confirm_primary_stage | add_learner_definition_en | add_learner_meaning_vi | add_forms_and_grammar | add_example_and_media
pv_subway_noun,subway,noun,unspecified,A1,PRE_A1,PRE_A1_1,cefrj_plus_primary_heuristic,town_services,general_english,,"Things in the town, shops and shopping | Travel",candidate,unreviewed,confirm_sense | confirm_primary_stage | add_learner_definition_en | add_learner_meaning_vi | add_forms_and_grammar | add_example_and_media
pv_succeed_verb,succeed,verb,unspecified,A2,A2,A2_1,cefrj_plus_primary_heuristic,general_language,general_english,,,candidate,unreviewed,confirm_sense | confirm_primary_stage | add_learner_definition_en | add_learner_meaning_vi | add_forms_and_grammar | add_example_and_media
pv_successful_adjective,successful,adjective,unspecified,A1,A1,A1_1,cefrj_plus_primary_heuristic,general_language,general_english,,,candidate,unreviewed,confirm_sense | confirm_primary_stage | add_learner_definition_en | add_learner_meaning_vi | add_forms_and_grammar | add_example_and_media
pv_such_determiner,such,determiner,unspecified,A2,A2,A2_2,cefrj_plus_primary_heuristic,general_language,general_english,,,candidate,unreviewed,confirm_sense | confirm_primary_stage | add_learner_definition_en | add_learner_meaning_vi | add_forms_and_grammar | add_example_and_media
pv_such_pronoun,such,pronoun,unspecified,A2,A2,A2_1,cefrj_plus_primary_heuristic,general_language,general_english,,,candidate,unreviewed,confirm_sense | confirm_primary_stage | add_learner_definition_en | add_learner_meaning_vi | add_forms_and_grammar | add_example_and_media
pv_sudden_adjective,sudden,adjective,unspecified,A2,A2,A2_2,cefrj_plus_primary_heuristic,general_language,general_english,,,candidate,unreviewed,confirm_sense | confirm_primary_stage | add_learner_definition_en | add_learner_meaning_vi | add_forms_and_grammar | add_example_and_media
pv_sugar_noun,sugar,noun,unspecified,A1,PRE_A1,PRE_A1_2,cefrj_plus_primary_heuristic,food_drink,general_english,,Food and drink | Food and drink,candidate,unreviewed,confirm_sense | confirm_primary_stage | add_learner_definition_en | add_learner_meaning_vi | add_forms_and_grammar | add_example_and_media
pv_suggest_verb,suggest,verb,unspecified,A2,A2,A2_2,cefrj_plus_primary_heuristic,general_language,general_english,,,candidate,unreviewed,confirm_sense | confirm_primary_stage | add_learner_definition_en | add_learner_meaning_vi | add_forms_and_grammar | add_example_and_media
pv_suggestion_noun,suggestion,noun,unspecified,A1,A1,A1_2,cefrj_plus_primary_heuristic,general_language,general_english,,,candidate,unreviewed,confirm_sense | confirm_primary_stage | add_learner_definition_en | add_learner_meaning_vi | add_forms_and_grammar | add_example_and_media
pv_suit_verb,suit,verb,unspecified,A2,A2,A2_1,cefrj_plus_primary_heuristic,general_language,general_english,,,candidate,unreviewed,confirm_sense | confirm_primary_stage | add_learner_definition_en | add_learner_meaning_vi | add_forms_and_grammar | add_example_and_media
pv_suitable_adjective,suitable,adjective,unspecified,A2,A2,A2_1,cefrj_plus_primary_heuristic,general_language,general_english,,,candidate,unreviewed,confirm_sense | confirm_primary_stage | add_learner_definition_en | add_learner_meaning_vi | add_forms_and_grammar | add_example_and_media
pv_suitcase_noun,suitcase,noun,unspecified,A2,A2,A2_1,cefrj_plus_primary_heuristic,travel_transport,general_english,,Travel and services vocab | Travel,candidate,unreviewed,confirm_sense | confirm_primary_stage | add_learner_definition_en | add_learner_meaning_vi | add_forms_and_grammar | add_example_and_media
pv_sum_noun,sum,noun,unspecified,A1,PRE_A1,PRE_A1_2,cefrj_plus_primary_heuristic,general_language,general_english,,,candidate,unreviewed,confirm_sense | confirm_primary_stage | add_learner_definition_en | add_learner_meaning_vi | add_forms_and_grammar | add_example_and_media
pv_summary_noun,summary,noun,unspecified,A2,A2,A2_1,cefrj_plus_primary_heuristic,school_learning,general_english,,Education | Education,candidate,unreviewed,confirm_sense | confirm_primary_stage | add_learner_definition_en | add_learner_meaning_vi | add_forms_and_grammar | add_example_and_media
pv_summer_noun,summer,noun,unspecified,A1,A1,A1_2,cefrj_plus_primary_heuristic,general_language,general_english,,,candidate,unreviewed,confirm_sense | confirm_primary_stage | add_learner_definition_en | add_learner_meaning_vi | add_forms_and_grammar | add_example_and_media
pv_sun_noun,sun,noun,unspecified,A1,A1,A1_2,cefrj_plus_primary_heuristic,weather_seasons,general_english,,Weather,candidate,unreviewed,confirm_sense | confirm_primary_stage | add_learner_definition_en | add_learner_meaning_vi | add_forms_and_grammar | add_example_and_media
pv_sunday_noun,Sunday,noun,unspecified,A1,PRE_A1,PRE_A1_2,cefrj_plus_primary_heuristic,general_language,general_english,,,candidate,unreviewed,confirm_sense | confirm_primary_stage | add_learner_definition_en | add_learner_meaning_vi | add_forms_and_grammar | add_example_and_media
pv_sunglasses_noun,sunglasses,noun,unspecified,A2,A2,A2_1,cefrj_plus_primary_heuristic,shopping_money,general_english,,Shopping,candidate,unreviewed,confirm_sense | confirm_primary_stage | add_learner_definition_en | add_learner_meaning_vi | add_forms_and_grammar | add_example_and_media
pv_sunny_adjective,sunny,adjective,unspecified,A1,PRE_A1,PRE_A1_2,cefrj_plus_primary_heuristic,general_language,general_english,,,candidate,unreviewed,confirm_sense | confirm_primary_stage | add_learner_definition_en | add_learner_meaning_vi | add_forms_and_grammar | add_example_and_media
pv_sunshine_noun,sunshine,noun,unspecified,A1,PRE_A1,PRE_A1_2,cefrj_plus_primary_heuristic,weather_seasons,general_english,,Weather,candidate,unreviewed,confirm_sense | confirm_primary_stage | add_learner_definition_en | add_learner_meaning_vi | add_forms_and_grammar | add_example_and_media
pv_super_adjective,super,adjective,unspecified,A1,A1,A1_2,cefrj_plus_primary_heuristic,general_language,general_english,,,candidate,unreviewed,confirm_sense | confirm_primary_stage | add_learner_definition_en | add_learner_meaning_vi | add_forms_and_grammar | add_example_and_media
pv_supermarket_noun,supermarket,noun,unspecified,A1,A1,A1_2,cefrj_plus_primary_heuristic,town_services,general_english,,"Things in the town, shops and shopping | Shopping",candidate,unreviewed,confirm_sense | confirm_primary_stage | add_learner_definition_en | add_learner_meaning_vi | add_forms_and_grammar | add_example_and_media
pv_superstar_noun,superstar,noun,unspecified,A2,A2,A2_1,cefrj_plus_primary_heuristic,digital_media,digital_literacy,,Media | Relations with other people,candidate,unreviewed,confirm_sense | confirm_primary_stage | add_learner_definition_en | add_learner_meaning_vi | add_forms_and_grammar | add_example_and_media
pv_sure_adjective,sure,adjective,unspecified,A1,A1,A1_2,cefrj_plus_primary_heuristic,general_language,general_english,,,candidate,unreviewed,confirm_sense | confirm_primary_stage | add_learner_definition_en | add_learner_meaning_vi | add_forms_and_grammar | add_example_and_media
pv_sure_adverb,sure,adverb,unspecified,A2,A2,A2_2,cefrj_plus_primary_heuristic,general_language,general_english,,,candidate,unreviewed,confirm_sense | confirm_primary_stage | add_learner_definition_en | add_learner_meaning_vi | add_forms_and_grammar | add_example_and_media
pv_surf_noun,surf,noun,unspecified,A1,A1,A1_2,cefrj_plus_primary_heuristic,hobbies_free_time,general_english,,"Free time, entertainment",candidate,unreviewed,confirm_sense | confirm_primary_stage | add_learner_definition_en | add_learner_meaning_vi | add_forms_and_grammar | add_example_and_media
pv_surf_verb,surf,verb,unspecified,A2,A2,A2_1,cefrj_plus_primary_heuristic,general_language,general_english,,,candidate,unreviewed,confirm_sense | confirm_primary_stage | add_learner_definition_en | add_learner_meaning_vi | add_forms_and_grammar | add_example_and_media
pv_surfing_noun,surfing,noun,unspecified,A2,A2,A2_1,cefrj_plus_primary_heuristic,hobbies_free_time,general_english,,"Free time, entertainment",candidate,unreviewed,confirm_sense | confirm_primary_stage | add_learner_definition_en | add_learner_meaning_vi | add_forms_and_grammar | add_example_and_media
pv_surname_noun,surname,noun,unspecified,A2,A2,A2_2,cefrj_plus_primary_heuristic,people_identity,general_english,,Personal identification,candidate,unreviewed,confirm_sense | confirm_primary_stage | add_learner_definition_en | add_learner_meaning_vi | add_forms_and_grammar | add_example_and_media
pv_surprise_noun,surprise,noun,unspecified,A1,A1,A1_2,cefrj_plus_primary_heuristic,general_language,general_english,,,candidate,unreviewed,confirm_sense | confirm_primary_stage | add_learner_definition_en | add_learner_meaning_vi | add_forms_and_grammar | add_example_and_media
pv_surprised_adjective,surprised,adjective,unspecified,A2,A2,A2_1,cefrj_plus_primary_heuristic,general_language,general_english,,,candidate,unreviewed,confirm_sense | confirm_primary_stage | add_learner_definition_en | add_learner_meaning_vi | add_forms_and_grammar | add_example_and_media
pv_surprising_adjective,surprising,adjective,unspecified,A2,A2,A2_2,cefrj_plus_primary_heuristic,general_language,general_english,,,candidate,unreviewed,confirm_sense | confirm_primary_stage | add_learner_definition_en | add_learner_meaning_vi | add_forms_and_grammar | add_example_and_media
pv_survey_noun,survey,noun,unspecified,A1,PRE_A1,PRE_A1_1,cefrj_plus_primary_heuristic,general_language,general_english,,,candidate,unreviewed,confirm_sense | confirm_primary_stage | add_learner_definition_en | add_learner_meaning_vi | add_forms_and_grammar | add_example_and_media
pv_survive_verb,survive,verb,unspecified,A2,A2,A2_2,cefrj_plus_primary_heuristic,general_language,general_english,,,candidate,unreviewed,confirm_sense | confirm_primary_stage | add_learner_definition_en | add_learner_meaning_vi | add_forms_and_grammar | add_example_and_media
pv_swallow_verb,swallow,verb,unspecified,A2,A2,A2_1,cefrj_plus_primary_heuristic,general_language,general_english,,,candidate,unreviewed,confirm_sense | confirm_primary_stage | add_learner_definition_en | add_learner_meaning_vi | add_forms_and_grammar | add_example_and_media
pv_sweat_verb,sweat,verb,unspecified,A2,A2,A2_2,cefrj_plus_primary_heuristic,general_language,general_english,,,candidate,unreviewed,confirm_sense | confirm_primary_stage | add_learner_definition_en | add_learner_meaning_vi | add_forms_and_grammar | add_example_and_media
pv_sweet_adjective,sweet,adjective,unspecified,A1,A1,A1_1,cefrj_plus_primary_heuristic,general_language,general_english,,,candidate,unreviewed,confirm_sense | confirm_primary_stage | add_learner_definition_en | add_learner_meaning_vi | add_forms_and_grammar | add_example_and_media
pv_sweetheart_noun,sweetheart,noun,unspecified,A2,A2,A2_1,cefrj_plus_primary_heuristic,family_friends,general_english,,Family life,candidate,unreviewed,confirm_sense | confirm_primary_stage | add_learner_definition_en | add_learner_meaning_vi | add_forms_and_grammar | add_example_and_media
pv_swim_noun,swim,noun,unspecified,A1,PRE_A1,PRE_A1_2,cefrj_plus_primary_heuristic,hobbies_free_time,general_english,,"Leisure activities | Free time, entertainment",candidate,unreviewed,confirm_sense | confirm_primary_stage | add_learner_definition_en | add_learner_meaning_vi | add_forms_and_grammar | add_example_and_media
pv_swim_verb,swim,verb,unspecified,A1,A1,A1_2,cefrj_plus_primary_heuristic,general_language,general_english,,,candidate,unreviewed,confirm_sense | confirm_primary_stage | add_learner_definition_en | add_learner_meaning_vi | add_forms_and_grammar | add_example_and_media
pv_swimming_noun,swimming,noun,unspecified,A1,PRE_A1,PRE_A1_2,cefrj_plus_primary_heuristic,hobbies_free_time,general_english,,"Leisure activities | Free time, entertainment",candidate,unreviewed,confirm_sense | confirm_primary_stage | add_learner_definition_en | add_learner_meaning_vi | add_forms_and_grammar | add_example_and_media
pv_swimming_pool_noun,swimming pool,noun,unspecified,A1,PRE_A1,PRE_A1_2,cefrj_plus_primary_heuristic,hobbies_free_time,general_english,,"Leisure activities | Free time, entertainment",candidate,unreviewed,confirm_sense | confirm_primary_stage | add_learner_definition_en | add_learner_meaning_vi | add_forms_and_grammar | add_example_and_media
pv_swimsuit_noun,swimsuit,noun,unspecified,A2,A2,A2_2,cefrj_plus_primary_heuristic,shopping_money,general_english,,Shopping,candidate,unreviewed,confirm_sense | confirm_primary_stage | add_learner_definition_en | add_learner_meaning_vi | add_forms_and_grammar | add_example_and_media
pv_swipe_verb,swipe,verb,unspecified,A2,A2,A2_1,primary_curriculum_decision,digital_media,digital_literacy,,,candidate,unreviewed,confirm_sense | confirm_primary_stage | add_learner_definition_en | add_learner_meaning_vi | add_forms_and_grammar | add_example_and_media
pv_t_shirt_noun,T-shirt,noun,unspecified,A1,PRE_A1,PRE_A1_2,cefrj_plus_primary_heuristic,clothes_appearance,general_english,tee-shirt,Clothes | Shopping,candidate,unreviewed,confirm_sense | confirm_primary_stage | add_learner_definition_en | add_learner_meaning_vi | add_forms_and_grammar | add_example_and_media
pv_table_noun,table,noun,unspecified,A1,PRE_A1,PRE_A1_2,cefrj_plus_primary_heuristic,home_objects,general_english,,"Objects and rooms | House and home, environment",candidate,unreviewed,confirm_sense | confirm_primary_stage | add_learner_definition_en | add_learner_meaning_vi | add_forms_and_grammar | add_example_and_media
pv_take_verb,take,verb,unspecified,A1,A1,A1_1,cefrj_plus_primary_heuristic,general_language,general_english,,,candidate,unreviewed,confirm_sense | confirm_primary_stage | add_learner_definition_en | add_learner_meaning_vi | add_forms_and_grammar | add_example_and_media
pv_talk_verb,talk,verb,unspecified,A1,PRE_A1,PRE_A1_2,cefrj_plus_primary_heuristic,general_language,general_english,,,candidate,unreviewed,confirm_sense | confirm_primary_stage | add_learner_definition_en | add_learner_meaning_vi | add_forms_and_grammar | add_example_and_media
pv_tall_adjective,tall,adjective,unspecified,A1,A1,A1_2,cefrj_plus_primary_heuristic,general_language,general_english,,,candidate,unreviewed,confirm_sense | confirm_primary_stage | add_learner_definition_en | add_learner_meaning_vi | add_forms_and_grammar | add_example_and_media
pv_tap_noun,tap,noun,unspecified,A2,A2,A2_1,cefrj_plus_primary_heuristic,home_objects,general_english,,"Objects and rooms | House and home, environment",candidate,unreviewed,confirm_sense | confirm_primary_stage | add_learner_definition_en | add_learner_meaning_vi | add_forms_and_grammar | add_example_and_media
pv_taxi_noun,taxi,noun,unspecified,A1,A1,A1_2,cefrj_plus_primary_heuristic,travel_transport,general_english,,Ways of travelling | Travel,candidate,unreviewed,confirm_sense | confirm_primary_stage | add_learner_definition_en | add_learner_meaning_vi | add_forms_and_grammar | add_example_and_media
pv_tea_noun,tea,noun,unspecified,A1,PRE_A1,PRE_A1_2,cefrj_plus_primary_heuristic,food_drink,general_english,,Food and drink | Food and drink,candidate,unreviewed,confirm_sense | confirm_primary_stage | add_learner_definition_en | add_learner_meaning_vi | add_forms_and_grammar | add_example_and_media
pv_teach_verb,teach,verb,unspecified,A1,A1,A1_2,cefrj_plus_primary_heuristic,general_language,general_english,,,candidate,unreviewed,confirm_sense | confirm_primary_stage | add_learner_definition_en | add_learner_meaning_vi | add_forms_and_grammar | add_example_and_media
pv_teacher_noun,teacher,noun,unspecified,A1,PRE_A1,PRE_A1_1,cefrj_plus_primary_heuristic,school_learning,general_english,,Education | Work and Jobs | Education,candidate,unreviewed,confirm_sense | confirm_primary_stage | add_learner_definition_en | add_learner_meaning_vi | add_forms_and_grammar | add_example_and_media
pv_team_noun,team,noun,unspecified,A1,A1,A1_2,cefrj_plus_primary_heuristic,hobbies_free_time,general_english,,"Free time, entertainment",candidate,unreviewed,confirm_sense | confirm_primary_stage | add_learner_definition_en | add_learner_meaning_vi | add_forms_and_grammar | add_example_and_media
pv_technology_noun,technology,noun,unspecified,A1,A1,A1_2,cefrj_plus_primary_heuristic,jobs_community,general_english,,Work and Jobs,candidate,unreviewed,confirm_sense | confirm_primary_stage | add_learner_definition_en | add_learner_meaning_vi | add_forms_and_grammar | add_example_and_media
pv_teenage_adjective,teenage,adjective,unspecified,A2,A2,A2_1,cefrj_plus_primary_heuristic,general_language,general_english,,,candidate,unreviewed,confirm_sense | confirm_primary_stage | add_learner_definition_en | add_learner_meaning_vi | add_forms_and_grammar | add_example_and_media
pv_teenager_noun,teenager,noun,unspecified,A2,A2,A2_2,cefrj_plus_primary_heuristic,personal_information,general_english,,Personal information | Personal identification,candidate,unreviewed,confirm_sense | confirm_primary_stage | add_learner_definition_en | add_learner_meaning_vi | add_forms_and_grammar | add_example_and_media
pv_telephone_noun,telephone,noun,unspecified,A1,PRE_A1,PRE_A1_1,cefrj_plus_primary_heuristic,home_objects,general_english,,Objects and rooms | Services,candidate,unreviewed,confirm_sense | confirm_primary_stage | add_learner_definition_en | add_learner_meaning_vi | add_forms_and_grammar | add_example_and_media
pv_telephone_verb,telephone,verb,unspecified,A2,A2,A2_2,cefrj_plus_primary_heuristic,general_language,general_english,,,candidate,unreviewed,confirm_sense | confirm_primary_stage | add_learner_definition_en | add_learner_meaning_vi | add_forms_and_grammar | add_example_and_media
pv_television_noun,television,noun,unspecified,A1,PRE_A1,PRE_A1_1,cefrj_plus_primary_heuristic,home_objects,general_english,,"Objects and rooms | Free time, entertainment",candidate,unreviewed,confirm_sense | confirm_primary_stage | add_learner_definition_en | add_learner_meaning_vi | add_forms_and_grammar | add_example_and_media
pv_tell_verb,tell,verb,unspecified,A1,PRE_A1,PRE_A1_2,cefrj_plus_primary_heuristic,general_language,general_english,,,candidate,unreviewed,confirm_sense | confirm_primary_stage | add_learner_definition_en | add_learner_meaning_vi | add_forms_and_grammar | add_example_and_media
pv_temperature_noun,temperature,noun,unspecified,A2,A2,A2_2,primary_curriculum_decision,science_inquiry,academic_clil,,,candidate,unreviewed,confirm_sense | confirm_primary_stage | add_learner_definition_en | add_learner_meaning_vi | add_forms_and_grammar | add_example_and_media
pv_temple_noun,temple,noun,unspecified,A1,A1,A1_1,cefrj_plus_primary_heuristic,town_services,general_english,,"Things in the town, shops and shopping | Personal identification",candidate,unreviewed,confirm_sense | confirm_primary_stage | add_learner_definition_en | add_learner_meaning_vi | add_forms_and_grammar | add_example_and_media
pv_ten_number,ten,number,unspecified,A1,PRE_A1,PRE_A1_2,cefrj_plus_primary_heuristic,general_language,general_english,,,candidate,unreviewed,confirm_sense | confirm_primary_stage | add_learner_definition_en | add_learner_meaning_vi | add_forms_and_grammar | add_example_and_media
pv_tennis_noun,tennis,noun,unspecified,A1,A1,A1_2,cefrj_plus_primary_heuristic,hobbies_free_time,general_english,,"Leisure activities | Free time, entertainment",candidate,unreviewed,confirm_sense | confirm_primary_stage | add_learner_definition_en | add_learner_meaning_vi | add_forms_and_grammar | add_example_and_media
pv_terrible_adjective,terrible,adjective,unspecified,A1,A1,A1_2,cefrj_plus_primary_heuristic,general_language,general_english,,,candidate,unreviewed,confirm_sense | confirm_primary_stage | add_learner_definition_en | add_learner_meaning_vi | add_forms_and_grammar | add_example_and_media
pv_terrify_verb,terrify,verb,unspecified,A2,A2,A2_1,cefrj_plus_primary_heuristic,general_language,general_english,,,candidate,unreviewed,confirm_sense | confirm_primary_stage | add_learner_definition_en | add_learner_meaning_vi | add_forms_and_grammar | add_example_and_media
pv_terrorist_adjective,terrorist,adjective,unspecified,A2,A2,A2_1,cefrj_plus_primary_heuristic,general_language,general_english,,,candidate,unreviewed,confirm_sense | confirm_primary_stage | add_learner_definition_en | add_learner_meaning_vi | add_forms_and_grammar | add_example_and_media
pv_test_noun,test,noun,unspecified,A1,PRE_A1,PRE_A1_1,cefrj_plus_primary_heuristic,school_learning,general_english,,Education | Education,candidate,unreviewed,confirm_sense | confirm_primary_stage | add_learner_definition_en | add_learner_meaning_vi | add_forms_and_grammar | add_example_and_media
pv_text_verb,text,verb,unspecified,A2,A2,A2_1,cefrj_plus_primary_heuristic,general_language,general_english,,,candidate,unreviewed,confirm_sense | confirm_primary_stage | add_learner_definition_en | add_learner_meaning_vi | add_forms_and_grammar | add_example_and_media
pv_than_conjunction,than,conjunction,unspecified,A1,PRE_A1,PRE_A1_2,cefrj_plus_primary_heuristic,general_language,general_english,,,candidate,unreviewed,confirm_sense | confirm_primary_stage | add_learner_definition_en | add_learner_meaning_vi | add_forms_and_grammar | add_example_and_media
pv_than_preposition,than,preposition,unspecified,A1,PRE_A1,PRE_A1_2,cefrj_plus_primary_heuristic,general_language,general_english,,,candidate,unreviewed,confirm_sense | confirm_primary_stage | add_learner_definition_en | add_learner_meaning_vi | add_forms_and_grammar | add_example_and_media
pv_thank_verb,thank,verb,unspecified,A1,A1,A1_2,cefrj_plus_primary_heuristic,general_language,general_english,,,candidate,unreviewed,confirm_sense | confirm_primary_stage | add_learner_definition_en | add_learner_meaning_vi | add_forms_and_grammar | add_example_and_media
pv_thanks_noun,thanks,noun,unspecified,A1,PRE_A1,PRE_A1_2,cefrj_plus_primary_heuristic,general_language,general_english,,,candidate,unreviewed,confirm_sense | confirm_primary_stage | add_learner_definition_en | add_learner_meaning_vi | add_forms_and_grammar | add_example_and_media
pv_that_conjunction,that,conjunction,unspecified,A1,PRE_A1,PRE_A1_1,cefrj_plus_primary_heuristic,general_language,general_english,,,candidate,unreviewed,confirm_sense | confirm_primary_stage | add_learner_definition_en | add_learner_meaning_vi | add_forms_and_grammar | add_example_and_media
pv_that_determiner,that,determiner,unspecified,A1,PRE_A1,PRE_A1_1,cefrj_plus_primary_heuristic,general_language,general_english,,,candidate,unreviewed,confirm_sense | confirm_primary_stage | add_learner_definition_en | add_learner_meaning_vi | add_forms_and_grammar | add_example_and_media
pv_that_pronoun,that,pronoun,unspecified,A1,PRE_A1,PRE_A1_2,cefrj_plus_primary_heuristic,general_language,general_english,,,candidate,unreviewed,confirm_sense | confirm_primary_stage | add_learner_definition_en | add_learner_meaning_vi | add_forms_and_grammar | add_example_and_media
pv_the_determiner,the,determiner,unspecified,A1,PRE_A1,PRE_A1_1,cefrj_plus_primary_heuristic,general_language,general_english,,,candidate,unreviewed,confirm_sense | confirm_primary_stage | add_learner_definition_en | add_learner_meaning_vi | add_forms_and_grammar | add_example_and_media
pv_theater_noun,theater,noun,unspecified,A1,A1,A1_2,cefrj_plus_primary_heuristic,town_services,general_english,theatre,"Things in the town, shops and shopping | Free time, entertainment",candidate,unreviewed,confirm_sense | confirm_primary_stage | add_learner_definition_en | add_learner_meaning_vi | add_forms_and_grammar | add_example_and_media
pv_their_determiner,their,determiner,unspecified,A1,PRE_A1,PRE_A1_2,cefrj_plus_primary_heuristic,general_language,general_english,,,candidate,unreviewed,confirm_sense | confirm_primary_stage | add_learner_definition_en | add_learner_meaning_vi | add_forms_and_grammar | add_example_and_media
pv_theirs_pronoun,theirs,pronoun,unspecified,A2,A2,A2_2,cefrj_plus_primary_heuristic,general_language,general_english,,,candidate,unreviewed,confirm_sense | confirm_primary_stage | add_learner_definition_en | add_learner_meaning_vi | add_forms_and_grammar | add_example_and_media
pv_them_pronoun,them,pronoun,unspecified,A1,PRE_A1,PRE_A1_1,cefrj_plus_primary_heuristic,general_language,general_english,,,candidate,unreviewed,confirm_sense | confirm_primary_stage | add_learner_definition_en | add_learner_meaning_vi | add_forms_and_grammar | add_example_and_media
pv_themselves_pronoun,themselves,pronoun,unspecified,A2,A2,A2_1,cefrj_plus_primary_heuristic,general_language,general_english,,,candidate,unreviewed,confirm_sense | confirm_primary_stage | add_learner_definition_en | add_learner_meaning_vi | add_forms_and_grammar | add_example_and_media
pv_then_adverb,then,adverb,unspecified,A1,PRE_A1,PRE_A1_2,cefrj_plus_primary_heuristic,general_language,general_english,,,candidate,unreviewed,confirm_sense | confirm_primary_stage | add_learner_definition_en | add_learner_meaning_vi | add_forms_and_grammar | add_example_and_media
pv_there_adverb,there,adverb,unspecified,A1,A1,A1_2,cefrj_plus_primary_heuristic,general_language,general_english,,,candidate,unreviewed,confirm_sense | confirm_primary_stage | add_learner_definition_en | add_learner_meaning_vi | add_forms_and_grammar | add_example_and_media
pv_therefore_adverb,therefore,adverb,unspecified,A2,A2,A2_2,cefrj_plus_primary_heuristic,general_language,general_english,,,candidate,unreviewed,confirm_sense | confirm_primary_stage | add_learner_definition_en | add_learner_meaning_vi | add_forms_and_grammar | add_example_and_media
pv_these_determiner,these,determiner,unspecified,A1,PRE_A1,PRE_A1_2,cefrj_plus_primary_heuristic,general_language,general_english,,,candidate,unreviewed,confirm_sense | confirm_primary_stage | add_learner_definition_en | add_learner_meaning_vi | add_forms_and_grammar | add_example_and_media
pv_these_pronoun,these,pronoun,unspecified,A1,PRE_A1,PRE_A1_1,cefrj_plus_primary_heuristic,general_language,general_english,,,candidate,unreviewed,confirm_sense | confirm_primary_stage | add_learner_definition_en | add_learner_meaning_vi | add_forms_and_grammar | add_example_and_media
pv_they_pronoun,they,pronoun,unspecified,A1,PRE_A1,PRE_A1_1,cefrj_plus_primary_heuristic,general_language,general_english,,,candidate,unreviewed,confirm_sense | confirm_primary_stage | add_learner_definition_en | add_learner_meaning_vi | add_forms_and_grammar | add_example_and_media
pv_thick_adjective,thick,adjective,unspecified,A1,PRE_A1,PRE_A1_1,cefrj_plus_primary_heuristic,general_language,general_english,,,candidate,unreviewed,confirm_sense | confirm_primary_stage | add_learner_definition_en | add_learner_meaning_vi | add_forms_and_grammar | add_example_and_media
pv_thin_adjective,thin,adjective,unspecified,A1,PRE_A1,PRE_A1_1,cefrj_plus_primary_heuristic,general_language,general_english,,,candidate,unreviewed,confirm_sense | confirm_primary_stage | add_learner_definition_en | add_learner_meaning_vi | add_forms_and_grammar | add_example_and_media
pv_thing_noun,thing,noun,unspecified,A1,PRE_A1,PRE_A1_2,cefrj_plus_primary_heuristic,general_language,general_english,,,candidate,unreviewed,confirm_sense | confirm_primary_stage | add_learner_definition_en | add_learner_meaning_vi | add_forms_and_grammar | add_example_and_media
pv_think_verb,think,verb,unspecified,A1,A1,A1_2,cefrj_plus_primary_heuristic,general_language,general_english,,,candidate,unreviewed,confirm_sense | confirm_primary_stage | add_learner_definition_en | add_learner_meaning_vi | add_forms_and_grammar | add_example_and_media
pv_third_adjective,third,adjective,unspecified,A2,A2,A2_1,cefrj_plus_primary_heuristic,general_language,general_english,,,candidate,unreviewed,confirm_sense | confirm_primary_stage | add_learner_definition_en | add_learner_meaning_vi | add_forms_and_grammar | add_example_and_media
pv_thirsty_adjective,thirsty,adjective,unspecified,A2,A2,A2_1,cefrj_plus_primary_heuristic,general_language,general_english,,,candidate,unreviewed,confirm_sense | confirm_primary_stage | add_learner_definition_en | add_learner_meaning_vi | add_forms_and_grammar | add_example_and_media
pv_thirteen_number,thirteen,number,unspecified,A1,PRE_A1,PRE_A1_2,cefrj_plus_primary_heuristic,general_language,general_english,,,candidate,unreviewed,confirm_sense | confirm_primary_stage | add_learner_definition_en | add_learner_meaning_vi | add_forms_and_grammar | add_example_and_media
pv_thirty_number,thirty,number,unspecified,A1,PRE_A1,PRE_A1_1,cefrj_plus_primary_heuristic,general_language,general_english,,,candidate,unreviewed,confirm_sense | confirm_primary_stage | add_learner_definition_en | add_learner_meaning_vi | add_forms_and_grammar | add_example_and_media
pv_this_determiner,this,determiner,unspecified,A1,PRE_A1,PRE_A1_1,cefrj_plus_primary_heuristic,general_language,general_english,,,candidate,unreviewed,confirm_sense | confirm_primary_stage | add_learner_definition_en | add_learner_meaning_vi | add_forms_and_grammar | add_example_and_media
pv_this_pronoun,this,pronoun,unspecified,A1,PRE_A1,PRE_A1_1,cefrj_plus_primary_heuristic,general_language,general_english,,,candidate,unreviewed,confirm_sense | confirm_primary_stage | add_learner_definition_en | add_learner_meaning_vi | add_forms_and_grammar | add_example_and_media
pv_those_determiner,those,determiner,unspecified,A1,PRE_A1,PRE_A1_1,cefrj_plus_primary_heuristic,general_language,general_english,,,candidate,unreviewed,confirm_sense | confirm_primary_stage | add_learner_definition_en | add_learner_meaning_vi | add_forms_and_grammar | add_example_and_media
pv_those_pronoun,those,pronoun,unspecified,A1,PRE_A1,PRE_A1_2,cefrj_plus_primary_heuristic,general_language,general_english,,,candidate,unreviewed,confirm_sense | confirm_primary_stage | add_learner_definition_en | add_learner_meaning_vi | add_forms_and_grammar | add_example_and_media
pv_though_conjunction,though,conjunction,unspecified,A2,A2,A2_2,cefrj_plus_primary_heuristic,general_language,general_english,,,candidate,unreviewed,confirm_sense | confirm_primary_stage | add_learner_definition_en | add_learner_meaning_vi | add_forms_and_grammar | add_example_and_media
pv_thousand_number,thousand,number,unspecified,A2,A2,A2_1,cefrj_plus_primary_heuristic,general_language,general_english,,,candidate,unreviewed,confirm_sense | confirm_primary_stage | add_learner_definition_en | add_learner_meaning_vi | add_forms_and_grammar | add_example_and_media
pv_three_number,three,number,unspecified,A1,PRE_A1,PRE_A1_2,cefrj_plus_primary_heuristic,general_language,general_english,,,candidate,unreviewed,confirm_sense | confirm_primary_stage | add_learner_definition_en | add_learner_meaning_vi | add_forms_and_grammar | add_example_and_media
pv_through_preposition,through,preposition,unspecified,A1,PRE_A1,PRE_A1_2,cefrj_plus_primary_heuristic,general_language,general_english,,,candidate,unreviewed,confirm_sense | confirm_primary_stage | add_learner_definition_en | add_learner_meaning_vi | add_forms_and_grammar | add_example_and_media
pv_throw_noun,throw,noun,unspecified,A1,PRE_A1,PRE_A1_1,cefrj_plus_primary_heuristic,general_language,general_english,,,candidate,unreviewed,confirm_sense | confirm_primary_stage | add_learner_definition_en | add_learner_meaning_vi | add_forms_and_grammar | add_example_and_media
pv_thursday_noun,Thursday,noun,unspecified,A1,A1,A1_1,cefrj_plus_primary_heuristic,general_language,general_english,,,candidate,unreviewed,confirm_sense | confirm_primary_stage | add_learner_definition_en | add_learner_meaning_vi | add_forms_and_grammar | add_example_and_media
pv_ticket_noun,ticket,noun,unspecified,A1,A1,A1_2,cefrj_plus_primary_heuristic,hobbies_free_time,general_english,,"Free time, entertainment",candidate,unreviewed,confirm_sense | confirm_primary_stage | add_learner_definition_en | add_learner_meaning_vi | add_forms_and_grammar | add_example_and_media
pv_tidy_verb,tidy,verb,unspecified,A2,A2,A2_1,cefrj_plus_primary_heuristic,general_language,general_english,,,candidate,unreviewed,confirm_sense | confirm_primary_stage | add_learner_definition_en | add_learner_meaning_vi | add_forms_and_grammar | add_example_and_media
pv_tie_noun,tie,noun,unspecified,A2,A2,A2_2,cefrj_plus_primary_heuristic,clothes_appearance,general_english,,Clothes | Shopping,candidate,unreviewed,confirm_sense | confirm_primary_stage | add_learner_definition_en | add_learner_meaning_vi | add_forms_and_grammar | add_example_and_media
pv_tiger_noun,tiger,noun,unspecified,A1,PRE_A1,PRE_A1_1,cefrj_plus_primary_heuristic,general_language,general_english,,,candidate,unreviewed,confirm_sense | confirm_primary_stage | add_learner_definition_en | add_learner_meaning_vi | add_forms_and_grammar | add_example_and_media
pv_tight_adjective,tight,adjective,unspecified,A1,A1,A1_1,cefrj_plus_primary_heuristic,general_language,general_english,,,candidate,unreviewed,confirm_sense | confirm_primary_stage | add_learner_definition_en | add_learner_meaning_vi | add_forms_and_grammar | add_example_and_media
pv_tights_noun,tights,noun,unspecified,A2,A2,A2_1,cefrj_plus_primary_heuristic,shopping_money,general_english,,Shopping,candidate,unreviewed,confirm_sense | confirm_primary_stage | add_learner_definition_en | add_learner_meaning_vi | add_forms_and_grammar | add_example_and_media
pv_till_preposition,till,preposition,unspecified,A2,A2,A2_2,cefrj_plus_primary_heuristic,general_language,general_english,,,candidate,unreviewed,confirm_sense | confirm_primary_stage | add_learner_definition_en | add_learner_meaning_vi | add_forms_and_grammar | add_example_and_media
pv_time_noun,time,noun,unspecified,A1,PRE_A1,PRE_A1_2,cefrj_plus_primary_heuristic,general_language,general_english,,,candidate,unreviewed,confirm_sense | confirm_primary_stage | add_learner_definition_en | add_learner_meaning_vi | add_forms_and_grammar | add_example_and_media
pv_tired_adjective,tired,adjective,unspecified,A1,A1,A1_2,cefrj_plus_primary_heuristic,general_language,general_english,,,candidate,unreviewed,confirm_sense | confirm_primary_stage | add_learner_definition_en | add_learner_meaning_vi | add_forms_and_grammar | add_example_and_media
pv_title_noun,title,noun,unspecified,A2,A2,A2_2,cefrj_plus_primary_heuristic,stories_reading,general_english,,"Books and literature | Free time, entertainment",candidate,unreviewed,confirm_sense | confirm_primary_stage | add_learner_definition_en | add_learner_meaning_vi | add_forms_and_grammar | add_example_and_media
pv_to_particle,to,particle,unspecified,A1,PRE_A1,PRE_A1_2,cefrj_plus_primary_heuristic,general_language,general_english,,,candidate,unreviewed,confirm_sense | confirm_primary_stage | add_learner_definition_en | add_learner_meaning_vi | add_forms_and_grammar | add_example_and_media
pv_to_preposition,to,preposition,unspecified,A1,PRE_A1,PRE_A1_1,cefrj_plus_primary_heuristic,general_language,general_english,,,candidate,unreviewed,confirm_sense | confirm_primary_stage | add_learner_definition_en | add_learner_meaning_vi | add_forms_and_grammar | add_example_and_media
pv_toast_noun,toast,noun,unspecified,A2,A2,A2_2,cefrj_plus_primary_heuristic,food_drink,general_english,,Food and drink | Food and drink,candidate,unreviewed,confirm_sense | confirm_primary_stage | add_learner_definition_en | add_learner_meaning_vi | add_forms_and_grammar | add_example_and_media
pv_today_adverb,today,adverb,unspecified,A1,PRE_A1,PRE_A1_1,cefrj_plus_primary_heuristic,general_language,general_english,,,candidate,unreviewed,confirm_sense | confirm_primary_stage | add_learner_definition_en | add_learner_meaning_vi | add_forms_and_grammar | add_example_and_media
pv_today_noun,today,noun,unspecified,A1,A1,A1_2,cefrj_plus_primary_heuristic,general_language,general_english,,,candidate,unreviewed,confirm_sense | confirm_primary_stage | add_learner_definition_en | add_learner_meaning_vi | add_forms_and_grammar | add_example_and_media
pv_toe_noun,toe,noun,unspecified,A2,A2,A2_2,cefrj_plus_primary_heuristic,body_health,general_english,,Health and body care,candidate,unreviewed,confirm_sense | confirm_primary_stage | add_learner_definition_en | add_learner_meaning_vi | add_forms_and_grammar | add_example_and_media
pv_together_adverb,together,adverb,unspecified,A1,PRE_A1,PRE_A1_1,cefrj_plus_primary_heuristic,general_language,general_english,,,candidate,unreviewed,confirm_sense | confirm_primary_stage | add_learner_definition_en | add_learner_meaning_vi | add_forms_and_grammar | add_example_and_media
pv_toilet_noun,toilet,noun,unspecified,A1,PRE_A1,PRE_A1_2,cefrj_plus_primary_heuristic,home_objects,general_english,,"Objects and rooms | House and home, environment",candidate,unreviewed,confirm_sense | confirm_primary_stage | add_learner_definition_en | add_learner_meaning_vi | add_forms_and_grammar | add_example_and_media
pv_tomato_noun,tomato,noun,unspecified,A1,PRE_A1,PRE_A1_1,cefrj_plus_primary_heuristic,food_drink,general_english,,Food and drink | Food and drink,candidate,unreviewed,confirm_sense | confirm_primary_stage | add_learner_definition_en | add_learner_meaning_vi | add_forms_and_grammar | add_example_and_media
pv_tomorrow_adverb,tomorrow,adverb,unspecified,A1,A1,A1_2,cefrj_plus_primary_heuristic,general_language,general_english,,,candidate,unreviewed,confirm_sense | confirm_primary_stage | add_learner_definition_en | add_learner_meaning_vi | add_forms_and_grammar | add_example_and_media
pv_tomorrow_noun,tomorrow,noun,unspecified,A1,A1,A1_2,cefrj_plus_primary_heuristic,general_language,general_english,,,candidate,unreviewed,confirm_sense | confirm_primary_stage | add_learner_definition_en | add_learner_meaning_vi | add_forms_and_grammar | add_example_and_media
pv_tonight_adverb,tonight,adverb,unspecified,A1,A1,A1_2,cefrj_plus_primary_heuristic,general_language,general_english,,,candidate,unreviewed,confirm_sense | confirm_primary_stage | add_learner_definition_en | add_learner_meaning_vi | add_forms_and_grammar | add_example_and_media
pv_too_adverb,too,adverb,unspecified,A1,A1,A1_2,cefrj_plus_primary_heuristic,general_language,general_english,,,candidate,unreviewed,confirm_sense | confirm_primary_stage | add_learner_definition_en | add_learner_meaning_vi | add_forms_and_grammar | add_example_and_media
pv_tool_noun,tool,noun,unspecified,A1,PRE_A1,PRE_A1_1,cefrj_plus_primary_heuristic,home_objects,general_english,,Objects and rooms,candidate,unreviewed,confirm_sense | confirm_primary_stage | add_learner_definition_en | add_learner_meaning_vi | add_forms_and_grammar | add_example_and_media
pv_tooth_noun,tooth,noun,unspecified,A1,PRE_A1,PRE_A1_2,cefrj_plus_primary_heuristic,travel_transport,general_english,,Travel and services vocab | Health and body care,candidate,unreviewed,confirm_sense | confirm_primary_stage | add_learner_definition_en | add_learner_meaning_vi | add_forms_and_grammar | add_example_and_media
pv_toothbrush_noun,toothbrush,noun,unspecified,A2,A2,A2_1,cefrj_plus_primary_heuristic,shopping_money,general_english,,Shopping,candidate,unreviewed,confirm_sense | confirm_primary_stage | add_learner_definition_en | add_learner_meaning_vi | add_forms_and_grammar | add_example_and_media
pv_top_noun,top,noun,unspecified,A1,A1,A1_2,cefrj_plus_primary_heuristic,general_language,general_english,,,candidate,unreviewed,confirm_sense | confirm_primary_stage | add_learner_definition_en | add_learner_meaning_vi | add_forms_and_grammar | add_example_and_media
pv_topic_noun,topic,noun,unspecified,A1,PRE_A1,PRE_A1_1,cefrj_plus_primary_heuristic,general_language,general_english,,,candidate,unreviewed,confirm_sense | confirm_primary_stage | add_learner_definition_en | add_learner_meaning_vi | add_forms_and_grammar | add_example_and_media
pv_touch_noun,touch,noun,unspecified,A1,A1,A1_1,cefrj_plus_primary_heuristic,general_language,general_english,,,candidate,unreviewed,confirm_sense | confirm_primary_stage | add_learner_definition_en | add_learner_meaning_vi | add_forms_and_grammar | add_example_and_media
pv_tour_noun,tour,noun,unspecified,A2,A2,A2_1,cefrj_plus_primary_heuristic,travel_transport,general_english,,Travel and services vocab | Travel,candidate,unreviewed,confirm_sense | confirm_primary_stage | add_learner_definition_en | add_learner_meaning_vi | add_forms_and_grammar | add_example_and_media
pv_tourist_noun,tourist,noun,unspecified,A2,A2,A2_1,cefrj_plus_primary_heuristic,travel_transport,general_english,,Travel and services vocab | Travel,candidate,unreviewed,confirm_sense | confirm_primary_stage | add_learner_definition_en | add_learner_meaning_vi | add_forms_and_grammar | add_example_and_media
pv_toward_preposition,toward,preposition,unspecified,A2,A2,A2_1,cefrj_plus_primary_heuristic,general_language,general_english,towards,,candidate,unreviewed,confirm_sense | confirm_primary_stage | add_learner_definition_en | add_learner_meaning_vi | add_forms_and_grammar | add_example_and_media
pv_towel_noun,towel,noun,unspecified,A1,PRE_A1,PRE_A1_2,cefrj_plus_primary_heuristic,home_objects,general_english,,Objects and rooms | Shopping,candidate,unreviewed,confirm_sense | confirm_primary_stage | add_learner_definition_en | add_learner_meaning_vi | add_forms_and_grammar | add_example_and_media
pv_tower_noun,tower,noun,unspecified,A1,A1,A1_2,cefrj_plus_primary_heuristic,town_services,general_english,,"Things in the town, shops and shopping | House and home, environment",candidate,unreviewed,confirm_sense | confirm_primary_stage | add_learner_definition_en | add_learner_meaning_vi | add_forms_and_grammar | add_example_and_media
pv_town_noun,town,noun,unspecified,A1,PRE_A1,PRE_A1_1,cefrj_plus_primary_heuristic,world_places,general_english,,"Nationalities and countries | House and home, environment",candidate,unreviewed,confirm_sense | confirm_primary_stage | add_learner_definition_en | add_learner_meaning_vi | add_forms_and_grammar | add_example_and_media
pv_toy_noun,toy,noun,unspecified,A1,A1,A1_2,cefrj_plus_primary_heuristic,home_objects,general_english,,"Objects and rooms | Free time, entertainment",candidate,unreviewed,confirm_sense | confirm_primary_stage | add_learner_definition_en | add_learner_meaning_vi | add_forms_and_grammar | add_example_and_media
pv_trade_noun,trade,noun,unspecified,A2,A2,A2_2,cefrj_plus_primary_heuristic,jobs_community,general_english,,Work and Jobs,candidate,unreviewed,confirm_sense | confirm_primary_stage | add_learner_definition_en | add_learner_meaning_vi | add_forms_and_grammar | add_example_and_media
pv_traffic_noun,traffic,noun,unspecified,A2,A2,A2_1,cefrj_plus_primary_heuristic,town_services,general_english,,"Things in the town, shops and shopping | Services",candidate,unreviewed,confirm_sense | confirm_primary_stage | add_learner_definition_en | add_learner_meaning_vi | add_forms_and_grammar | add_example_and_media
pv_train_noun,train,noun,unspecified,A1,A1,A1_2,cefrj_plus_primary_heuristic,travel_transport,general_english,,Ways of travelling | Travel,candidate,unreviewed,confirm_sense | confirm_primary_stage | add_learner_definition_en | add_learner_meaning_vi | add_forms_and_grammar | add_example_and_media
pv_train_verb,train,verb,unspecified,A2,A2,A2_2,cefrj_plus_primary_heuristic,general_language,general_english,,,candidate,unreviewed,confirm_sense | confirm_primary_stage | add_learner_definition_en | add_learner_meaning_vi | add_forms_and_grammar | add_example_and_media
pv_training_noun,training,noun,unspecified,A2,A2,A2_1,cefrj_plus_primary_heuristic,jobs_community,general_english,,Work and Jobs,candidate,unreviewed,confirm_sense | confirm_primary_stage | add_learner_definition_en | add_learner_meaning_vi | add_forms_and_grammar | add_example_and_media
pv_tram_noun,tram,noun,unspecified,A2,A2,A2_1,cefrj_plus_primary_heuristic,travel_transport,general_english,,Travel,candidate,unreviewed,confirm_sense | confirm_primary_stage | add_learner_definition_en | add_learner_meaning_vi | add_forms_and_grammar | add_example_and_media
pv_travel_noun,travel,noun,unspecified,A2,A2,A2_1,cefrj_plus_primary_heuristic,hobbies_free_time,general_english,,"Hobbies and pastimes | Free time, entertainment",candidate,unreviewed,confirm_sense | confirm_primary_stage | add_learner_definition_en | add_learner_meaning_vi | add_forms_and_grammar | add_example_and_media
pv_travel_verb,travel,verb,unspecified,A1,PRE_A1,PRE_A1_1,cefrj_plus_primary_heuristic,general_language,general_english,,,candidate,unreviewed,confirm_sense | confirm_primary_stage | add_learner_definition_en | add_learner_meaning_vi | add_forms_and_grammar | add_example_and_media
pv_treasure_noun,treasure,noun,unspecified,A2,A2,A2_1,cefrj_plus_primary_heuristic,personal_information,general_english,,Personal information,candidate,unreviewed,confirm_sense | confirm_primary_stage | add_learner_definition_en | add_learner_meaning_vi | add_forms_and_grammar | add_example_and_media
pv_tree_noun,tree,noun,unspecified,A1,A1,A1_2,cefrj_plus_primary_heuristic,home_objects,general_english,,"Objects and rooms | House and home, environment",candidate,unreviewed,confirm_sense | confirm_primary_stage | add_learner_definition_en | add_learner_meaning_vi | add_forms_and_grammar | add_example_and_media
pv_trip_noun,trip,noun,unspecified,A1,PRE_A1,PRE_A1_2,cefrj_plus_primary_heuristic,hobbies_free_time,general_english,,Hobbies and pastimes | Travel,candidate,unreviewed,confirm_sense | confirm_primary_stage | add_learner_definition_en | add_learner_meaning_vi | add_forms_and_grammar | add_example_and_media
pv_trousers_noun,trousers,noun,unspecified,A1,PRE_A1,PRE_A1_1,cefrj_plus_primary_heuristic,clothes_appearance,general_english,,Clothes | Shopping,candidate,unreviewed,confirm_sense | confirm_primary_stage | add_learner_definition_en | add_learner_meaning_vi | add_forms_and_grammar | add_example_and_media
pv_truck_noun,truck,noun,unspecified,A1,PRE_A1,PRE_A1_2,cefrj_plus_primary_heuristic,town_services,general_english,,"Things in the town, shops and shopping | Travel",candidate,unreviewed,confirm_sense | confirm_primary_stage | add_learner_definition_en | add_learner_meaning_vi | add_forms_and_grammar | add_example_and_media
pv_true_adjective,true,adjective,unspecified,A1,A1,A1_2,cefrj_plus_primary_heuristic,general_language,general_english,,,candidate,unreviewed,confirm_sense | confirm_primary_stage | add_learner_definition_en | add_learner_meaning_vi | add_forms_and_grammar | add_example_and_media
pv_truly_adverb,truly,adverb,unspecified,A2,A2,A2_1,cefrj_plus_primary_heuristic,general_language,general_english,,,candidate,unreviewed,confirm_sense | confirm_primary_stage | add_learner_definition_en | add_learner_meaning_vi | add_forms_and_grammar | add_example_and_media
pv_trust_verb,trust,verb,unspecified,A2,A2,A2_2,cefrj_plus_primary_heuristic,general_language,general_english,,,candidate,unreviewed,confirm_sense | confirm_primary_stage | add_learner_definition_en | add_learner_meaning_vi | add_forms_and_grammar | add_example_and_media
pv_try_noun,try,noun,unspecified,A1,A1,A1_2,cefrj_plus_primary_heuristic,general_language,general_english,,,candidate,unreviewed,confirm_sense | confirm_primary_stage | add_learner_definition_en | add_learner_meaning_vi | add_forms_and_grammar | add_example_and_media
pv_tube_noun,tube,noun,unspecified,A1,A1,A1_1,cefrj_plus_primary_heuristic,general_language,general_english,,,candidate,unreviewed,confirm_sense | confirm_primary_stage | add_learner_definition_en | add_learner_meaning_vi | add_forms_and_grammar | add_example_and_media
pv_tuesday_noun,Tuesday,noun,unspecified,A1,A1,A1_1,cefrj_plus_primary_heuristic,general_language,general_english,,,candidate,unreviewed,confirm_sense | confirm_primary_stage | add_learner_definition_en | add_learner_meaning_vi | add_forms_and_grammar | add_example_and_media
pv_tune_noun,tune,noun,unspecified,A2,A2,A2_2,cefrj_plus_primary_heuristic,hobbies_free_time,general_english,,"Free time, entertainment",candidate,unreviewed,confirm_sense | confirm_primary_stage | add_learner_definition_en | add_learner_meaning_vi | add_forms_and_grammar | add_example_and_media
pv_turkey_noun,turkey,noun,unspecified,A1,PRE_A1,PRE_A1_2,cefrj_plus_primary_heuristic,food_drink,general_english,,Food and drink | Food and drink,candidate,unreviewed,confirm_sense | confirm_primary_stage | add_learner_definition_en | add_learner_meaning_vi | add_forms_and_grammar | add_example_and_media
pv_turn_noun,turn,noun,unspecified,A1,A1,A1_1,cefrj_plus_primary_heuristic,general_language,general_english,,,candidate,unreviewed,confirm_sense | confirm_primary_stage | add_learner_definition_en | add_learner_meaning_vi | add_forms_and_grammar | add_example_and_media
pv_turn_verb,turn,verb,unspecified,A1,A1,A1_2,cefrj_plus_primary_heuristic,general_language,general_english,,,candidate,unreviewed,confirm_sense | confirm_primary_stage | add_learner_definition_en | add_learner_meaning_vi | add_forms_and_grammar | add_example_and_media
pv_tv_noun,TV,noun,unspecified,A1,PRE_A1,PRE_A1_1,cefrj_plus_primary_heuristic,home_objects,general_english,,"Objects and rooms | House and home, environment",candidate,unreviewed,confirm_sense | confirm_primary_stage | add_learner_definition_en | add_learner_meaning_vi | add_forms_and_grammar | add_example_and_media
pv_twelve_number,twelve,number,unspecified,A1,PRE_A1,PRE_A1_2,cefrj_plus_primary_heuristic,general_language,general_english,,,candidate,unreviewed,confirm_sense | confirm_primary_stage | add_learner_definition_en | add_learner_meaning_vi | add_forms_and_grammar | add_example_and_media
pv_twenty_number,twenty,number,unspecified,A1,PRE_A1,PRE_A1_2,cefrj_plus_primary_heuristic,general_language,general_english,,,candidate,unreviewed,confirm_sense | confirm_primary_stage | add_learner_definition_en | add_learner_meaning_vi | add_forms_and_grammar | add_example_and_media
pv_twice_adverb,twice,adverb,unspecified,A2,A2,A2_2,cefrj_plus_primary_heuristic,general_language,general_english,,,candidate,unreviewed,confirm_sense | confirm_primary_stage | add_learner_definition_en | add_learner_meaning_vi | add_forms_and_grammar | add_example_and_media
pv_two_number,two,number,unspecified,A1,PRE_A1,PRE_A1_2,cefrj_plus_primary_heuristic,general_language,general_english,,,candidate,unreviewed,confirm_sense | confirm_primary_stage | add_learner_definition_en | add_learner_meaning_vi | add_forms_and_grammar | add_example_and_media
pv_type_noun,type,noun,unspecified,A1,A1,A1_2,cefrj_plus_primary_heuristic,general_language,general_english,,,candidate,unreviewed,confirm_sense | confirm_primary_stage | add_learner_definition_en | add_learner_meaning_vi | add_forms_and_grammar | add_example_and_media
pv_ugly_adjective,ugly,adjective,unspecified,A1,A1,A1_2,cefrj_plus_primary_heuristic,general_language,general_english,,,candidate,unreviewed,confirm_sense | confirm_primary_stage | add_learner_definition_en | add_learner_meaning_vi | add_forms_and_grammar | add_example_and_media
pv_umbrella_noun,umbrella,noun,unspecified,A1,A1,A1_2,cefrj_plus_primary_heuristic,home_objects,general_english,,Objects and rooms | Shopping,candidate,unreviewed,confirm_sense | confirm_primary_stage | add_learner_definition_en | add_learner_meaning_vi | add_forms_and_grammar | add_example_and_media
pv_uncertain_adjective,uncertain,adjective,unspecified,A2,A2,A2_2,cefrj_plus_primary_heuristic,general_language,general_english,,,candidate,unreviewed,confirm_sense | confirm_primary_stage | add_learner_definition_en | add_learner_meaning_vi | add_forms_and_grammar | add_example_and_media
pv_uncle_noun,uncle,noun,unspecified,A1,PRE_A1,PRE_A1_1,cefrj_plus_primary_heuristic,family_friends,general_english,,Family life | Personal identification,candidate,unreviewed,confirm_sense | confirm_primary_stage | add_learner_definition_en | add_learner_meaning_vi | add_forms_and_grammar | add_example_and_media
pv_under_preposition,under,preposition,unspecified,A1,PRE_A1,PRE_A1_1,cefrj_plus_primary_heuristic,general_language,general_english,,,candidate,unreviewed,confirm_sense | confirm_primary_stage | add_learner_definition_en | add_learner_meaning_vi | add_forms_and_grammar | add_example_and_media
pv_underline_noun,underline,noun,unspecified,A1,PRE_A1,PRE_A1_1,cefrj_plus_primary_heuristic,general_language,general_english,,,candidate,unreviewed,confirm_sense | confirm_primary_stage | add_learner_definition_en | add_learner_meaning_vi | add_forms_and_grammar | add_example_and_media
pv_understand_verb,understand,verb,unspecified,A2,A2,A2_2,cefrj_plus_primary_heuristic,general_language,general_english,,,candidate,unreviewed,confirm_sense | confirm_primary_stage | add_learner_definition_en | add_learner_meaning_vi | add_forms_and_grammar | add_example_and_media
pv_underwater_adjective,underwater,adjective,unspecified,A2,A2,A2_2,cefrj_plus_primary_heuristic,general_language,general_english,,,candidate,unreviewed,confirm_sense | confirm_primary_stage | add_learner_definition_en | add_learner_meaning_vi | add_forms_and_grammar | add_example_and_media
pv_uneasy_adjective,uneasy,adjective,unspecified,A2,A2,A2_2,cefrj_plus_primary_heuristic,general_language,general_english,,,candidate,unreviewed,confirm_sense | confirm_primary_stage | add_learner_definition_en | add_learner_meaning_vi | add_forms_and_grammar | add_example_and_media
pv_unfair_adjective,unfair,adjective,unspecified,A2,A2,A2_2,cefrj_plus_primary_heuristic,general_language,general_english,,,candidate,unreviewed,confirm_sense | confirm_primary_stage | add_learner_definition_en | add_learner_meaning_vi | add_forms_and_grammar | add_example_and_media
pv_unhappy_adjective,unhappy,adjective,unspecified,A2,A2,A2_1,cefrj_plus_primary_heuristic,general_language,general_english,,,candidate,unreviewed,confirm_sense | confirm_primary_stage | add_learner_definition_en | add_learner_meaning_vi | add_forms_and_grammar | add_example_and_media
pv_unhealthy_adjective,unhealthy,adjective,unspecified,A2,A2,A2_1,cefrj_plus_primary_heuristic,general_language,general_english,,,candidate,unreviewed,confirm_sense | confirm_primary_stage | add_learner_definition_en | add_learner_meaning_vi | add_forms_and_grammar | add_example_and_media
pv_uniform_adjective,uniform,adjective,unspecified,A2,A2,A2_2,cefrj_plus_primary_heuristic,general_language,general_english,,,candidate,unreviewed,confirm_sense | confirm_primary_stage | add_learner_definition_en | add_learner_meaning_vi | add_forms_and_grammar | add_example_and_media
pv_unknown_adjective,unknown,adjective,unspecified,A2,A2,A2_1,cefrj_plus_primary_heuristic,general_language,general_english,,,candidate,unreviewed,confirm_sense | confirm_primary_stage | add_learner_definition_en | add_learner_meaning_vi | add_forms_and_grammar | add_example_and_media
pv_unlike_adjective,unlike,adjective,unspecified,A2,A2,A2_1,cefrj_plus_primary_heuristic,general_language,general_english,,,candidate,unreviewed,confirm_sense | confirm_primary_stage | add_learner_definition_en | add_learner_meaning_vi | add_forms_and_grammar | add_example_and_media
pv_unpleasant_adjective,unpleasant,adjective,unspecified,A2,A2,A2_2,cefrj_plus_primary_heuristic,general_language,general_english,,,candidate,unreviewed,confirm_sense | confirm_primary_stage | add_learner_definition_en | add_learner_meaning_vi | add_forms_and_grammar | add_example_and_media
pv_until_preposition,until,preposition,unspecified,A1,PRE_A1,PRE_A1_2,cefrj_plus_primary_heuristic,general_language,general_english,,,candidate,unreviewed,confirm_sense | confirm_primary_stage | add_learner_definition_en | add_learner_meaning_vi | add_forms_and_grammar | add_example_and_media
pv_unusual_adjective,unusual,adjective,unspecified,A2,A2,A2_1,cefrj_plus_primary_heuristic,general_language,general_english,,,candidate,unreviewed,confirm_sense | confirm_primary_stage | add_learner_definition_en | add_learner_meaning_vi | add_forms_and_grammar | add_example_and_media
pv_up_adverb,up,adverb,unspecified,A2,A2,A2_2,cefrj_plus_primary_heuristic,general_language,general_english,,,candidate,unreviewed,confirm_sense | confirm_primary_stage | add_learner_definition_en | add_learner_meaning_vi | add_forms_and_grammar | add_example_and_media
pv_up_preposition,up,preposition,unspecified,A1,PRE_A1,PRE_A1_1,cefrj_plus_primary_heuristic,general_language,general_english,,,candidate,unreviewed,confirm_sense | confirm_primary_stage | add_learner_definition_en | add_learner_meaning_vi | add_forms_and_grammar | add_example_and_media
pv_upload_verb,upload,verb,unspecified,A2,A2,A2_1,primary_curriculum_decision,digital_media,digital_literacy,,,candidate,unreviewed,confirm_sense | confirm_primary_stage | add_learner_definition_en | add_learner_meaning_vi | add_forms_and_grammar | add_example_and_media
pv_upon_preposition,upon,preposition,unspecified,A2,A2,A2_1,cefrj_plus_primary_heuristic,general_language,general_english,,,candidate,unreviewed,confirm_sense | confirm_primary_stage | add_learner_definition_en | add_learner_meaning_vi | add_forms_and_grammar | add_example_and_media
pv_upset_adjective,upset,adjective,unspecified,A2,A2,A2_1,cefrj_plus_primary_heuristic,general_language,general_english,,,candidate,unreviewed,confirm_sense | confirm_primary_stage | add_learner_definition_en | add_learner_meaning_vi | add_forms_and_grammar | add_example_and_media
pv_upstairs_adverb,upstairs,adverb,unspecified,A2,A2,A2_1,cefrj_plus_primary_heuristic,general_language,general_english,,,candidate,unreviewed,confirm_sense | confirm_primary_stage | add_learner_definition_en | add_learner_meaning_vi | add_forms_and_grammar | add_example_and_media
pv_us_pronoun,us,pronoun,unspecified,A1,PRE_A1,PRE_A1_2,cefrj_plus_primary_heuristic,general_language,general_english,,,candidate,unreviewed,confirm_sense | confirm_primary_stage | add_learner_definition_en | add_learner_meaning_vi | add_forms_and_grammar | add_example_and_media
pv_use_verb,use,verb,unspecified,A1,PRE_A1,PRE_A1_1,cefrj_plus_primary_heuristic,general_language,general_english,,,candidate,unreviewed,confirm_sense | confirm_primary_stage | add_learner_definition_en | add_learner_meaning_vi | add_forms_and_grammar | add_example_and_media
pv_used_adjective,used,adjective,unspecified,A2,A2,A2_1,cefrj_plus_primary_heuristic,general_language,general_english,,,candidate,unreviewed,confirm_sense | confirm_primary_stage | add_learner_definition_en | add_learner_meaning_vi | add_forms_and_grammar | add_example_and_media
pv_useful_adjective,useful,adjective,unspecified,A2,A2,A2_1,cefrj_plus_primary_heuristic,general_language,general_english,,,candidate,unreviewed,confirm_sense | confirm_primary_stage | add_learner_definition_en | add_learner_meaning_vi | add_forms_and_grammar | add_example_and_media
pv_usual_adjective,usual,adjective,unspecified,A2,A2,A2_2,cefrj_plus_primary_heuristic,general_language,general_english,,,candidate,unreviewed,confirm_sense | confirm_primary_stage | add_learner_definition_en | add_learner_meaning_vi | add_forms_and_grammar | add_example_and_media
pv_usually_adverb,usually,adverb,unspecified,A1,PRE_A1,PRE_A1_2,cefrj_plus_primary_heuristic,general_language,general_english,,,candidate,unreviewed,confirm_sense | confirm_primary_stage | add_learner_definition_en | add_learner_meaning_vi | add_forms_and_grammar | add_example_and_media
pv_vacation_noun,vacation,noun,unspecified,A1,A1,A1_2,cefrj_plus_primary_heuristic,holidays_celebrations,general_english,,"Holidays | Free time, entertainment",candidate,unreviewed,confirm_sense | confirm_primary_stage | add_learner_definition_en | add_learner_meaning_vi | add_forms_and_grammar | add_example_and_media
pv_vase_noun,vase,noun,unspecified,A1,PRE_A1,PRE_A1_2,cefrj_plus_primary_heuristic,home_objects,general_english,,Objects and rooms | Shopping,candidate,unreviewed,confirm_sense | confirm_primary_stage | add_learner_definition_en | add_learner_meaning_vi | add_forms_and_grammar | add_example_and_media
pv_vegetable_noun,vegetable,noun,unspecified,A1,PRE_A1,PRE_A1_2,cefrj_plus_primary_heuristic,food_drink,general_english,,Food and drink | Food and drink,candidate,unreviewed,confirm_sense | confirm_primary_stage | add_learner_definition_en | add_learner_meaning_vi | add_forms_and_grammar | add_example_and_media
pv_verb_noun,verb,noun,unspecified,A2,A2,A2_2,cefrj_plus_primary_heuristic,school_learning,general_english,,Education | Language,candidate,unreviewed,confirm_sense | confirm_primary_stage | add_learner_definition_en | add_learner_meaning_vi | add_forms_and_grammar | add_example_and_media
pv_very_adverb,very,adverb,unspecified,A1,PRE_A1,PRE_A1_1,cefrj_plus_primary_heuristic,general_language,general_english,,,candidate,unreviewed,confirm_sense | confirm_primary_stage | add_learner_definition_en | add_learner_meaning_vi | add_forms_and_grammar | add_example_and_media
pv_video_noun,video,noun,unspecified,A1,PRE_A1,PRE_A1_2,cefrj_plus_primary_heuristic,home_objects,general_english,,"Objects and rooms | Free time, entertainment",candidate,unreviewed,confirm_sense | confirm_primary_stage | add_learner_definition_en | add_learner_meaning_vi | add_forms_and_grammar | add_example_and_media
pv_village_noun,village,noun,unspecified,A2,A2,A2_1,cefrj_plus_primary_heuristic,world_places,general_english,,Nationalities and countries | Places,candidate,unreviewed,confirm_sense | confirm_primary_stage | add_learner_definition_en | add_learner_meaning_vi | add_forms_and_grammar | add_example_and_media
pv_visit_noun,visit,noun,unspecified,A1,PRE_A1,PRE_A1_2,cefrj_plus_primary_heuristic,general_language,general_english,,,candidate,unreviewed,confirm_sense | confirm_primary_stage | add_learner_definition_en | add_learner_meaning_vi | add_forms_and_grammar | add_example_and_media
pv_visit_verb,visit,verb,unspecified,A1,PRE_A1,PRE_A1_2,cefrj_plus_primary_heuristic,general_language,general_english,,,candidate,unreviewed,confirm_sense | confirm_primary_stage | add_learner_definition_en | add_learner_meaning_vi | add_forms_and_grammar | add_example_and_media
pv_visitor_noun,visitor,noun,unspecified,A2,A2,A2_2,cefrj_plus_primary_heuristic,people_identity,general_english,,Personal identification,candidate,unreviewed,confirm_sense | confirm_primary_stage | add_learner_definition_en | add_learner_meaning_vi | add_forms_and_grammar | add_example_and_media
pv_volleyball_noun,volleyball,noun,unspecified,A1,PRE_A1,PRE_A1_2,cefrj_plus_primary_heuristic,hobbies_free_time,general_english,,"Leisure activities | Free time, entertainment",candidate,unreviewed,confirm_sense | confirm_primary_stage | add_learner_definition_en | add_learner_meaning_vi | add_forms_and_grammar | add_example_and_media
pv_vote_noun,vote,noun,unspecified,A1,PRE_A1,PRE_A1_1,cefrj_plus_primary_heuristic,global_citizenship,global_studies,,"News, lifestyles and current affairs",candidate,unreviewed,confirm_sense | confirm_primary_stage | add_learner_definition_en | add_learner_meaning_vi | add_forms_and_grammar | add_example_and_media
pv_wait_verb,wait,verb,unspecified,A1,PRE_A1,PRE_A1_2,cefrj_plus_primary_heuristic,general_language,general_english,,,candidate,unreviewed,confirm_sense | confirm_primary_stage | add_learner_definition_en | add_learner_meaning_vi | add_forms_and_grammar | add_example_and_media
pv_waiter_noun,waiter,noun,unspecified,A1,A1,A1_1,cefrj_plus_primary_heuristic,jobs_community,general_english,,Work and Jobs | Food and drink,candidate,unreviewed,confirm_sense | confirm_primary_stage | add_learner_definition_en | add_learner_meaning_vi | add_forms_and_grammar | add_example_and_media
pv_waitress_noun,waitress,noun,unspecified,A1,PRE_A1,PRE_A1_1,cefrj_plus_primary_heuristic,jobs_community,general_english,,Work and Jobs | Personal identification,candidate,unreviewed,confirm_sense | confirm_primary_stage | add_learner_definition_en | add_learner_meaning_vi | add_forms_and_grammar | add_example_and_media
pv_wake_noun,wake,noun,unspecified,A1,A1,A1_2,cefrj_plus_primary_heuristic,general_language,general_english,,,candidate,unreviewed,confirm_sense | confirm_primary_stage | add_learner_definition_en | add_learner_meaning_vi | add_forms_and_grammar | add_example_and_media
pv_walk_noun,walk,noun,unspecified,A1,A1,A1_2,cefrj_plus_primary_heuristic,hobbies_free_time,general_english,,"Free time, entertainment",candidate,unreviewed,confirm_sense | confirm_primary_stage | add_learner_definition_en | add_learner_meaning_vi | add_forms_and_grammar | add_example_and_media
pv_walk_verb,walk,verb,unspecified,A1,PRE_A1,PRE_A1_2,cefrj_plus_primary_heuristic,general_language,general_english,,,candidate,unreviewed,confirm_sense | confirm_primary_stage | add_learner_definition_en | add_learner_meaning_vi | add_forms_and_grammar | add_example_and_media
pv_wall_noun,wall,noun,unspecified,A1,PRE_A1,PRE_A1_1,cefrj_plus_primary_heuristic,home_objects,general_english,,"Objects and rooms | House and home, environment",candidate,unreviewed,confirm_sense | confirm_primary_stage | add_learner_definition_en | add_learner_meaning_vi | add_forms_and_grammar | add_example_and_media
pv_wallet_noun,wallet,noun,unspecified,A2,A2,A2_2,cefrj_plus_primary_heuristic,shopping_money,general_english,,Shopping | Shopping,candidate,unreviewed,confirm_sense | confirm_primary_stage | add_learner_definition_en | add_learner_meaning_vi | add_forms_and_grammar | add_example_and_media
pv_wander_verb,wander,verb,unspecified,A2,A2,A2_2,cefrj_plus_primary_heuristic,general_language,general_english,,,candidate,unreviewed,confirm_sense | confirm_primary_stage | add_learner_definition_en | add_learner_meaning_vi | add_forms_and_grammar | add_example_and_media
pv_want_verb,want,verb,unspecified,A1,A1,A1_1,cefrj_plus_primary_heuristic,general_language,general_english,,,candidate,unreviewed,confirm_sense | confirm_primary_stage | add_learner_definition_en | add_learner_meaning_vi | add_forms_and_grammar | add_example_and_media
pv_warm_adjective,warm,adjective,unspecified,A1,PRE_A1,PRE_A1_1,cefrj_plus_primary_heuristic,general_language,general_english,,,candidate,unreviewed,confirm_sense | confirm_primary_stage | add_learner_definition_en | add_learner_meaning_vi | add_forms_and_grammar | add_example_and_media
pv_was_verb,was,verb,unspecified,A1,PRE_A1,PRE_A1_2,cefrj_plus_primary_heuristic,general_language,general_english,,,candidate,unreviewed,confirm_sense | confirm_primary_stage | add_learner_definition_en | add_learner_meaning_vi | add_forms_and_grammar | add_example_and_media
pv_wash_noun,wash,noun,unspecified,A1,PRE_A1,PRE_A1_2,cefrj_plus_primary_heuristic,daily_routines,general_english,,Daily life,candidate,unreviewed,confirm_sense | confirm_primary_stage | add_learner_definition_en | add_learner_meaning_vi | add_forms_and_grammar | add_example_and_media
pv_wash_verb,wash,verb,unspecified,A1,A1,A1_2,cefrj_plus_primary_heuristic,general_language,general_english,,,candidate,unreviewed,confirm_sense | confirm_primary_stage | add_learner_definition_en | add_learner_meaning_vi | add_forms_and_grammar | add_example_and_media
pv_watch_noun,watch,noun,unspecified,A1,PRE_A1,PRE_A1_2,cefrj_plus_primary_heuristic,home_objects,general_english,,"Objects and rooms | House and home, environment",candidate,unreviewed,confirm_sense | confirm_primary_stage | add_learner_definition_en | add_learner_meaning_vi | add_forms_and_grammar | add_example_and_media
pv_watch_verb,watch,verb,unspecified,A1,A1,A1_1,cefrj_plus_primary_heuristic,general_language,general_english,,,candidate,unreviewed,confirm_sense | confirm_primary_stage | add_learner_definition_en | add_learner_meaning_vi | add_forms_and_grammar | add_example_and_media
pv_water_noun,water,noun,unspecified,A1,PRE_A1,PRE_A1_1,cefrj_plus_primary_heuristic,food_drink,general_english,,Food and drink,candidate,unreviewed,confirm_sense | confirm_primary_stage | add_learner_definition_en | add_learner_meaning_vi | add_forms_and_grammar | add_example_and_media
pv_way_noun,way,noun,unspecified,A1,PRE_A1,PRE_A1_2,cefrj_plus_primary_heuristic,travel_transport,general_english,,Travel,candidate,unreviewed,confirm_sense | confirm_primary_stage | add_learner_definition_en | add_learner_meaning_vi | add_forms_and_grammar | add_example_and_media
pv_we_pronoun,we,pronoun,unspecified,A1,PRE_A1,PRE_A1_2,cefrj_plus_primary_heuristic,general_language,general_english,,,candidate,unreviewed,confirm_sense | confirm_primary_stage | add_learner_definition_en | add_learner_meaning_vi | add_forms_and_grammar | add_example_and_media
pv_weak_adjective,weak,adjective,unspecified,A2,A2,A2_1,cefrj_plus_primary_heuristic,general_language,general_english,,,candidate,unreviewed,confirm_sense | confirm_primary_stage | add_learner_definition_en | add_learner_meaning_vi | add_forms_and_grammar | add_example_and_media
pv_wealth_noun,wealth,noun,unspecified,A2,A2,A2_2,cefrj_plus_primary_heuristic,personal_information,general_english,,Personal information,candidate,unreviewed,confirm_sense | confirm_primary_stage | add_learner_definition_en | add_learner_meaning_vi | add_forms_and_grammar | add_example_and_media
pv_wear_verb,wear,verb,unspecified,A1,A1,A1_2,cefrj_plus_primary_heuristic,general_language,general_english,,,candidate,unreviewed,confirm_sense | confirm_primary_stage | add_learner_definition_en | add_learner_meaning_vi | add_forms_and_grammar | add_example_and_media
pv_weather_noun,weather,noun,unspecified,A1,PRE_A1,PRE_A1_2,cefrj_plus_primary_heuristic,weather_seasons,general_english,,Weather,candidate,unreviewed,confirm_sense | confirm_primary_stage | add_learner_definition_en | add_learner_meaning_vi | add_forms_and_grammar | add_example_and_media
pv_web_noun,web,noun,unspecified,A2,A2,A2_1,cefrj_plus_primary_heuristic,digital_media,digital_literacy,,"Media | Free time, entertainment",candidate,unreviewed,confirm_sense | confirm_primary_stage | add_learner_definition_en | add_learner_meaning_vi | add_forms_and_grammar | add_example_and_media
pv_website_noun,website,noun,unspecified,A1,A1,A1_2,primary_curriculum_decision,digital_media,digital_literacy,,,candidate,unreviewed,confirm_sense | confirm_primary_stage | add_learner_definition_en | add_learner_meaning_vi | add_forms_and_grammar | add_example_and_media
pv_wedding_noun,wedding,noun,unspecified,A2,A2,A2_2,cefrj_plus_primary_heuristic,family_friends,general_english,,Family life | Daily life,candidate,unreviewed,confirm_sense | confirm_primary_stage | add_learner_definition_en | add_learner_meaning_vi | add_forms_and_grammar | add_example_and_media
pv_wednesday_noun,Wednesday,noun,unspecified,A1,PRE_A1,PRE_A1_1,cefrj_plus_primary_heuristic,general_language,general_english,,,candidate,unreviewed,confirm_sense | confirm_primary_stage | add_learner_definition_en | add_learner_meaning_vi | add_forms_and_grammar | add_example_and_media
pv_week_noun,week,noun,unspecified,A1,A1,A1_2,cefrj_plus_primary_heuristic,general_language,general_english,,,candidate,unreviewed,confirm_sense | confirm_primary_stage | add_learner_definition_en | add_learner_meaning_vi | add_forms_and_grammar | add_example_and_media
pv_weekend_noun,weekend,noun,unspecified,A1,A1,A1_2,cefrj_plus_primary_heuristic,general_language,general_english,,,candidate,unreviewed,confirm_sense | confirm_primary_stage | add_learner_definition_en | add_learner_meaning_vi | add_forms_and_grammar | add_example_and_media
pv_weekly_adjective,weekly,adjective,unspecified,A2,A2,A2_2,cefrj_plus_primary_heuristic,general_language,general_english,,,candidate,unreviewed,confirm_sense | confirm_primary_stage | add_learner_definition_en | add_learner_meaning_vi | add_forms_and_grammar | add_example_and_media
pv_weekly_adverb,weekly,adverb,unspecified,A2,A2,A2_1,cefrj_plus_primary_heuristic,general_language,general_english,,,candidate,unreviewed,confirm_sense | confirm_primary_stage | add_learner_definition_en | add_learner_meaning_vi | add_forms_and_grammar | add_example_and_media
pv_weigh_verb,weigh,verb,unspecified,A2,A2,A2_2,cefrj_plus_primary_heuristic,general_language,general_english,,,candidate,unreviewed,confirm_sense | confirm_primary_stage | add_learner_definition_en | add_learner_meaning_vi | add_forms_and_grammar | add_example_and_media
pv_welcome_interjection,welcome,interjection,unspecified,A1,PRE_A1,PRE_A1_2,cefrj_plus_primary_heuristic,general_language,general_english,,,candidate,unreviewed,confirm_sense | confirm_primary_stage | add_learner_definition_en | add_learner_meaning_vi | add_forms_and_grammar | add_example_and_media
pv_welcome_verb,welcome,verb,unspecified,A1,A1,A1_2,cefrj_plus_primary_heuristic,general_language,general_english,,,candidate,unreviewed,confirm_sense | confirm_primary_stage | add_learner_definition_en | add_learner_meaning_vi | add_forms_and_grammar | add_example_and_media
pv_well_adjective,well,adjective,unspecified,A1,PRE_A1,PRE_A1_1,cefrj_plus_primary_heuristic,general_language,general_english,,,candidate,unreviewed,confirm_sense | confirm_primary_stage | add_learner_definition_en | add_learner_meaning_vi | add_forms_and_grammar | add_example_and_media
pv_well_adverb,well,adverb,unspecified,A1,A1,A1_2,cefrj_plus_primary_heuristic,general_language,general_english,,,candidate,unreviewed,confirm_sense | confirm_primary_stage | add_learner_definition_en | add_learner_meaning_vi | add_forms_and_grammar | add_example_and_media
pv_well_known_adjective,well-known,adjective,unspecified,A2,A2,A2_1,cefrj_plus_primary_heuristic,general_language,general_english,,,candidate,unreviewed,confirm_sense | confirm_primary_stage | add_learner_definition_en | add_learner_meaning_vi | add_forms_and_grammar | add_example_and_media
pv_were_verb,were,verb,unspecified,A1,A1,A1_2,cefrj_plus_primary_heuristic,general_language,general_english,,,candidate,unreviewed,confirm_sense | confirm_primary_stage | add_learner_definition_en | add_learner_meaning_vi | add_forms_and_grammar | add_example_and_media
pv_west_adjective,west,adjective,unspecified,A2,A2,A2_2,cefrj_plus_primary_heuristic,general_language,general_english,,,candidate,unreviewed,confirm_sense | confirm_primary_stage | add_learner_definition_en | add_learner_meaning_vi | add_forms_and_grammar | add_example_and_media
pv_west_adverb,west,adverb,unspecified,A2,A2,A2_2,cefrj_plus_primary_heuristic,general_language,general_english,,,candidate,unreviewed,confirm_sense | confirm_primary_stage | add_learner_definition_en | add_learner_meaning_vi | add_forms_and_grammar | add_example_and_media
pv_what_determiner,what,determiner,unspecified,A1,PRE_A1,PRE_A1_2,cefrj_plus_primary_heuristic,general_language,general_english,,,candidate,unreviewed,confirm_sense | confirm_primary_stage | add_learner_definition_en | add_learner_meaning_vi | add_forms_and_grammar | add_example_and_media
pv_what_pronoun,what,pronoun,unspecified,A1,PRE_A1,PRE_A1_2,cefrj_plus_primary_heuristic,general_language,general_english,,,candidate,unreviewed,confirm_sense | confirm_primary_stage | add_learner_definition_en | add_learner_meaning_vi | add_forms_and_grammar | add_example_and_media
pv_whatever_determiner,whatever,determiner,unspecified,A2,A2,A2_1,cefrj_plus_primary_heuristic,general_language,general_english,,,candidate,unreviewed,confirm_sense | confirm_primary_stage | add_learner_definition_en | add_learner_meaning_vi | add_forms_and_grammar | add_example_and_media
pv_wheel_noun,wheel,noun,unspecified,A1,A1,A1_2,cefrj_plus_primary_heuristic,travel_transport,general_english,,Travel,candidate,unreviewed,confirm_sense | confirm_primary_stage | add_learner_definition_en | add_learner_meaning_vi | add_forms_and_grammar | add_example_and_media
pv_wheelchair_noun,wheelchair,noun,unspecified,A2,A2,A2_1,cefrj_plus_primary_heuristic,town_services,general_english,,"Things in the town, shops and shopping | Travel",candidate,unreviewed,confirm_sense | confirm_primary_stage | add_learner_definition_en | add_learner_meaning_vi | add_forms_and_grammar | add_example_and_media
pv_when_adverb,when,adverb,unspecified,A1,A1,A1_1,cefrj_plus_primary_heuristic,general_language,general_english,,,candidate,unreviewed,confirm_sense | confirm_primary_stage | add_learner_definition_en | add_learner_meaning_vi | add_forms_and_grammar | add_example_and_media
pv_when_conjunction,when,conjunction,unspecified,A1,PRE_A1,PRE_A1_1,cefrj_plus_primary_heuristic,general_language,general_english,,,candidate,unreviewed,confirm_sense | confirm_primary_stage | add_learner_definition_en | add_learner_meaning_vi | add_forms_and_grammar | add_example_and_media
pv_where_adverb,where,adverb,unspecified,A1,PRE_A1,PRE_A1_2,cefrj_plus_primary_heuristic,general_language,general_english,,,candidate,unreviewed,confirm_sense | confirm_primary_stage | add_learner_definition_en | add_learner_meaning_vi | add_forms_and_grammar | add_example_and_media
pv_where_conjunction,where,conjunction,unspecified,A1,PRE_A1,PRE_A1_2,cefrj_plus_primary_heuristic,general_language,general_english,,,candidate,unreviewed,confirm_sense | confirm_primary_stage | add_learner_definition_en | add_learner_meaning_vi | add_forms_and_grammar | add_example_and_media
pv_which_determiner,which,determiner,unspecified,A1,PRE_A1,PRE_A1_2,cefrj_plus_primary_heuristic,general_language,general_english,,,candidate,unreviewed,confirm_sense | confirm_primary_stage | add_learner_definition_en | add_learner_meaning_vi | add_forms_and_grammar | add_example_and_media
pv_which_pronoun,which,pronoun,unspecified,A1,PRE_A1,PRE_A1_1,cefrj_plus_primary_heuristic,general_language,general_english,,,candidate,unreviewed,confirm_sense | confirm_primary_stage | add_learner_definition_en | add_learner_meaning_vi | add_forms_and_grammar | add_example_and_media
pv_while_conjunction,while,conjunction,unspecified,A2,A2,A2_1,cefrj_plus_primary_heuristic,general_language,general_english,,,candidate,unreviewed,confirm_sense | confirm_primary_stage | add_learner_definition_en | add_learner_meaning_vi | add_forms_and_grammar | add_example_and_media
pv_white_adjective,white,adjective,unspecified,A1,A1,A1_2,cefrj_plus_primary_heuristic,general_language,general_english,,,candidate,unreviewed,confirm_sense | confirm_primary_stage | add_learner_definition_en | add_learner_meaning_vi | add_forms_and_grammar | add_example_and_media
pv_white_noun,white,noun,unspecified,A1,PRE_A1,PRE_A1_2,cefrj_plus_primary_heuristic,colors_shapes,general_english,,Colours,candidate,unreviewed,confirm_sense | confirm_primary_stage | add_learner_definition_en | add_learner_meaning_vi | add_forms_and_grammar | add_example_and_media
pv_who_pronoun,who,pronoun,unspecified,A1,PRE_A1,PRE_A1_2,cefrj_plus_primary_heuristic,general_language,general_english,,,candidate,unreviewed,confirm_sense | confirm_primary_stage | add_learner_definition_en | add_learner_meaning_vi | add_forms_and_grammar | add_example_and_media
pv_whom_pronoun,whom,pronoun,unspecified,A2,A2,A2_2,cefrj_plus_primary_heuristic,general_language,general_english,,,candidate,unreviewed,confirm_sense | confirm_primary_stage | add_learner_definition_en | add_learner_meaning_vi | add_forms_and_grammar | add_example_and_media
pv_whose_determiner,whose,determiner,unspecified,A1,PRE_A1,PRE_A1_1,cefrj_plus_primary_heuristic,general_language,general_english,,,candidate,unreviewed,confirm_sense | confirm_primary_stage | add_learner_definition_en | add_learner_meaning_vi | add_forms_and_grammar | add_example_and_media
pv_whose_pronoun,whose,pronoun,unspecified,A1,PRE_A1,PRE_A1_1,cefrj_plus_primary_heuristic,general_language,general_english,,,candidate,unreviewed,confirm_sense | confirm_primary_stage | add_learner_definition_en | add_learner_meaning_vi | add_forms_and_grammar | add_example_and_media
pv_why_adverb,why,adverb,unspecified,A1,PRE_A1,PRE_A1_1,cefrj_plus_primary_heuristic,general_language,general_english,,,candidate,unreviewed,confirm_sense | confirm_primary_stage | add_learner_definition_en | add_learner_meaning_vi | add_forms_and_grammar | add_example_and_media
pv_wide_adjective,wide,adjective,unspecified,A2,A2,A2_2,cefrj_plus_primary_heuristic,general_language,general_english,,,candidate,unreviewed,confirm_sense | confirm_primary_stage | add_learner_definition_en | add_learner_meaning_vi | add_forms_and_grammar | add_example_and_media
pv_wide_adverb,wide,adverb,unspecified,A2,A2,A2_2,cefrj_plus_primary_heuristic,general_language,general_english,,,candidate,unreviewed,confirm_sense | confirm_primary_stage | add_learner_definition_en | add_learner_meaning_vi | add_forms_and_grammar | add_example_and_media
pv_widely_adverb,widely,adverb,unspecified,A2,A2,A2_1,cefrj_plus_primary_heuristic,general_language,general_english,,,candidate,unreviewed,confirm_sense | confirm_primary_stage | add_learner_definition_en | add_learner_meaning_vi | add_forms_and_grammar | add_example_and_media
pv_wife_noun,wife,noun,unspecified,A1,PRE_A1,PRE_A1_2,cefrj_plus_primary_heuristic,family_friends,general_english,,Family life | Personal identification,candidate,unreviewed,confirm_sense | confirm_primary_stage | add_learner_definition_en | add_learner_meaning_vi | add_forms_and_grammar | add_example_and_media
pv_wild_adjective,wild,adjective,unspecified,A2,A2,A2_1,cefrj_plus_primary_heuristic,general_language,general_english,,,candidate,unreviewed,confirm_sense | confirm_primary_stage | add_learner_definition_en | add_learner_meaning_vi | add_forms_and_grammar | add_example_and_media
pv_will_modal,will,modal,unspecified,A1,PRE_A1,PRE_A1_2,cefrj_plus_primary_heuristic,general_language,general_english,,,candidate,unreviewed,confirm_sense | confirm_primary_stage | add_learner_definition_en | add_learner_meaning_vi | add_forms_and_grammar | add_example_and_media
pv_win_verb,win,verb,unspecified,A1,A1,A1_2,cefrj_plus_primary_heuristic,general_language,general_english,,,candidate,unreviewed,confirm_sense | confirm_primary_stage | add_learner_definition_en | add_learner_meaning_vi | add_forms_and_grammar | add_example_and_media
pv_wind_noun,wind,noun,unspecified,A1,PRE_A1,PRE_A1_2,cefrj_plus_primary_heuristic,weather_seasons,general_english,,Weather,candidate,unreviewed,confirm_sense | confirm_primary_stage | add_learner_definition_en | add_learner_meaning_vi | add_forms_and_grammar | add_example_and_media
pv_window_noun,window,noun,unspecified,A1,PRE_A1,PRE_A1_2,cefrj_plus_primary_heuristic,home_objects,general_english,,"Objects and rooms | House and home, environment",candidate,unreviewed,confirm_sense | confirm_primary_stage | add_learner_definition_en | add_learner_meaning_vi | add_forms_and_grammar | add_example_and_media
pv_windy_adjective,windy,adjective,unspecified,A2,A2,A2_2,cefrj_plus_primary_heuristic,general_language,general_english,,,candidate,unreviewed,confirm_sense | confirm_primary_stage | add_learner_definition_en | add_learner_meaning_vi | add_forms_and_grammar | add_example_and_media
pv_winner_noun,winner,noun,unspecified,A2,A2,A2_2,cefrj_plus_primary_heuristic,people_identity,general_english,,Personal identification,candidate,unreviewed,confirm_sense | confirm_primary_stage | add_learner_definition_en | add_learner_meaning_vi | add_forms_and_grammar | add_example_and_media
pv_winter_noun,winter,noun,unspecified,A1,A1,A1_1,cefrj_plus_primary_heuristic,general_language,general_english,,,candidate,unreviewed,confirm_sense | confirm_primary_stage | add_learner_definition_en | add_learner_meaning_vi | add_forms_and_grammar | add_example_and_media
pv_wise_adjective,wise,adjective,unspecified,A2,A2,A2_1,cefrj_plus_primary_heuristic,general_language,general_english,,,candidate,unreviewed,confirm_sense | confirm_primary_stage | add_learner_definition_en | add_learner_meaning_vi | add_forms_and_grammar | add_example_and_media
pv_wish_noun,wish,noun,unspecified,A1,A1,A1_1,cefrj_plus_primary_heuristic,general_language,general_english,,,candidate,unreviewed,confirm_sense | confirm_primary_stage | add_learner_definition_en | add_learner_meaning_vi | add_forms_and_grammar | add_example_and_media
pv_wish_verb,wish,verb,unspecified,A2,A2,A2_2,cefrj_plus_primary_heuristic,general_language,general_english,,,candidate,unreviewed,confirm_sense | confirm_primary_stage | add_learner_definition_en | add_learner_meaning_vi | add_forms_and_grammar | add_example_and_media
pv_with_preposition,with,preposition,unspecified,A1,PRE_A1,PRE_A1_2,cefrj_plus_primary_heuristic,general_language,general_english,,,candidate,unreviewed,confirm_sense | confirm_primary_stage | add_learner_definition_en | add_learner_meaning_vi | add_forms_and_grammar | add_example_and_media
pv_within_preposition,within,preposition,unspecified,A2,A2,A2_1,cefrj_plus_primary_heuristic,general_language,general_english,,,candidate,unreviewed,confirm_sense | confirm_primary_stage | add_learner_definition_en | add_learner_meaning_vi | add_forms_and_grammar | add_example_and_media
pv_without_preposition,without,preposition,unspecified,A2,A2,A2_1,cefrj_plus_primary_heuristic,general_language,general_english,,,candidate,unreviewed,confirm_sense | confirm_primary_stage | add_learner_definition_en | add_learner_meaning_vi | add_forms_and_grammar | add_example_and_media
pv_woman_noun,woman,noun,unspecified,A1,A1,A1_1,cefrj_plus_primary_heuristic,people_identity,general_english,,Personal identification,candidate,unreviewed,confirm_sense | confirm_primary_stage | add_learner_definition_en | add_learner_meaning_vi | add_forms_and_grammar | add_example_and_media
pv_wonder_verb,wonder,verb,unspecified,A2,A2,A2_1,cefrj_plus_primary_heuristic,general_language,general_english,,,candidate,unreviewed,confirm_sense | confirm_primary_stage | add_learner_definition_en | add_learner_meaning_vi | add_forms_and_grammar | add_example_and_media
pv_wonderful_adjective,wonderful,adjective,unspecified,A1,PRE_A1,PRE_A1_1,cefrj_plus_primary_heuristic,general_language,general_english,,,candidate,unreviewed,confirm_sense | confirm_primary_stage | add_learner_definition_en | add_learner_meaning_vi | add_forms_and_grammar | add_example_and_media
pv_wood_noun,wood,noun,unspecified,A2,A2,A2_1,cefrj_plus_primary_heuristic,home_environment,general_english,,"House and home, environment",candidate,unreviewed,confirm_sense | confirm_primary_stage | add_learner_definition_en | add_learner_meaning_vi | add_forms_and_grammar | add_example_and_media
pv_wooden_adjective,wooden,adjective,unspecified,A2,A2,A2_1,cefrj_plus_primary_heuristic,general_language,general_english,,,candidate,unreviewed,confirm_sense | confirm_primary_stage | add_learner_definition_en | add_learner_meaning_vi | add_forms_and_grammar | add_example_and_media
pv_wool_noun,wool,noun,unspecified,A2,A2,A2_1,cefrj_plus_primary_heuristic,clothes_appearance,general_english,,Clothes | Shopping,candidate,unreviewed,confirm_sense | confirm_primary_stage | add_learner_definition_en | add_learner_meaning_vi | add_forms_and_grammar | add_example_and_media
pv_word_noun,word,noun,unspecified,A1,PRE_A1,PRE_A1_1,cefrj_plus_primary_heuristic,stories_reading,general_english,,Books and literature | Services,candidate,unreviewed,confirm_sense | confirm_primary_stage | add_learner_definition_en | add_learner_meaning_vi | add_forms_and_grammar | add_example_and_media
pv_work_noun,work,noun,unspecified,A1,A1,A1_1,cefrj_plus_primary_heuristic,jobs_community,general_english,,Work and Jobs | Daily life,candidate,unreviewed,confirm_sense | confirm_primary_stage | add_learner_definition_en | add_learner_meaning_vi | add_forms_and_grammar | add_example_and_media
pv_work_verb,work,verb,unspecified,A1,A1,A1_1,cefrj_plus_primary_heuristic,general_language,general_english,,,candidate,unreviewed,confirm_sense | confirm_primary_stage | add_learner_definition_en | add_learner_meaning_vi | add_forms_and_grammar | add_example_and_media
pv_worker_noun,worker,noun,unspecified,A1,A1,A1_2,cefrj_plus_primary_heuristic,jobs_community,general_english,,Work and Jobs | Personal identification,candidate,unreviewed,confirm_sense | confirm_primary_stage | add_learner_definition_en | add_learner_meaning_vi | add_forms_and_grammar | add_example_and_media
pv_world_noun,world,noun,unspecified,A1,A1,A1_1,cefrj_plus_primary_heuristic,world_places,general_english,,"Nationalities and countries | House and home, environment",candidate,unreviewed,confirm_sense | confirm_primary_stage | add_learner_definition_en | add_learner_meaning_vi | add_forms_and_grammar | add_example_and_media
pv_worldwide_adverb,worldwide,adverb,unspecified,A2,A2,A2_2,cefrj_plus_primary_heuristic,general_language,general_english,,,candidate,unreviewed,confirm_sense | confirm_primary_stage | add_learner_definition_en | add_learner_meaning_vi | add_forms_and_grammar | add_example_and_media
pv_worried_adjective,worried,adjective,unspecified,A2,A2,A2_2,cefrj_plus_primary_heuristic,general_language,general_english,,,candidate,unreviewed,confirm_sense | confirm_primary_stage | add_learner_definition_en | add_learner_meaning_vi | add_forms_and_grammar | add_example_and_media
pv_worry_noun,worry,noun,unspecified,A1,A1,A1_1,cefrj_plus_primary_heuristic,general_language,general_english,,,candidate,unreviewed,confirm_sense | confirm_primary_stage | add_learner_definition_en | add_learner_meaning_vi | add_forms_and_grammar | add_example_and_media
pv_worry_verb,worry,verb,unspecified,A2,A2,A2_2,cefrj_plus_primary_heuristic,general_language,general_english,,,candidate,unreviewed,confirm_sense | confirm_primary_stage | add_learner_definition_en | add_learner_meaning_vi | add_forms_and_grammar | add_example_and_media
pv_worse_adjective,worse,adjective,unspecified,A2,A2,A2_1,cefrj_plus_primary_heuristic,general_language,general_english,,,candidate,unreviewed,confirm_sense | confirm_primary_stage | add_learner_definition_en | add_learner_meaning_vi | add_forms_and_grammar | add_example_and_media
pv_worse_adverb,worse,adverb,unspecified,A2,A2,A2_1,cefrj_plus_primary_heuristic,general_language,general_english,,,candidate,unreviewed,confirm_sense | confirm_primary_stage | add_learner_definition_en | add_learner_meaning_vi | add_forms_and_grammar | add_example_and_media
pv_worst_adjective,worst,adjective,unspecified,A2,A2,A2_2,cefrj_plus_primary_heuristic,general_language,general_english,,,candidate,unreviewed,confirm_sense | confirm_primary_stage | add_learner_definition_en | add_learner_meaning_vi | add_forms_and_grammar | add_example_and_media
pv_would_modal,would,modal,unspecified,A1,PRE_A1,PRE_A1_1,cefrj_plus_primary_heuristic,general_language,general_english,,,candidate,unreviewed,confirm_sense | confirm_primary_stage | add_learner_definition_en | add_learner_meaning_vi | add_forms_and_grammar | add_example_and_media
pv_write_verb,write,verb,unspecified,A1,A1,A1_2,cefrj_plus_primary_heuristic,general_language,general_english,,,candidate,unreviewed,confirm_sense | confirm_primary_stage | add_learner_definition_en | add_learner_meaning_vi | add_forms_and_grammar | add_example_and_media
pv_writer_noun,writer,noun,unspecified,A1,A1,A1_2,cefrj_plus_primary_heuristic,jobs_community,general_english,,Work and Jobs | Books and literature | Personal identification,candidate,unreviewed,confirm_sense | confirm_primary_stage | add_learner_definition_en | add_learner_meaning_vi | add_forms_and_grammar | add_example_and_media
pv_wrong_adjective,wrong,adjective,unspecified,A1,A1,A1_1,cefrj_plus_primary_heuristic,general_language,general_english,,,candidate,unreviewed,confirm_sense | confirm_primary_stage | add_learner_definition_en | add_learner_meaning_vi | add_forms_and_grammar | add_example_and_media
pv_wrong_adverb,wrong,adverb,unspecified,A2,A2,A2_1,cefrj_plus_primary_heuristic,general_language,general_english,,,candidate,unreviewed,confirm_sense | confirm_primary_stage | add_learner_definition_en | add_learner_meaning_vi | add_forms_and_grammar | add_example_and_media
pv_yard_noun,yard,noun,unspecified,A1,PRE_A1,PRE_A1_2,cefrj_plus_primary_heuristic,home_objects,general_english,,"Objects and rooms | House and home, environment",candidate,unreviewed,confirm_sense | confirm_primary_stage | add_learner_definition_en | add_learner_meaning_vi | add_forms_and_grammar | add_example_and_media
pv_yeah_adverb,yeah,adverb,unspecified,A2,A2,A2_1,cefrj_plus_primary_heuristic,general_language,general_english,,,candidate,unreviewed,confirm_sense | confirm_primary_stage | add_learner_definition_en | add_learner_meaning_vi | add_forms_and_grammar | add_example_and_media
pv_year_noun,year,noun,unspecified,A1,PRE_A1,PRE_A1_2,cefrj_plus_primary_heuristic,general_language,general_english,,,candidate,unreviewed,confirm_sense | confirm_primary_stage | add_learner_definition_en | add_learner_meaning_vi | add_forms_and_grammar | add_example_and_media
pv_yellow_adjective,yellow,adjective,unspecified,A1,PRE_A1,PRE_A1_1,cefrj_plus_primary_heuristic,general_language,general_english,,,candidate,unreviewed,confirm_sense | confirm_primary_stage | add_learner_definition_en | add_learner_meaning_vi | add_forms_and_grammar | add_example_and_media
pv_yellow_noun,yellow,noun,unspecified,A1,A1,A1_2,cefrj_plus_primary_heuristic,colors_shapes,general_english,,Colours,candidate,unreviewed,confirm_sense | confirm_primary_stage | add_learner_definition_en | add_learner_meaning_vi | add_forms_and_grammar | add_example_and_media
pv_yes_adverb,yes,adverb,unspecified,A1,PRE_A1,PRE_A1_2,cefrj_plus_primary_heuristic,general_language,general_english,,,candidate,unreviewed,confirm_sense | confirm_primary_stage | add_learner_definition_en | add_learner_meaning_vi | add_forms_and_grammar | add_example_and_media
pv_yesterday_adverb,yesterday,adverb,unspecified,A1,PRE_A1,PRE_A1_1,cefrj_plus_primary_heuristic,general_language,general_english,,,candidate,unreviewed,confirm_sense | confirm_primary_stage | add_learner_definition_en | add_learner_meaning_vi | add_forms_and_grammar | add_example_and_media
pv_yet_adverb,yet,adverb,unspecified,A1,A1,A1_2,cefrj_plus_primary_heuristic,general_language,general_english,,,candidate,unreviewed,confirm_sense | confirm_primary_stage | add_learner_definition_en | add_learner_meaning_vi | add_forms_and_grammar | add_example_and_media
pv_yogurt_noun,yogurt,noun,unspecified,A1,PRE_A1,PRE_A1_1,cefrj_plus_primary_heuristic,food_drink,general_english,yoghurt,Food and drink | Food and drink,candidate,unreviewed,confirm_sense | confirm_primary_stage | add_learner_definition_en | add_learner_meaning_vi | add_forms_and_grammar | add_example_and_media
pv_you_pronoun,you,pronoun,unspecified,A1,PRE_A1,PRE_A1_1,cefrj_plus_primary_heuristic,general_language,general_english,,,candidate,unreviewed,confirm_sense | confirm_primary_stage | add_learner_definition_en | add_learner_meaning_vi | add_forms_and_grammar | add_example_and_media
pv_young_adjective,young,adjective,unspecified,A1,PRE_A1,PRE_A1_2,cefrj_plus_primary_heuristic,general_language,general_english,,,candidate,unreviewed,confirm_sense | confirm_primary_stage | add_learner_definition_en | add_learner_meaning_vi | add_forms_and_grammar | add_example_and_media
pv_your_determiner,your,determiner,unspecified,A1,PRE_A1,PRE_A1_1,cefrj_plus_primary_heuristic,general_language,general_english,,,candidate,unreviewed,confirm_sense | confirm_primary_stage | add_learner_definition_en | add_learner_meaning_vi | add_forms_and_grammar | add_example_and_media
pv_yours_pronoun,yours,pronoun,unspecified,A1,PRE_A1,PRE_A1_1,cefrj_plus_primary_heuristic,general_language,general_english,,,candidate,unreviewed,confirm_sense | confirm_primary_stage | add_learner_definition_en | add_learner_meaning_vi | add_forms_and_grammar | add_example_and_media
pv_yourself_pronoun,yourself,pronoun,unspecified,A1,PRE_A1,PRE_A1_1,cefrj_plus_primary_heuristic,general_language,general_english,,,candidate,unreviewed,confirm_sense | confirm_primary_stage | add_learner_definition_en | add_learner_meaning_vi | add_forms_and_grammar | add_example_and_media
pv_zoo_noun,zoo,noun,unspecified,A1,A1,A1_2,cefrj_plus_primary_heuristic,world_places,general_english,,Places,candidate,unreviewed,confirm_sense | confirm_primary_stage | add_learner_definition_en | add_learner_meaning_vi | add_forms_and_grammar | add_example_and_media
